Index       TIME             V(CLK)            V(DONE)           V(INIT)        V(OP_A_3_0_)      V(OP_B_3_0_)        V(RESET)       V(RESULT_7_0_)  
0        0.00000000e+00    0.00000000e+00    0.00000000e+00    0.00000000e+00    0.00000000e+00    0.00000000e+00    0.00000000e+00    0.00000000e+00
1        1.00000000e-11    0.00000000e+00    0.00000000e+00    0.00000000e+00    0.00000000e+00    0.00000000e+00    0.00000000e+00    0.00000000e+00
2        3.00000000e-11    0.00000000e+00    0.00000000e+00    0.00000000e+00    0.00000000e+00    0.00000000e+00    0.00000000e+00    0.00000000e+00
3        7.00000000e-11    0.00000000e+00    0.00000000e+00    0.00000000e+00    0.00000000e+00    0.00000000e+00    0.00000000e+00    0.00000000e+00
4        1.50000000e-10    0.00000000e+00    0.00000000e+00    0.00000000e+00    0.00000000e+00    0.00000000e+00    0.00000000e+00    0.00000000e+00
5        3.10000000e-10    0.00000000e+00    0.00000000e+00    0.00000000e+00    0.00000000e+00    0.00000000e+00    0.00000000e+00    0.00000000e+00
6        6.30000000e-10    0.00000000e+00    0.00000000e+00    0.00000000e+00    0.00000000e+00    0.00000000e+00    0.00000000e+00    0.00000000e+00
7        1.27000000e-09    0.00000000e+00    0.00000000e+00    0.00000000e+00    0.00000000e+00    0.00000000e+00    0.00000000e+00    0.00000000e+00
8        2.55000000e-09    0.00000000e+00    0.00000000e+00    0.00000000e+00    0.00000000e+00    0.00000000e+00    0.00000000e+00    0.00000000e+00
9        5.11000000e-09    0.00000000e+00    0.00000000e+00    0.00000000e+00    0.00000000e+00    0.00000000e+00    0.00000000e+00    0.00000000e+00
10       9.99999000e-09    0.00000000e+00    0.00000000e+00    0.00000000e+00    0.00000000e+00    0.00000000e+00    0.00000000e+00    0.00000000e+00
11       9.99999000e-09    7.03124928e-04    0.00000000e+00    0.00000000e+00    0.00000000e+00    0.00000000e+00    0.00000000e+00    0.00000000e+00
12       9.99999001e-09    1.28451832e-03    0.00000000e+00    0.00000000e+00    0.00000000e+00    0.00000000e+00    0.00000000e+00    0.00000000e+00
13       9.99999001e-09    2.44730539e-03    0.00000000e+00    0.00000000e+00    0.00000000e+00    0.00000000e+00    0.00000000e+00    0.00000000e+00
14       9.99999003e-09    4.77287925e-03    0.00000000e+00    0.00000000e+00    0.00000000e+00    0.00000000e+00    0.00000000e+00    0.00000000e+00
15       9.99999005e-09    9.42402726e-03    0.00000000e+00    0.00000000e+00    0.00000000e+00    0.00000000e+00    0.00000000e+00    0.00000000e+00
16       9.99999010e-09    1.87263233e-02    0.00000000e+00    0.00000000e+00    0.00000000e+00    0.00000000e+00    0.00000000e+00    0.00000000e+00
17       9.99999021e-09    3.73309150e-02    0.00000000e+00    0.00000000e+00    0.00000000e+00    0.00000000e+00    0.00000000e+00    0.00000000e+00
18       9.99999041e-09    7.45400988e-02    0.00000000e+00    0.00000000e+00    0.00000000e+00    0.00000000e+00    0.00000000e+00    0.00000000e+00
19       9.99999083e-09    1.48958466e-01    0.00000000e+00    0.00000000e+00    0.00000000e+00    0.00000000e+00    0.00000000e+00    0.00000000e+00
20       9.99999165e-09    2.97795201e-01    0.00000000e+00    0.00000000e+00    0.00000000e+00    0.00000000e+00    0.00000000e+00    0.00000000e+00
21       9.99999331e-09    5.95468672e-01    0.00000000e+00    0.00000000e+00    0.00000000e+00    0.00000000e+00    0.00000000e+00    0.00000000e+00
22       9.99999662e-09    1.19081561e+00    0.00000000e+00    0.00000000e+00    0.00000000e+00    0.00000000e+00    0.00000000e+00    0.00000000e+00
23       1.00000000e-08    1.80000000e+00    0.00000000e+00    0.00000000e+00    0.00000000e+00    0.00000000e+00    0.00000000e+00    0.00000000e+00
24       1.00000007e-08    1.80000000e+00    0.00000000e+00    0.00000000e+00    0.00000000e+00    0.00000000e+00    0.00000000e+00    0.00000000e+00
25       1.00000020e-08    1.80000000e+00    0.00000000e+00    0.00000000e+00    0.00000000e+00    0.00000000e+00    0.00000000e+00    0.00000000e+00
26       1.00000046e-08    1.80000000e+00    0.00000000e+00    0.00000000e+00    0.00000000e+00    0.00000000e+00    0.00000000e+00    0.00000000e+00
27       1.00000099e-08    1.80000000e+00    0.00000000e+00    0.00000000e+00    0.00000000e+00    0.00000000e+00    0.00000000e+00    0.00000000e+00
28       1.00000205e-08    1.80000000e+00    0.00000000e+00    0.00000000e+00    0.00000000e+00    0.00000000e+00    0.00000000e+00    0.00000000e+00
29       1.00000417e-08    1.80000000e+00    0.00000000e+00    0.00000000e+00    0.00000000e+00    0.00000000e+00    0.00000000e+00    0.00000000e+00
30       1.00000840e-08    1.80000000e+00    0.00000000e+00    0.00000000e+00    0.00000000e+00    0.00000000e+00    0.00000000e+00    0.00000000e+00
31       1.00001687e-08    1.80000000e+00    0.00000000e+00    0.00000000e+00    0.00000000e+00    0.00000000e+00    0.00000000e+00    0.00000000e+00
32       1.00003380e-08    1.80000000e+00    0.00000000e+00    0.00000000e+00    0.00000000e+00    0.00000000e+00    0.00000000e+00    0.00000000e+00
33       1.00006767e-08    1.80000000e+00    0.00000000e+00    0.00000000e+00    0.00000000e+00    0.00000000e+00    0.00000000e+00    0.00000000e+00
34       1.00013541e-08    1.80000000e+00    0.00000000e+00    0.00000000e+00    0.00000000e+00    0.00000000e+00    0.00000000e+00    0.00000000e+00
35       1.00027088e-08    1.80000000e+00    0.00000000e+00    0.00000000e+00    0.00000000e+00    0.00000000e+00    0.00000000e+00    0.00000000e+00
36       1.00054183e-08    1.80000000e+00    0.00000000e+00    0.00000000e+00    0.00000000e+00    0.00000000e+00    0.00000000e+00    0.00000000e+00
37       1.00108373e-08    1.80000000e+00    0.00000000e+00    0.00000000e+00    0.00000000e+00    0.00000000e+00    0.00000000e+00    0.00000000e+00
38       1.00216753e-08    1.80000000e+00    0.00000000e+00    0.00000000e+00    0.00000000e+00    0.00000000e+00    0.00000000e+00    0.00000000e+00
39       1.00433512e-08    1.80000000e+00    0.00000000e+00    0.00000000e+00    0.00000000e+00    0.00000000e+00    0.00000000e+00    0.00000000e+00
40       1.00867030e-08    1.80000000e+00    0.00000000e+00    0.00000000e+00    0.00000000e+00    0.00000000e+00    0.00000000e+00    0.00000000e+00
41       1.01734067e-08    1.80000000e+00    0.00000000e+00    0.00000000e+00    0.00000000e+00    0.00000000e+00    0.00000000e+00    0.00000000e+00
42       1.03468141e-08    1.80000000e+00    0.00000000e+00    0.00000000e+00    0.00000000e+00    0.00000000e+00    0.00000000e+00    0.00000000e+00
43       1.06936288e-08    1.80000000e+00    0.00000000e+00    0.00000000e+00    0.00000000e+00    0.00000000e+00    0.00000000e+00    0.00000000e+00
44       1.13872583e-08    1.80000000e+00    0.00000000e+00    0.00000000e+00    0.00000000e+00    0.00000000e+00    0.00000000e+00    0.00000000e+00
45       1.27745172e-08    1.80000000e+00    0.00000000e+00    0.00000000e+00    0.00000000e+00    0.00000000e+00    0.00000000e+00    0.00000000e+00
46       1.55490350e-08    1.80000000e+00    0.00000000e+00    0.00000000e+00    0.00000000e+00    0.00000000e+00    0.00000000e+00    0.00000000e+00
47       1.99999900e-08    1.80000000e+00    0.00000000e+00    0.00000000e+00    0.00000000e+00    0.00000000e+00    0.00000000e+00    0.00000000e+00
48       1.99999901e-08    1.78875000e+00    0.00000000e+00    0.00000000e+00    0.00000000e+00    0.00000000e+00    1.12500000e-02    0.00000000e+00
49       1.99999901e-08    1.77750000e+00    0.00000000e+00    0.00000000e+00    0.00000000e+00    0.00000000e+00    2.25000001e-02    0.00000000e+00
50       1.99999903e-08    1.75500000e+00    0.00000000e+00    0.00000000e+00    0.00000000e+00    0.00000000e+00    4.50000002e-02    0.00000000e+00
51       1.99999905e-08    1.71000000e+00    0.00000000e+00    0.00000000e+00    0.00000000e+00    0.00000000e+00    9.00000003e-02    0.00000000e+00
52       1.99999910e-08    1.62000000e+00    0.00000000e+00    0.00000000e+00    0.00000000e+00    0.00000000e+00    1.80000000e-01    0.00000000e+00
53       1.99999920e-08    1.44000000e+00    0.00000000e+00    0.00000000e+00    0.00000000e+00    0.00000000e+00    3.60000000e-01    0.00000000e+00
54       1.99999940e-08    1.08000000e+00    0.00000000e+00    0.00000000e+00    0.00000000e+00    0.00000000e+00    7.20000000e-01    0.00000000e+00
55       1.99999980e-08    3.60000000e-01    0.00000000e+00    0.00000000e+00    0.00000000e+00    0.00000000e+00    1.44000000e+00    0.00000000e+00
56       2.00000000e-08    0.00000000e+00    0.00000000e+00    0.00000000e+00    0.00000000e+00    0.00000000e+00    1.80000000e+00    0.00000000e+00
57       2.00000008e-08    0.00000000e+00    0.00000000e+00    0.00000000e+00    0.00000000e+00    0.00000000e+00    1.80000000e+00    0.00000000e+00
58       2.00000024e-08    0.00000000e+00    0.00000000e+00    0.00000000e+00    0.00000000e+00    0.00000000e+00    1.80000000e+00    0.00000000e+00
59       2.00000056e-08    0.00000000e+00    0.00000000e+00    0.00000000e+00    0.00000000e+00    0.00000000e+00    1.80000000e+00    0.00000000e+00
60       2.00000120e-08    0.00000000e+00    0.00000000e+00    0.00000000e+00    0.00000000e+00    0.00000000e+00    1.80000000e+00    0.00000000e+00
61       2.00000248e-08    0.00000000e+00    0.00000000e+00    0.00000000e+00    0.00000000e+00    0.00000000e+00    1.80000000e+00    0.00000000e+00
62       2.00000504e-08    0.00000000e+00    0.00000000e+00    0.00000000e+00    0.00000000e+00    0.00000000e+00    1.80000000e+00    0.00000000e+00
63       2.00001016e-08    0.00000000e+00    0.00000000e+00    0.00000000e+00    0.00000000e+00    0.00000000e+00    1.80000000e+00    0.00000000e+00
64       2.00002040e-08    0.00000000e+00    0.00000000e+00    0.00000000e+00    0.00000000e+00    0.00000000e+00    1.80000000e+00    0.00000000e+00
65       2.00004088e-08    0.00000000e+00    0.00000000e+00    0.00000000e+00    0.00000000e+00    0.00000000e+00    1.80000000e+00    0.00000000e+00
66       2.00008184e-08    0.00000000e+00    0.00000000e+00    0.00000000e+00    0.00000000e+00    0.00000000e+00    1.80000000e+00    0.00000000e+00
67       2.00016376e-08    0.00000000e+00    0.00000000e+00    0.00000000e+00    0.00000000e+00    0.00000000e+00    1.80000000e+00    0.00000000e+00
68       2.00032760e-08    0.00000000e+00    0.00000000e+00    0.00000000e+00    0.00000000e+00    0.00000000e+00    1.80000000e+00    0.00000000e+00
69       2.00065528e-08    0.00000000e+00    0.00000000e+00    0.00000000e+00    0.00000000e+00    0.00000000e+00    1.80000000e+00    0.00000000e+00
70       2.00131064e-08    0.00000000e+00    0.00000000e+00    0.00000000e+00    0.00000000e+00    0.00000000e+00    1.80000000e+00    0.00000000e+00
71       2.00262136e-08    0.00000000e+00    0.00000000e+00    0.00000000e+00    0.00000000e+00    0.00000000e+00    1.80000000e+00    0.00000000e+00
72       2.00524280e-08    0.00000000e+00    0.00000000e+00    0.00000000e+00    0.00000000e+00    0.00000000e+00    1.80000000e+00    0.00000000e+00
73       2.01048568e-08    0.00000000e+00    0.00000000e+00    0.00000000e+00    0.00000000e+00    0.00000000e+00    1.80000000e+00    0.00000000e+00
74       2.02097144e-08    0.00000000e+00    0.00000000e+00    0.00000000e+00    0.00000000e+00    0.00000000e+00    1.80000000e+00    0.00000000e+00
75       2.04194296e-08    0.00000000e+00    0.00000000e+00    0.00000000e+00    0.00000000e+00    0.00000000e+00    1.80000000e+00    0.00000000e+00
76       2.08388600e-08    0.00000000e+00    0.00000000e+00    0.00000000e+00    0.00000000e+00    0.00000000e+00    1.80000000e+00    0.00000000e+00
77       2.16777208e-08    0.00000000e+00    0.00000000e+00    0.00000000e+00    0.00000000e+00    0.00000000e+00    1.80000000e+00    0.00000000e+00
78       2.33554424e-08    0.00000000e+00    0.00000000e+00    0.00000000e+00    0.00000000e+00    0.00000000e+00    1.80000000e+00    0.00000000e+00
79       2.67108856e-08    0.00000000e+00    0.00000000e+00    0.00000000e+00    0.00000000e+00    0.00000000e+00    1.80000000e+00    0.00000000e+00
80       2.99999900e-08    0.00000000e+00    0.00000000e+00    0.00000000e+00    0.00000000e+00    0.00000000e+00    1.80000000e+00    0.00000000e+00
81       2.99999901e-08    1.12500000e-02    0.00000000e+00    0.00000000e+00    0.00000000e+00    0.00000000e+00    1.80000000e+00    0.00000000e+00
82       2.99999902e-08    3.37500001e-02    0.00000000e+00    0.00000000e+00    0.00000000e+00    0.00000000e+00    1.80000000e+00    0.00000000e+00
83       2.99999904e-08    7.87500003e-02    0.00000000e+00    0.00000000e+00    0.00000000e+00    0.00000000e+00    1.80000000e+00    0.00000000e+00
84       2.99999909e-08    1.68750001e-01    0.00000000e+00    0.00000000e+00    0.00000000e+00    0.00000000e+00    1.80000000e+00    0.00000000e+00
85       2.99999919e-08    3.48750000e-01    0.00000000e+00    0.00000000e+00    0.00000000e+00    0.00000000e+00    1.80000000e+00    0.00000000e+00
86       2.99999939e-08    7.08750000e-01    0.00000000e+00    0.00000000e+00    0.00000000e+00    0.00000000e+00    1.80000000e+00    0.00000000e+00
87       2.99999979e-08    1.42875000e+00    0.00000000e+00    0.00000000e+00    0.00000000e+00    0.00000000e+00    1.80000000e+00    0.00000000e+00
88       3.00000000e-08    1.80000000e+00    0.00000000e+00    0.00000000e+00    0.00000000e+00    0.00000000e+00    1.80000000e+00    0.00000000e+00
89       3.00000008e-08    1.80000000e+00    0.00000000e+00    0.00000000e+00    0.00000000e+00    0.00000000e+00    1.80000000e+00    0.00000000e+00
90       3.00000024e-08    1.80000000e+00    0.00000000e+00    0.00000000e+00    0.00000000e+00    0.00000000e+00    1.80000000e+00    0.00000000e+00
91       3.00000056e-08    1.80000000e+00    0.00000000e+00    0.00000000e+00    0.00000000e+00    0.00000000e+00    1.80000000e+00    0.00000000e+00
92       3.00000120e-08    1.80000000e+00    0.00000000e+00    0.00000000e+00    0.00000000e+00    0.00000000e+00    1.80000000e+00    0.00000000e+00
93       3.00000248e-08    1.80000000e+00    0.00000000e+00    0.00000000e+00    0.00000000e+00    0.00000000e+00    1.80000000e+00    0.00000000e+00
94       3.00000504e-08    1.80000000e+00    0.00000000e+00    0.00000000e+00    0.00000000e+00    0.00000000e+00    1.80000000e+00    0.00000000e+00
95       3.00001016e-08    1.80000000e+00    0.00000000e+00    0.00000000e+00    0.00000000e+00    0.00000000e+00    1.80000000e+00    0.00000000e+00
96       3.00002040e-08    1.80000000e+00    0.00000000e+00    0.00000000e+00    0.00000000e+00    0.00000000e+00    1.80000000e+00    0.00000000e+00
97       3.00004088e-08    1.80000000e+00    0.00000000e+00    0.00000000e+00    0.00000000e+00    0.00000000e+00    1.80000000e+00    0.00000000e+00
98       3.00008184e-08    1.80000000e+00    0.00000000e+00    0.00000000e+00    0.00000000e+00    0.00000000e+00    1.80000000e+00    0.00000000e+00
99       3.00016376e-08    1.80000000e+00    0.00000000e+00    0.00000000e+00    0.00000000e+00    0.00000000e+00    1.80000000e+00    0.00000000e+00
100      3.00032760e-08    1.80000000e+00    0.00000000e+00    0.00000000e+00    0.00000000e+00    0.00000000e+00    1.80000000e+00    0.00000000e+00
101      3.00065528e-08    1.80000000e+00    0.00000000e+00    0.00000000e+00    0.00000000e+00    0.00000000e+00    1.80000000e+00    0.00000000e+00
102      3.00131064e-08    1.80000000e+00    0.00000000e+00    0.00000000e+00    0.00000000e+00    0.00000000e+00    1.80000000e+00    0.00000000e+00
103      3.00262136e-08    1.80000000e+00    0.00000000e+00    0.00000000e+00    0.00000000e+00    0.00000000e+00    1.80000000e+00    0.00000000e+00
104      3.00524280e-08    1.80000000e+00    0.00000000e+00    0.00000000e+00    0.00000000e+00    0.00000000e+00    1.80000000e+00    0.00000000e+00
105      3.01048568e-08    1.80000000e+00    0.00000000e+00    0.00000000e+00    0.00000000e+00    0.00000000e+00    1.80000000e+00    0.00000000e+00
106      3.02097144e-08    1.80000000e+00    0.00000000e+00    0.00000000e+00    0.00000000e+00    0.00000000e+00    1.80000000e+00    0.00000000e+00
107      3.04194296e-08    1.80000000e+00    0.00000000e+00    0.00000000e+00    0.00000000e+00    0.00000000e+00    1.80000000e+00    0.00000000e+00
108      3.08388600e-08    1.80000000e+00    0.00000000e+00    0.00000000e+00    0.00000000e+00    0.00000000e+00    1.80000000e+00    0.00000000e+00
109      3.16777208e-08    1.80000000e+00    0.00000000e+00    0.00000000e+00    0.00000000e+00    0.00000000e+00    1.80000000e+00    0.00000000e+00
110      3.33554424e-08    1.80000000e+00    0.00000000e+00    0.00000000e+00    0.00000000e+00    0.00000000e+00    1.80000000e+00    0.00000000e+00
111      3.67108856e-08    1.80000000e+00    0.00000000e+00    0.00000000e+00    0.00000000e+00    0.00000000e+00    1.80000000e+00    0.00000000e+00
112      3.99999900e-08    1.80000000e+00    0.00000000e+00    0.00000000e+00    0.00000000e+00    0.00000000e+00    1.80000000e+00    0.00000000e+00
113      3.99999901e-08    1.78875000e+00    0.00000000e+00    0.00000000e+00    0.00000000e+00    0.00000000e+00    1.78875000e+00    0.00000000e+00
114      3.99999901e-08    1.77750000e+00    0.00000000e+00    0.00000000e+00    0.00000000e+00    0.00000000e+00    1.77750000e+00    0.00000000e+00
115      3.99999902e-08    1.75500000e+00    0.00000000e+00    0.00000000e+00    0.00000000e+00    0.00000000e+00    1.75500000e+00    0.00000000e+00
116      3.99999905e-08    1.71000000e+00    0.00000000e+00    0.00000000e+00    0.00000000e+00    0.00000000e+00    1.71000000e+00    0.00000000e+00
117      3.99999910e-08    1.62000000e+00    0.00000000e+00    0.00000000e+00    0.00000000e+00    0.00000000e+00    1.62000000e+00    0.00000000e+00
118      3.99999920e-08    1.44000000e+00    0.00000000e+00    0.00000000e+00    0.00000000e+00    0.00000000e+00    1.44000000e+00    0.00000000e+00
119      3.99999940e-08    1.08000000e+00    0.00000000e+00    0.00000000e+00    0.00000000e+00    0.00000000e+00    1.08000000e+00    0.00000000e+00
120      3.99999980e-08    3.60000000e-01    0.00000000e+00    0.00000000e+00    0.00000000e+00    0.00000000e+00    3.60000000e-01    0.00000000e+00
121      4.00000000e-08    0.00000000e+00    0.00000000e+00    0.00000000e+00    0.00000000e+00    0.00000000e+00    0.00000000e+00    0.00000000e+00
122      4.00000008e-08    0.00000000e+00    0.00000000e+00    0.00000000e+00    0.00000000e+00    0.00000000e+00    0.00000000e+00    0.00000000e+00
123      4.00000024e-08    0.00000000e+00    0.00000000e+00    0.00000000e+00    0.00000000e+00    0.00000000e+00    0.00000000e+00    0.00000000e+00
124      4.00000056e-08    0.00000000e+00    0.00000000e+00    0.00000000e+00    0.00000000e+00    0.00000000e+00    0.00000000e+00    0.00000000e+00
125      4.00000120e-08    0.00000000e+00    0.00000000e+00    0.00000000e+00    0.00000000e+00    0.00000000e+00    0.00000000e+00    0.00000000e+00
126      4.00000248e-08    0.00000000e+00    0.00000000e+00    0.00000000e+00    0.00000000e+00    0.00000000e+00    0.00000000e+00    0.00000000e+00
127      4.00000504e-08    0.00000000e+00    0.00000000e+00    0.00000000e+00    0.00000000e+00    0.00000000e+00    0.00000000e+00    0.00000000e+00
128      4.00001016e-08    0.00000000e+00    0.00000000e+00    0.00000000e+00    0.00000000e+00    0.00000000e+00    0.00000000e+00    0.00000000e+00
129      4.00002040e-08    0.00000000e+00    0.00000000e+00    0.00000000e+00    0.00000000e+00    0.00000000e+00    0.00000000e+00    0.00000000e+00
130      4.00004088e-08    0.00000000e+00    0.00000000e+00    0.00000000e+00    0.00000000e+00    0.00000000e+00    0.00000000e+00    0.00000000e+00
131      4.00008184e-08    0.00000000e+00    0.00000000e+00    0.00000000e+00    0.00000000e+00    0.00000000e+00    0.00000000e+00    0.00000000e+00
132      4.00016376e-08    0.00000000e+00    0.00000000e+00    0.00000000e+00    0.00000000e+00    0.00000000e+00    0.00000000e+00    0.00000000e+00
133      4.00032760e-08    0.00000000e+00    0.00000000e+00    0.00000000e+00    0.00000000e+00    0.00000000e+00    0.00000000e+00    0.00000000e+00
134      4.00065528e-08    0.00000000e+00    0.00000000e+00    0.00000000e+00    0.00000000e+00    0.00000000e+00    0.00000000e+00    0.00000000e+00
135      4.00131064e-08    0.00000000e+00    0.00000000e+00    0.00000000e+00    0.00000000e+00    0.00000000e+00    0.00000000e+00    0.00000000e+00
136      4.00262136e-08    0.00000000e+00    0.00000000e+00    0.00000000e+00    0.00000000e+00    0.00000000e+00    0.00000000e+00    0.00000000e+00
137      4.00524280e-08    0.00000000e+00    0.00000000e+00    0.00000000e+00    0.00000000e+00    0.00000000e+00    0.00000000e+00    0.00000000e+00
138      4.01048568e-08    0.00000000e+00    0.00000000e+00    0.00000000e+00    0.00000000e+00    0.00000000e+00    0.00000000e+00    0.00000000e+00
139      4.02097144e-08    0.00000000e+00    0.00000000e+00    0.00000000e+00    0.00000000e+00    0.00000000e+00    0.00000000e+00    0.00000000e+00
140      4.04194296e-08    0.00000000e+00    0.00000000e+00    0.00000000e+00    0.00000000e+00    0.00000000e+00    0.00000000e+00    0.00000000e+00
141      4.08388600e-08    0.00000000e+00    0.00000000e+00    0.00000000e+00    0.00000000e+00    0.00000000e+00    0.00000000e+00    0.00000000e+00
142      4.16777208e-08    0.00000000e+00    0.00000000e+00    0.00000000e+00    0.00000000e+00    0.00000000e+00    0.00000000e+00    0.00000000e+00
143      4.33554424e-08    0.00000000e+00    0.00000000e+00    0.00000000e+00    0.00000000e+00    0.00000000e+00    0.00000000e+00    0.00000000e+00
144      4.67108856e-08    0.00000000e+00    0.00000000e+00    0.00000000e+00    0.00000000e+00    0.00000000e+00    0.00000000e+00    0.00000000e+00
145      4.99999900e-08    0.00000000e+00    0.00000000e+00    0.00000000e+00    0.00000000e+00    0.00000000e+00    0.00000000e+00    0.00000000e+00
146      4.99999900e-08    7.03125226e-04    0.00000000e+00    0.00000000e+00    0.00000000e+00    0.00000000e+00    0.00000000e+00    0.00000000e+00
147      4.99999900e-08    1.28451832e-03    0.00000000e+00    0.00000000e+00    0.00000000e+00    0.00000000e+00    0.00000000e+00    0.00000000e+00
148      4.99999900e-08    2.44730450e-03    0.00000000e+00    0.00000000e+00    0.00000000e+00    0.00000000e+00    0.00000000e+00    0.00000000e+00
149      4.99999900e-08    4.77287806e-03    0.00000000e+00    0.00000000e+00    0.00000000e+00    0.00000000e+00    0.00000000e+00    0.00000000e+00
150      4.99999901e-08    9.42402517e-03    0.00000000e+00    0.00000000e+00    0.00000000e+00    0.00000000e+00    0.00000000e+00    0.00000000e+00
151      4.99999901e-08    1.87263194e-02    0.00000000e+00    0.00000000e+00    0.00000000e+00    0.00000000e+00    0.00000000e+00    0.00000000e+00
152      4.99999902e-08    3.73309079e-02    0.00000000e+00    0.00000000e+00    0.00000000e+00    0.00000000e+00    0.00000000e+00    0.00000000e+00
153      4.99999904e-08    7.45400836e-02    0.00000000e+00    0.00000000e+00    0.00000000e+00    0.00000000e+00    0.00000000e+00    0.00000000e+00
154      4.99999908e-08    1.48958435e-01    0.00000000e+00    0.00000000e+00    0.00000000e+00    0.00000000e+00    0.00000000e+00    0.00000000e+00
155      4.99999917e-08    2.97795139e-01    0.00000000e+00    0.00000000e+00    0.00000000e+00    0.00000000e+00    0.00000000e+00    0.00000000e+00
156      4.99999933e-08    5.95468546e-01    0.00000000e+00    0.00000000e+00    0.00000000e+00    0.00000000e+00    0.00000000e+00    0.00000000e+00
157      4.99999966e-08    1.19081536e+00    0.00000000e+00    0.00000000e+00    0.00000000e+00    0.00000000e+00    0.00000000e+00    0.00000000e+00
158      5.00000000e-08    1.80000000e+00    0.00000000e+00    0.00000000e+00    0.00000000e+00    0.00000000e+00    0.00000000e+00    0.00000000e+00
159      5.00000007e-08    1.80000000e+00    0.00000000e+00    0.00000000e+00    0.00000000e+00    0.00000000e+00    0.00000000e+00    0.00000000e+00
160      5.00000020e-08    1.80000000e+00    0.00000000e+00    0.00000000e+00    0.00000000e+00    0.00000000e+00    0.00000000e+00    0.00000000e+00
161      5.00000046e-08    1.80000000e+00    0.00000000e+00    0.00000000e+00    0.00000000e+00    0.00000000e+00    0.00000000e+00    0.00000000e+00
162      5.00000099e-08    1.80000000e+00    0.00000000e+00    0.00000000e+00    0.00000000e+00    0.00000000e+00    0.00000000e+00    0.00000000e+00
163      5.00000205e-08    1.80000000e+00    0.00000000e+00    0.00000000e+00    0.00000000e+00    0.00000000e+00    0.00000000e+00    0.00000000e+00
164      5.00000417e-08    1.80000000e+00    0.00000000e+00    0.00000000e+00    0.00000000e+00    0.00000000e+00    0.00000000e+00    0.00000000e+00
165      5.00000840e-08    1.80000000e+00    0.00000000e+00    0.00000000e+00    0.00000000e+00    0.00000000e+00    0.00000000e+00    0.00000000e+00
166      5.00001687e-08    1.80000000e+00    0.00000000e+00    0.00000000e+00    0.00000000e+00    0.00000000e+00    0.00000000e+00    0.00000000e+00
167      5.00003380e-08    1.80000000e+00    0.00000000e+00    0.00000000e+00    0.00000000e+00    0.00000000e+00    0.00000000e+00    0.00000000e+00
168      5.00006767e-08    1.80000000e+00    0.00000000e+00    0.00000000e+00    0.00000000e+00    0.00000000e+00    0.00000000e+00    0.00000000e+00
169      5.00013541e-08    1.80000000e+00    0.00000000e+00    0.00000000e+00    0.00000000e+00    0.00000000e+00    0.00000000e+00    0.00000000e+00
170      5.00027088e-08    1.80000000e+00    0.00000000e+00    0.00000000e+00    0.00000000e+00    0.00000000e+00    0.00000000e+00    0.00000000e+00
171      5.00054183e-08    1.80000000e+00    0.00000000e+00    0.00000000e+00    0.00000000e+00    0.00000000e+00    0.00000000e+00    0.00000000e+00
172      5.00108373e-08    1.80000000e+00    0.00000000e+00    0.00000000e+00    0.00000000e+00    0.00000000e+00    0.00000000e+00    0.00000000e+00
173      5.00216753e-08    1.80000000e+00    0.00000000e+00    0.00000000e+00    0.00000000e+00    0.00000000e+00    0.00000000e+00    0.00000000e+00
174      5.00433512e-08    1.80000000e+00    0.00000000e+00    0.00000000e+00    0.00000000e+00    0.00000000e+00    0.00000000e+00    0.00000000e+00
175      5.00867030e-08    1.80000000e+00    0.00000000e+00    0.00000000e+00    0.00000000e+00    0.00000000e+00    0.00000000e+00    0.00000000e+00
176      5.01734067e-08    1.80000000e+00    0.00000000e+00    0.00000000e+00    0.00000000e+00    0.00000000e+00    0.00000000e+00    0.00000000e+00
177      5.03468140e-08    1.80000000e+00    0.00000000e+00    0.00000000e+00    0.00000000e+00    0.00000000e+00    0.00000000e+00    0.00000000e+00
178      5.06936287e-08    1.80000000e+00    0.00000000e+00    0.00000000e+00    0.00000000e+00    0.00000000e+00    0.00000000e+00    0.00000000e+00
179      5.13872580e-08    1.80000000e+00    0.00000000e+00    0.00000000e+00    0.00000000e+00    0.00000000e+00    0.00000000e+00    0.00000000e+00
180      5.27745166e-08    1.80000000e+00    0.00000000e+00    0.00000000e+00    0.00000000e+00    0.00000000e+00    0.00000000e+00    0.00000000e+00
181      5.55490338e-08    1.80000000e+00    0.00000000e+00    0.00000000e+00    0.00000000e+00    0.00000000e+00    0.00000000e+00    0.00000000e+00
182      5.99999900e-08    1.80000000e+00    0.00000000e+00    0.00000000e+00    0.00000000e+00    0.00000000e+00    0.00000000e+00    0.00000000e+00
183      5.99999901e-08    1.78875000e+00    0.00000000e+00    0.00000000e+00    0.00000000e+00    0.00000000e+00    0.00000000e+00    0.00000000e+00
184      5.99999902e-08    1.76625000e+00    0.00000000e+00    0.00000000e+00    0.00000000e+00    0.00000000e+00    0.00000000e+00    0.00000000e+00
185      5.99999904e-08    1.72125000e+00    0.00000000e+00    0.00000000e+00    0.00000000e+00    0.00000000e+00    0.00000000e+00    0.00000000e+00
186      5.99999909e-08    1.63125000e+00    0.00000000e+00    0.00000000e+00    0.00000000e+00    0.00000000e+00    0.00000000e+00    0.00000000e+00
187      5.99999919e-08    1.45125000e+00    0.00000000e+00    0.00000000e+00    0.00000000e+00    0.00000000e+00    0.00000000e+00    0.00000000e+00
188      5.99999939e-08    1.09125000e+00    0.00000000e+00    0.00000000e+00    0.00000000e+00    0.00000000e+00    0.00000000e+00    0.00000000e+00
189      5.99999979e-08    3.71250000e-01    0.00000000e+00    0.00000000e+00    0.00000000e+00    0.00000000e+00    0.00000000e+00    0.00000000e+00
190      6.00000000e-08    0.00000000e+00    0.00000000e+00    0.00000000e+00    0.00000000e+00    0.00000000e+00    0.00000000e+00    0.00000000e+00
191      6.00000008e-08    0.00000000e+00    0.00000000e+00    0.00000000e+00    0.00000000e+00    0.00000000e+00    0.00000000e+00    0.00000000e+00
192      6.00000024e-08    0.00000000e+00    0.00000000e+00    0.00000000e+00    0.00000000e+00    0.00000000e+00    0.00000000e+00    0.00000000e+00
193      6.00000056e-08    0.00000000e+00    0.00000000e+00    0.00000000e+00    0.00000000e+00    0.00000000e+00    0.00000000e+00    0.00000000e+00
194      6.00000120e-08    0.00000000e+00    0.00000000e+00    0.00000000e+00    0.00000000e+00    0.00000000e+00    0.00000000e+00    0.00000000e+00
195      6.00000248e-08    0.00000000e+00    0.00000000e+00    0.00000000e+00    0.00000000e+00    0.00000000e+00    0.00000000e+00    0.00000000e+00
196      6.00000504e-08    0.00000000e+00    0.00000000e+00    0.00000000e+00    0.00000000e+00    0.00000000e+00    0.00000000e+00    0.00000000e+00
197      6.00001016e-08    0.00000000e+00    0.00000000e+00    0.00000000e+00    0.00000000e+00    0.00000000e+00    0.00000000e+00    0.00000000e+00
198      6.00002040e-08    0.00000000e+00    0.00000000e+00    0.00000000e+00    0.00000000e+00    0.00000000e+00    0.00000000e+00    0.00000000e+00
199      6.00004088e-08    0.00000000e+00    0.00000000e+00    0.00000000e+00    0.00000000e+00    0.00000000e+00    0.00000000e+00    0.00000000e+00
200      6.00008184e-08    0.00000000e+00    0.00000000e+00    0.00000000e+00    0.00000000e+00    0.00000000e+00    0.00000000e+00    0.00000000e+00
201      6.00016376e-08    0.00000000e+00    0.00000000e+00    0.00000000e+00    0.00000000e+00    0.00000000e+00    0.00000000e+00    0.00000000e+00
202      6.00032760e-08    0.00000000e+00    0.00000000e+00    0.00000000e+00    0.00000000e+00    0.00000000e+00    0.00000000e+00    0.00000000e+00
203      6.00065528e-08    0.00000000e+00    0.00000000e+00    0.00000000e+00    0.00000000e+00    0.00000000e+00    0.00000000e+00    0.00000000e+00
204      6.00131064e-08    0.00000000e+00    0.00000000e+00    0.00000000e+00    0.00000000e+00    0.00000000e+00    0.00000000e+00    0.00000000e+00
205      6.00262136e-08    0.00000000e+00    0.00000000e+00    0.00000000e+00    0.00000000e+00    0.00000000e+00    0.00000000e+00    0.00000000e+00
206      6.00524280e-08    0.00000000e+00    0.00000000e+00    0.00000000e+00    0.00000000e+00    0.00000000e+00    0.00000000e+00    0.00000000e+00
207      6.01048568e-08    0.00000000e+00    0.00000000e+00    0.00000000e+00    0.00000000e+00    0.00000000e+00    0.00000000e+00    0.00000000e+00
208      6.02097144e-08    0.00000000e+00    0.00000000e+00    0.00000000e+00    0.00000000e+00    0.00000000e+00    0.00000000e+00    0.00000000e+00
209      6.04194296e-08    0.00000000e+00    0.00000000e+00    0.00000000e+00    0.00000000e+00    0.00000000e+00    0.00000000e+00    0.00000000e+00
210      6.08388600e-08    0.00000000e+00    0.00000000e+00    0.00000000e+00    0.00000000e+00    0.00000000e+00    0.00000000e+00    0.00000000e+00
211      6.16777208e-08    0.00000000e+00    0.00000000e+00    0.00000000e+00    0.00000000e+00    0.00000000e+00    0.00000000e+00    0.00000000e+00
212      6.33554424e-08    0.00000000e+00    0.00000000e+00    0.00000000e+00    0.00000000e+00    0.00000000e+00    0.00000000e+00    0.00000000e+00
213      6.67108856e-08    0.00000000e+00    0.00000000e+00    0.00000000e+00    0.00000000e+00    0.00000000e+00    0.00000000e+00    0.00000000e+00
214      6.99999900e-08    0.00000000e+00    0.00000000e+00    0.00000000e+00    0.00000000e+00    0.00000000e+00    0.00000000e+00    0.00000000e+00
215      6.99999900e-08    7.03125226e-04    0.00000000e+00    0.00000000e+00    0.00000000e+00    0.00000000e+00    0.00000000e+00    0.00000000e+00
216      6.99999900e-08    1.28451832e-03    0.00000000e+00    0.00000000e+00    0.00000000e+00    0.00000000e+00    0.00000000e+00    0.00000000e+00
217      6.99999900e-08    2.44730450e-03    0.00000000e+00    0.00000000e+00    0.00000000e+00    0.00000000e+00    0.00000000e+00    0.00000000e+00
218      6.99999900e-08    4.77287687e-03    0.00000000e+00    0.00000000e+00    0.00000000e+00    0.00000000e+00    0.00000000e+00    0.00000000e+00
219      6.99999901e-08    9.42402399e-03    0.00000000e+00    0.00000000e+00    0.00000000e+00    0.00000000e+00    0.00000000e+00    0.00000000e+00
220      6.99999901e-08    1.87263182e-02    0.00000000e+00    0.00000000e+00    0.00000000e+00    0.00000000e+00    0.00000000e+00    0.00000000e+00
221      6.99999902e-08    3.73309067e-02    0.00000000e+00    0.00000000e+00    0.00000000e+00    0.00000000e+00    0.00000000e+00    0.00000000e+00
222      6.99999904e-08    7.45400836e-02    0.00000000e+00    0.00000000e+00    0.00000000e+00    0.00000000e+00    0.00000000e+00    0.00000000e+00
223      6.99999908e-08    1.48958435e-01    0.00000000e+00    0.00000000e+00    0.00000000e+00    0.00000000e+00    0.00000000e+00    0.00000000e+00
224      6.99999917e-08    2.97795138e-01    0.00000000e+00    0.00000000e+00    0.00000000e+00    0.00000000e+00    0.00000000e+00    0.00000000e+00
225      6.99999933e-08    5.95468544e-01    0.00000000e+00    0.00000000e+00    0.00000000e+00    0.00000000e+00    0.00000000e+00    0.00000000e+00
226      6.99999966e-08    1.19081536e+00    0.00000000e+00    0.00000000e+00    0.00000000e+00    0.00000000e+00    0.00000000e+00    0.00000000e+00
227      7.00000000e-08    1.80000000e+00    0.00000000e+00    0.00000000e+00    0.00000000e+00    0.00000000e+00    0.00000000e+00    0.00000000e+00
228      7.00000007e-08    1.80000000e+00    0.00000000e+00    0.00000000e+00    0.00000000e+00    0.00000000e+00    0.00000000e+00    0.00000000e+00
229      7.00000020e-08    1.80000000e+00    0.00000000e+00    0.00000000e+00    0.00000000e+00    0.00000000e+00    0.00000000e+00    0.00000000e+00
230      7.00000046e-08    1.80000000e+00    0.00000000e+00    0.00000000e+00    0.00000000e+00    0.00000000e+00    0.00000000e+00    0.00000000e+00
231      7.00000099e-08    1.80000000e+00    0.00000000e+00    0.00000000e+00    0.00000000e+00    0.00000000e+00    0.00000000e+00    0.00000000e+00
232      7.00000205e-08    1.80000000e+00    0.00000000e+00    0.00000000e+00    0.00000000e+00    0.00000000e+00    0.00000000e+00    0.00000000e+00
233      7.00000417e-08    1.80000000e+00    0.00000000e+00    0.00000000e+00    0.00000000e+00    0.00000000e+00    0.00000000e+00    0.00000000e+00
234      7.00000840e-08    1.80000000e+00    0.00000000e+00    0.00000000e+00    0.00000000e+00    0.00000000e+00    0.00000000e+00    0.00000000e+00
235      7.00001687e-08    1.80000000e+00    0.00000000e+00    0.00000000e+00    0.00000000e+00    0.00000000e+00    0.00000000e+00    0.00000000e+00
236      7.00003380e-08    1.80000000e+00    0.00000000e+00    0.00000000e+00    0.00000000e+00    0.00000000e+00    0.00000000e+00    0.00000000e+00
237      7.00006767e-08    1.80000000e+00    0.00000000e+00    0.00000000e+00    0.00000000e+00    0.00000000e+00    0.00000000e+00    0.00000000e+00
238      7.00013541e-08    1.80000000e+00    0.00000000e+00    0.00000000e+00    0.00000000e+00    0.00000000e+00    0.00000000e+00    0.00000000e+00
239      7.00027088e-08    1.80000000e+00    0.00000000e+00    0.00000000e+00    0.00000000e+00    0.00000000e+00    0.00000000e+00    0.00000000e+00
240      7.00054183e-08    1.80000000e+00    0.00000000e+00    0.00000000e+00    0.00000000e+00    0.00000000e+00    0.00000000e+00    0.00000000e+00
241      7.00108373e-08    1.80000000e+00    0.00000000e+00    0.00000000e+00    0.00000000e+00    0.00000000e+00    0.00000000e+00    0.00000000e+00
242      7.00216753e-08    1.80000000e+00    0.00000000e+00    0.00000000e+00    0.00000000e+00    0.00000000e+00    0.00000000e+00    0.00000000e+00
243      7.00433512e-08    1.80000000e+00    0.00000000e+00    0.00000000e+00    0.00000000e+00    0.00000000e+00    0.00000000e+00    0.00000000e+00
244      7.00867030e-08    1.80000000e+00    0.00000000e+00    0.00000000e+00    0.00000000e+00    0.00000000e+00    0.00000000e+00    0.00000000e+00
245      7.01734067e-08    1.80000000e+00    0.00000000e+00    0.00000000e+00    0.00000000e+00    0.00000000e+00    0.00000000e+00    0.00000000e+00
246      7.03468140e-08    1.80000000e+00    0.00000000e+00    0.00000000e+00    0.00000000e+00    0.00000000e+00    0.00000000e+00    0.00000000e+00
247      7.06936287e-08    1.80000000e+00    0.00000000e+00    0.00000000e+00    0.00000000e+00    0.00000000e+00    0.00000000e+00    0.00000000e+00
248      7.13872580e-08    1.80000000e+00    0.00000000e+00    0.00000000e+00    0.00000000e+00    0.00000000e+00    0.00000000e+00    0.00000000e+00
249      7.27745166e-08    1.80000000e+00    0.00000000e+00    0.00000000e+00    0.00000000e+00    0.00000000e+00    0.00000000e+00    0.00000000e+00
250      7.55490338e-08    1.80000000e+00    0.00000000e+00    0.00000000e+00    0.00000000e+00    0.00000000e+00    0.00000000e+00    0.00000000e+00
251      7.99999900e-08    1.80000000e+00    0.00000000e+00    0.00000000e+00    0.00000000e+00    0.00000000e+00    0.00000000e+00    0.00000000e+00
252      7.99999901e-08    1.78875000e+00    0.00000000e+00    0.00000000e+00    0.00000000e+00    0.00000000e+00    0.00000000e+00    0.00000000e+00
253      7.99999902e-08    1.76625000e+00    0.00000000e+00    0.00000000e+00    0.00000000e+00    0.00000000e+00    0.00000000e+00    0.00000000e+00
254      7.99999904e-08    1.72125000e+00    0.00000000e+00    0.00000000e+00    0.00000000e+00    0.00000000e+00    0.00000000e+00    0.00000000e+00
255      7.99999909e-08    1.63125000e+00    0.00000000e+00    0.00000000e+00    0.00000000e+00    0.00000000e+00    0.00000000e+00    0.00000000e+00
256      7.99999919e-08    1.45125000e+00    0.00000000e+00    0.00000000e+00    0.00000000e+00    0.00000000e+00    0.00000000e+00    0.00000000e+00
257      7.99999939e-08    1.09125000e+00    0.00000000e+00    0.00000000e+00    0.00000000e+00    0.00000000e+00    0.00000000e+00    0.00000000e+00
258      7.99999979e-08    3.71250000e-01    0.00000000e+00    0.00000000e+00    0.00000000e+00    0.00000000e+00    0.00000000e+00    0.00000000e+00
259      8.00000000e-08    0.00000000e+00    0.00000000e+00    0.00000000e+00    0.00000000e+00    0.00000000e+00    0.00000000e+00    0.00000000e+00
260      8.00000008e-08    0.00000000e+00    0.00000000e+00    0.00000000e+00    0.00000000e+00    0.00000000e+00    0.00000000e+00    0.00000000e+00
261      8.00000024e-08    0.00000000e+00    0.00000000e+00    0.00000000e+00    0.00000000e+00    0.00000000e+00    0.00000000e+00    0.00000000e+00
262      8.00000056e-08    0.00000000e+00    0.00000000e+00    0.00000000e+00    0.00000000e+00    0.00000000e+00    0.00000000e+00    0.00000000e+00
263      8.00000120e-08    0.00000000e+00    0.00000000e+00    0.00000000e+00    0.00000000e+00    0.00000000e+00    0.00000000e+00    0.00000000e+00
264      8.00000248e-08    0.00000000e+00    0.00000000e+00    0.00000000e+00    0.00000000e+00    0.00000000e+00    0.00000000e+00    0.00000000e+00
265      8.00000504e-08    0.00000000e+00    0.00000000e+00    0.00000000e+00    0.00000000e+00    0.00000000e+00    0.00000000e+00    0.00000000e+00
266      8.00001016e-08    0.00000000e+00    0.00000000e+00    0.00000000e+00    0.00000000e+00    0.00000000e+00    0.00000000e+00    0.00000000e+00
267      8.00002040e-08    0.00000000e+00    0.00000000e+00    0.00000000e+00    0.00000000e+00    0.00000000e+00    0.00000000e+00    0.00000000e+00
268      8.00004088e-08    0.00000000e+00    0.00000000e+00    0.00000000e+00    0.00000000e+00    0.00000000e+00    0.00000000e+00    0.00000000e+00
269      8.00008184e-08    0.00000000e+00    0.00000000e+00    0.00000000e+00    0.00000000e+00    0.00000000e+00    0.00000000e+00    0.00000000e+00
270      8.00016376e-08    0.00000000e+00    0.00000000e+00    0.00000000e+00    0.00000000e+00    0.00000000e+00    0.00000000e+00    0.00000000e+00
271      8.00032760e-08    0.00000000e+00    0.00000000e+00    0.00000000e+00    0.00000000e+00    0.00000000e+00    0.00000000e+00    0.00000000e+00
272      8.00065528e-08    0.00000000e+00    0.00000000e+00    0.00000000e+00    0.00000000e+00    0.00000000e+00    0.00000000e+00    0.00000000e+00
273      8.00131064e-08    0.00000000e+00    0.00000000e+00    0.00000000e+00    0.00000000e+00    0.00000000e+00    0.00000000e+00    0.00000000e+00
274      8.00262136e-08    0.00000000e+00    0.00000000e+00    0.00000000e+00    0.00000000e+00    0.00000000e+00    0.00000000e+00    0.00000000e+00
275      8.00524280e-08    0.00000000e+00    0.00000000e+00    0.00000000e+00    0.00000000e+00    0.00000000e+00    0.00000000e+00    0.00000000e+00
276      8.01048568e-08    0.00000000e+00    0.00000000e+00    0.00000000e+00    0.00000000e+00    0.00000000e+00    0.00000000e+00    0.00000000e+00
277      8.02097144e-08    0.00000000e+00    0.00000000e+00    0.00000000e+00    0.00000000e+00    0.00000000e+00    0.00000000e+00    0.00000000e+00
278      8.04194296e-08    0.00000000e+00    0.00000000e+00    0.00000000e+00    0.00000000e+00    0.00000000e+00    0.00000000e+00    0.00000000e+00
279      8.08388600e-08    0.00000000e+00    0.00000000e+00    0.00000000e+00    0.00000000e+00    0.00000000e+00    0.00000000e+00    0.00000000e+00
280      8.16777208e-08    0.00000000e+00    0.00000000e+00    0.00000000e+00    0.00000000e+00    0.00000000e+00    0.00000000e+00    0.00000000e+00
281      8.33554424e-08    0.00000000e+00    0.00000000e+00    0.00000000e+00    0.00000000e+00    0.00000000e+00    0.00000000e+00    0.00000000e+00
282      8.67108856e-08    0.00000000e+00    0.00000000e+00    0.00000000e+00    0.00000000e+00    0.00000000e+00    0.00000000e+00    0.00000000e+00
283      8.99999900e-08    0.00000000e+00    0.00000000e+00    0.00000000e+00    0.00000000e+00    0.00000000e+00    0.00000000e+00    0.00000000e+00
284      8.99999900e-08    7.03125226e-04    0.00000000e+00    0.00000000e+00    0.00000000e+00    0.00000000e+00    0.00000000e+00    0.00000000e+00
285      8.99999900e-08    1.28451832e-03    0.00000000e+00    0.00000000e+00    0.00000000e+00    0.00000000e+00    0.00000000e+00    0.00000000e+00
286      8.99999900e-08    2.44730450e-03    0.00000000e+00    0.00000000e+00    0.00000000e+00    0.00000000e+00    0.00000000e+00    0.00000000e+00
287      8.99999900e-08    4.77287687e-03    0.00000000e+00    0.00000000e+00    0.00000000e+00    0.00000000e+00    0.00000000e+00    0.00000000e+00
288      8.99999901e-08    9.42402399e-03    0.00000000e+00    0.00000000e+00    0.00000000e+00    0.00000000e+00    0.00000000e+00    0.00000000e+00
289      8.99999901e-08    1.87263182e-02    0.00000000e+00    0.00000000e+00    0.00000000e+00    0.00000000e+00    0.00000000e+00    0.00000000e+00
290      8.99999902e-08    3.73309067e-02    0.00000000e+00    0.00000000e+00    0.00000000e+00    0.00000000e+00    0.00000000e+00    0.00000000e+00
291      8.99999904e-08    7.45400836e-02    0.00000000e+00    0.00000000e+00    0.00000000e+00    0.00000000e+00    0.00000000e+00    0.00000000e+00
292      8.99999908e-08    1.48958435e-01    0.00000000e+00    0.00000000e+00    0.00000000e+00    0.00000000e+00    0.00000000e+00    0.00000000e+00
293      8.99999917e-08    2.97795138e-01    0.00000000e+00    0.00000000e+00    0.00000000e+00    0.00000000e+00    0.00000000e+00    0.00000000e+00
294      8.99999933e-08    5.95468544e-01    0.00000000e+00    0.00000000e+00    0.00000000e+00    0.00000000e+00    0.00000000e+00    0.00000000e+00
295      8.99999966e-08    1.19081536e+00    0.00000000e+00    0.00000000e+00    0.00000000e+00    0.00000000e+00    0.00000000e+00    0.00000000e+00
296      9.00000000e-08    1.80000000e+00    0.00000000e+00    0.00000000e+00    0.00000000e+00    0.00000000e+00    0.00000000e+00    0.00000000e+00
297      9.00000007e-08    1.80000000e+00    0.00000000e+00    0.00000000e+00    0.00000000e+00    0.00000000e+00    0.00000000e+00    0.00000000e+00
298      9.00000020e-08    1.80000000e+00    0.00000000e+00    0.00000000e+00    0.00000000e+00    0.00000000e+00    0.00000000e+00    0.00000000e+00
299      9.00000046e-08    1.80000000e+00    0.00000000e+00    0.00000000e+00    0.00000000e+00    0.00000000e+00    0.00000000e+00    0.00000000e+00
300      9.00000099e-08    1.80000000e+00    0.00000000e+00    0.00000000e+00    0.00000000e+00    0.00000000e+00    0.00000000e+00    0.00000000e+00
301      9.00000205e-08    1.80000000e+00    0.00000000e+00    0.00000000e+00    0.00000000e+00    0.00000000e+00    0.00000000e+00    0.00000000e+00
302      9.00000417e-08    1.80000000e+00    0.00000000e+00    0.00000000e+00    0.00000000e+00    0.00000000e+00    0.00000000e+00    0.00000000e+00
303      9.00000840e-08    1.80000000e+00    0.00000000e+00    0.00000000e+00    0.00000000e+00    0.00000000e+00    0.00000000e+00    0.00000000e+00
304      9.00001687e-08    1.80000000e+00    0.00000000e+00    0.00000000e+00    0.00000000e+00    0.00000000e+00    0.00000000e+00    0.00000000e+00
305      9.00003380e-08    1.80000000e+00    0.00000000e+00    0.00000000e+00    0.00000000e+00    0.00000000e+00    0.00000000e+00    0.00000000e+00
306      9.00006767e-08    1.80000000e+00    0.00000000e+00    0.00000000e+00    0.00000000e+00    0.00000000e+00    0.00000000e+00    0.00000000e+00
307      9.00013541e-08    1.80000000e+00    0.00000000e+00    0.00000000e+00    0.00000000e+00    0.00000000e+00    0.00000000e+00    0.00000000e+00
308      9.00027088e-08    1.80000000e+00    0.00000000e+00    0.00000000e+00    0.00000000e+00    0.00000000e+00    0.00000000e+00    0.00000000e+00
309      9.00054183e-08    1.80000000e+00    0.00000000e+00    0.00000000e+00    0.00000000e+00    0.00000000e+00    0.00000000e+00    0.00000000e+00
310      9.00108373e-08    1.80000000e+00    0.00000000e+00    0.00000000e+00    0.00000000e+00    0.00000000e+00    0.00000000e+00    0.00000000e+00
311      9.00216753e-08    1.80000000e+00    0.00000000e+00    0.00000000e+00    0.00000000e+00    0.00000000e+00    0.00000000e+00    0.00000000e+00
312      9.00433512e-08    1.80000000e+00    0.00000000e+00    0.00000000e+00    0.00000000e+00    0.00000000e+00    0.00000000e+00    0.00000000e+00
313      9.00867030e-08    1.80000000e+00    0.00000000e+00    0.00000000e+00    0.00000000e+00    0.00000000e+00    0.00000000e+00    0.00000000e+00
314      9.01734067e-08    1.80000000e+00    0.00000000e+00    0.00000000e+00    0.00000000e+00    0.00000000e+00    0.00000000e+00    0.00000000e+00
315      9.03468140e-08    1.80000000e+00    0.00000000e+00    0.00000000e+00    0.00000000e+00    0.00000000e+00    0.00000000e+00    0.00000000e+00
316      9.06936287e-08    1.80000000e+00    0.00000000e+00    0.00000000e+00    0.00000000e+00    0.00000000e+00    0.00000000e+00    0.00000000e+00
317      9.13872580e-08    1.80000000e+00    0.00000000e+00    0.00000000e+00    0.00000000e+00    0.00000000e+00    0.00000000e+00    0.00000000e+00
318      9.27745166e-08    1.80000000e+00    0.00000000e+00    0.00000000e+00    0.00000000e+00    0.00000000e+00    0.00000000e+00    0.00000000e+00
319      9.55490338e-08    1.80000000e+00    0.00000000e+00    0.00000000e+00    0.00000000e+00    0.00000000e+00    0.00000000e+00    0.00000000e+00
320      9.99999900e-08    1.80000000e+00    0.00000000e+00    0.00000000e+00    0.00000000e+00    0.00000000e+00    0.00000000e+00    0.00000000e+00
321      9.99999901e-08    1.78875000e+00    0.00000000e+00    0.00000000e+00    0.00000000e+00    0.00000000e+00    0.00000000e+00    0.00000000e+00
322      9.99999902e-08    1.76625000e+00    0.00000000e+00    0.00000000e+00    0.00000000e+00    0.00000000e+00    0.00000000e+00    0.00000000e+00
323      9.99999904e-08    1.72125000e+00    0.00000000e+00    0.00000000e+00    0.00000000e+00    0.00000000e+00    0.00000000e+00    0.00000000e+00
324      9.99999909e-08    1.63125000e+00    0.00000000e+00    0.00000000e+00    0.00000000e+00    0.00000000e+00    0.00000000e+00    0.00000000e+00
325      9.99999919e-08    1.45125000e+00    0.00000000e+00    0.00000000e+00    0.00000000e+00    0.00000000e+00    0.00000000e+00    0.00000000e+00
326      9.99999939e-08    1.09125000e+00    0.00000000e+00    0.00000000e+00    0.00000000e+00    0.00000000e+00    0.00000000e+00    0.00000000e+00
327      9.99999979e-08    3.71250000e-01    0.00000000e+00    0.00000000e+00    0.00000000e+00    0.00000000e+00    0.00000000e+00    0.00000000e+00
328      1.00000000e-07    0.00000000e+00    0.00000000e+00    0.00000000e+00    0.00000000e+00    0.00000000e+00    0.00000000e+00    0.00000000e+00
329      1.00000001e-07    0.00000000e+00    0.00000000e+00    0.00000000e+00    0.00000000e+00    0.00000000e+00    0.00000000e+00    0.00000000e+00
330      1.00000002e-07    0.00000000e+00    0.00000000e+00    0.00000000e+00    0.00000000e+00    0.00000000e+00    0.00000000e+00    0.00000000e+00
331      1.00000006e-07    0.00000000e+00    0.00000000e+00    0.00000000e+00    0.00000000e+00    0.00000000e+00    0.00000000e+00    0.00000000e+00
332      1.00000012e-07    0.00000000e+00    0.00000000e+00    0.00000000e+00    0.00000000e+00    0.00000000e+00    0.00000000e+00    0.00000000e+00
333      1.00000025e-07    0.00000000e+00    0.00000000e+00    0.00000000e+00    0.00000000e+00    0.00000000e+00    0.00000000e+00    0.00000000e+00
334      1.00000050e-07    0.00000000e+00    0.00000000e+00    0.00000000e+00    0.00000000e+00    0.00000000e+00    0.00000000e+00    0.00000000e+00
335      1.00000102e-07    0.00000000e+00    0.00000000e+00    0.00000000e+00    0.00000000e+00    0.00000000e+00    0.00000000e+00    0.00000000e+00
336      1.00000204e-07    0.00000000e+00    0.00000000e+00    0.00000000e+00    0.00000000e+00    0.00000000e+00    0.00000000e+00    0.00000000e+00
337      1.00000409e-07    0.00000000e+00    0.00000000e+00    0.00000000e+00    0.00000000e+00    0.00000000e+00    0.00000000e+00    0.00000000e+00
338      1.00000818e-07    0.00000000e+00    0.00000000e+00    0.00000000e+00    0.00000000e+00    0.00000000e+00    0.00000000e+00    0.00000000e+00
339      1.00001638e-07    0.00000000e+00    0.00000000e+00    0.00000000e+00    0.00000000e+00    0.00000000e+00    0.00000000e+00    0.00000000e+00
340      1.00003276e-07    0.00000000e+00    0.00000000e+00    0.00000000e+00    0.00000000e+00    0.00000000e+00    0.00000000e+00    0.00000000e+00
341      1.00006553e-07    0.00000000e+00    0.00000000e+00    0.00000000e+00    0.00000000e+00    0.00000000e+00    0.00000000e+00    0.00000000e+00
342      1.00013106e-07    0.00000000e+00    0.00000000e+00    0.00000000e+00    0.00000000e+00    0.00000000e+00    0.00000000e+00    0.00000000e+00
343      1.00026214e-07    0.00000000e+00    0.00000000e+00    0.00000000e+00    0.00000000e+00    0.00000000e+00    0.00000000e+00    0.00000000e+00
344      1.00052428e-07    0.00000000e+00    0.00000000e+00    0.00000000e+00    0.00000000e+00    0.00000000e+00    0.00000000e+00    0.00000000e+00
345      1.00104857e-07    0.00000000e+00    0.00000000e+00    0.00000000e+00    0.00000000e+00    0.00000000e+00    0.00000000e+00    0.00000000e+00
346      1.00209714e-07    0.00000000e+00    0.00000000e+00    0.00000000e+00    0.00000000e+00    0.00000000e+00    0.00000000e+00    0.00000000e+00
347      1.00419430e-07    0.00000000e+00    0.00000000e+00    0.00000000e+00    0.00000000e+00    0.00000000e+00    0.00000000e+00    0.00000000e+00
348      1.00838860e-07    0.00000000e+00    0.00000000e+00    0.00000000e+00    0.00000000e+00    0.00000000e+00    0.00000000e+00    0.00000000e+00
349      1.01677721e-07    0.00000000e+00    0.00000000e+00    0.00000000e+00    0.00000000e+00    0.00000000e+00    0.00000000e+00    0.00000000e+00
350      1.03355442e-07    0.00000000e+00    0.00000000e+00    0.00000000e+00    0.00000000e+00    0.00000000e+00    0.00000000e+00    0.00000000e+00
351      1.06710886e-07    0.00000000e+00    0.00000000e+00    0.00000000e+00    0.00000000e+00    0.00000000e+00    0.00000000e+00    0.00000000e+00
352      1.09999990e-07    0.00000000e+00    0.00000000e+00    0.00000000e+00    0.00000000e+00    0.00000000e+00    0.00000000e+00    0.00000000e+00
353      1.09999990e-07    7.03125226e-04    0.00000000e+00    0.00000000e+00    0.00000000e+00    0.00000000e+00    0.00000000e+00    0.00000000e+00
354      1.09999990e-07    1.28451832e-03    0.00000000e+00    0.00000000e+00    0.00000000e+00    0.00000000e+00    0.00000000e+00    0.00000000e+00
355      1.09999990e-07    2.44730450e-03    0.00000000e+00    0.00000000e+00    0.00000000e+00    0.00000000e+00    0.00000000e+00    0.00000000e+00
356      1.09999990e-07    4.77287687e-03    0.00000000e+00    0.00000000e+00    0.00000000e+00    0.00000000e+00    0.00000000e+00    0.00000000e+00
357      1.09999990e-07    9.42402399e-03    0.00000000e+00    0.00000000e+00    0.00000000e+00    0.00000000e+00    0.00000000e+00    0.00000000e+00
358      1.09999990e-07    1.87263182e-02    0.00000000e+00    0.00000000e+00    0.00000000e+00    0.00000000e+00    0.00000000e+00    0.00000000e+00
359      1.09999990e-07    3.73309067e-02    0.00000000e+00    0.00000000e+00    0.00000000e+00    0.00000000e+00    0.00000000e+00    0.00000000e+00
360      1.09999990e-07    7.45400836e-02    0.00000000e+00    0.00000000e+00    0.00000000e+00    0.00000000e+00    0.00000000e+00    0.00000000e+00
361      1.09999991e-07    1.48958435e-01    0.00000000e+00    0.00000000e+00    0.00000000e+00    0.00000000e+00    0.00000000e+00    0.00000000e+00
362      1.09999992e-07    2.97795138e-01    0.00000000e+00    0.00000000e+00    0.00000000e+00    0.00000000e+00    0.00000000e+00    0.00000000e+00
363      1.09999993e-07    5.95468544e-01    0.00000000e+00    0.00000000e+00    0.00000000e+00    0.00000000e+00    0.00000000e+00    0.00000000e+00
364      1.09999997e-07    1.19081536e+00    0.00000000e+00    0.00000000e+00    0.00000000e+00    0.00000000e+00    0.00000000e+00    0.00000000e+00
365      1.10000000e-07    1.80000000e+00    0.00000000e+00    0.00000000e+00    0.00000000e+00    0.00000000e+00    0.00000000e+00    0.00000000e+00
366      1.10000001e-07    1.80000000e+00    0.00000000e+00    0.00000000e+00    0.00000000e+00    0.00000000e+00    0.00000000e+00    0.00000000e+00
367      1.10000002e-07    1.80000000e+00    0.00000000e+00    0.00000000e+00    0.00000000e+00    0.00000000e+00    0.00000000e+00    0.00000000e+00
368      1.10000005e-07    1.80000000e+00    0.00000000e+00    0.00000000e+00    0.00000000e+00    0.00000000e+00    0.00000000e+00    0.00000000e+00
369      1.10000010e-07    1.80000000e+00    0.00000000e+00    0.00000000e+00    0.00000000e+00    0.00000000e+00    0.00000000e+00    0.00000000e+00
370      1.10000021e-07    1.80000000e+00    0.00000000e+00    0.00000000e+00    0.00000000e+00    0.00000000e+00    0.00000000e+00    0.00000000e+00
371      1.10000042e-07    1.80000000e+00    0.00000000e+00    0.00000000e+00    0.00000000e+00    0.00000000e+00    0.00000000e+00    0.00000000e+00
372      1.10000084e-07    1.80000000e+00    0.00000000e+00    0.00000000e+00    0.00000000e+00    0.00000000e+00    0.00000000e+00    0.00000000e+00
373      1.10000169e-07    1.80000000e+00    0.00000000e+00    0.00000000e+00    0.00000000e+00    0.00000000e+00    0.00000000e+00    0.00000000e+00
374      1.10000338e-07    1.80000000e+00    0.00000000e+00    0.00000000e+00    0.00000000e+00    0.00000000e+00    0.00000000e+00    0.00000000e+00
375      1.10000677e-07    1.80000000e+00    0.00000000e+00    0.00000000e+00    0.00000000e+00    0.00000000e+00    0.00000000e+00    0.00000000e+00
376      1.10001354e-07    1.80000000e+00    0.00000000e+00    0.00000000e+00    0.00000000e+00    0.00000000e+00    0.00000000e+00    0.00000000e+00
377      1.10002709e-07    1.80000000e+00    0.00000000e+00    0.00000000e+00    0.00000000e+00    0.00000000e+00    0.00000000e+00    0.00000000e+00
378      1.10005418e-07    1.80000000e+00    0.00000000e+00    0.00000000e+00    0.00000000e+00    0.00000000e+00    0.00000000e+00    0.00000000e+00
379      1.10010837e-07    1.80000000e+00    0.00000000e+00    0.00000000e+00    0.00000000e+00    0.00000000e+00    0.00000000e+00    0.00000000e+00
380      1.10021675e-07    1.80000000e+00    0.00000000e+00    0.00000000e+00    0.00000000e+00    0.00000000e+00    0.00000000e+00    0.00000000e+00
381      1.10043351e-07    1.80000000e+00    0.00000000e+00    0.00000000e+00    0.00000000e+00    0.00000000e+00    0.00000000e+00    0.00000000e+00
382      1.10086703e-07    1.80000000e+00    0.00000000e+00    0.00000000e+00    0.00000000e+00    0.00000000e+00    0.00000000e+00    0.00000000e+00
383      1.10173407e-07    1.80000000e+00    0.00000000e+00    0.00000000e+00    0.00000000e+00    0.00000000e+00    0.00000000e+00    0.00000000e+00
384      1.10346814e-07    1.80000000e+00    0.00000000e+00    0.00000000e+00    0.00000000e+00    0.00000000e+00    0.00000000e+00    0.00000000e+00
385      1.10693629e-07    1.80000000e+00    0.00000000e+00    0.00000000e+00    0.00000000e+00    0.00000000e+00    0.00000000e+00    0.00000000e+00
386      1.11387258e-07    1.80000000e+00    0.00000000e+00    0.00000000e+00    0.00000000e+00    0.00000000e+00    0.00000000e+00    0.00000000e+00
387      1.12774517e-07    1.80000000e+00    0.00000000e+00    0.00000000e+00    0.00000000e+00    0.00000000e+00    0.00000000e+00    0.00000000e+00
388      1.15549034e-07    1.80000000e+00    0.00000000e+00    0.00000000e+00    0.00000000e+00    0.00000000e+00    0.00000000e+00    0.00000000e+00
389      1.19999990e-07    1.80000000e+00    0.00000000e+00    0.00000000e+00    0.00000000e+00    0.00000000e+00    0.00000000e+00    0.00000000e+00
390      1.19999990e-07    1.78875000e+00    0.00000000e+00    0.00000000e+00    0.00000000e+00    0.00000000e+00    0.00000000e+00    0.00000000e+00
391      1.19999990e-07    1.76625000e+00    0.00000000e+00    0.00000000e+00    0.00000000e+00    0.00000000e+00    0.00000000e+00    0.00000000e+00
392      1.19999990e-07    1.72125000e+00    0.00000000e+00    0.00000000e+00    0.00000000e+00    0.00000000e+00    0.00000000e+00    0.00000000e+00
393      1.19999991e-07    1.63125000e+00    0.00000000e+00    0.00000000e+00    0.00000000e+00    0.00000000e+00    0.00000000e+00    0.00000000e+00
394      1.19999992e-07    1.45125000e+00    0.00000000e+00    0.00000000e+00    0.00000000e+00    0.00000000e+00    0.00000000e+00    0.00000000e+00
395      1.19999994e-07    1.09125000e+00    0.00000000e+00    0.00000000e+00    0.00000000e+00    0.00000000e+00    0.00000000e+00    0.00000000e+00
396      1.19999998e-07    3.71250000e-01    0.00000000e+00    0.00000000e+00    0.00000000e+00    0.00000000e+00    0.00000000e+00    0.00000000e+00
397      1.20000000e-07    0.00000000e+00    0.00000000e+00    0.00000000e+00    0.00000000e+00    0.00000000e+00    0.00000000e+00    0.00000000e+00
398      1.20000001e-07    0.00000000e+00    0.00000000e+00    0.00000000e+00    0.00000000e+00    0.00000000e+00    0.00000000e+00    0.00000000e+00
399      1.20000002e-07    0.00000000e+00    0.00000000e+00    0.00000000e+00    0.00000000e+00    0.00000000e+00    0.00000000e+00    0.00000000e+00
400      1.20000006e-07    0.00000000e+00    0.00000000e+00    0.00000000e+00    0.00000000e+00    0.00000000e+00    0.00000000e+00    0.00000000e+00
401      1.20000012e-07    0.00000000e+00    0.00000000e+00    0.00000000e+00    0.00000000e+00    0.00000000e+00    0.00000000e+00    0.00000000e+00
402      1.20000025e-07    0.00000000e+00    0.00000000e+00    0.00000000e+00    0.00000000e+00    0.00000000e+00    0.00000000e+00    0.00000000e+00
403      1.20000050e-07    0.00000000e+00    0.00000000e+00    0.00000000e+00    0.00000000e+00    0.00000000e+00    0.00000000e+00    0.00000000e+00
404      1.20000102e-07    0.00000000e+00    0.00000000e+00    0.00000000e+00    0.00000000e+00    0.00000000e+00    0.00000000e+00    0.00000000e+00
405      1.20000204e-07    0.00000000e+00    0.00000000e+00    0.00000000e+00    0.00000000e+00    0.00000000e+00    0.00000000e+00    0.00000000e+00
406      1.20000409e-07    0.00000000e+00    0.00000000e+00    0.00000000e+00    0.00000000e+00    0.00000000e+00    0.00000000e+00    0.00000000e+00
407      1.20000818e-07    0.00000000e+00    0.00000000e+00    0.00000000e+00    0.00000000e+00    0.00000000e+00    0.00000000e+00    0.00000000e+00
408      1.20001638e-07    0.00000000e+00    0.00000000e+00    0.00000000e+00    0.00000000e+00    0.00000000e+00    0.00000000e+00    0.00000000e+00
409      1.20003276e-07    0.00000000e+00    0.00000000e+00    0.00000000e+00    0.00000000e+00    0.00000000e+00    0.00000000e+00    0.00000000e+00
410      1.20006553e-07    0.00000000e+00    0.00000000e+00    0.00000000e+00    0.00000000e+00    0.00000000e+00    0.00000000e+00    0.00000000e+00
411      1.20013106e-07    0.00000000e+00    0.00000000e+00    0.00000000e+00    0.00000000e+00    0.00000000e+00    0.00000000e+00    0.00000000e+00
412      1.20026214e-07    0.00000000e+00    0.00000000e+00    0.00000000e+00    0.00000000e+00    0.00000000e+00    0.00000000e+00    0.00000000e+00
413      1.20052428e-07    0.00000000e+00    0.00000000e+00    0.00000000e+00    0.00000000e+00    0.00000000e+00    0.00000000e+00    0.00000000e+00
414      1.20104857e-07    0.00000000e+00    0.00000000e+00    0.00000000e+00    0.00000000e+00    0.00000000e+00    0.00000000e+00    0.00000000e+00
415      1.20209714e-07    0.00000000e+00    0.00000000e+00    0.00000000e+00    0.00000000e+00    0.00000000e+00    0.00000000e+00    0.00000000e+00
416      1.20419430e-07    0.00000000e+00    0.00000000e+00    0.00000000e+00    0.00000000e+00    0.00000000e+00    0.00000000e+00    0.00000000e+00
417      1.20838860e-07    0.00000000e+00    0.00000000e+00    0.00000000e+00    0.00000000e+00    0.00000000e+00    0.00000000e+00    0.00000000e+00
418      1.21677721e-07    0.00000000e+00    0.00000000e+00    0.00000000e+00    0.00000000e+00    0.00000000e+00    0.00000000e+00    0.00000000e+00
419      1.23355442e-07    0.00000000e+00    0.00000000e+00    0.00000000e+00    0.00000000e+00    0.00000000e+00    0.00000000e+00    0.00000000e+00
420      1.26710886e-07    0.00000000e+00    0.00000000e+00    0.00000000e+00    0.00000000e+00    0.00000000e+00    0.00000000e+00    0.00000000e+00
421      1.29999990e-07    0.00000000e+00    0.00000000e+00    0.00000000e+00    0.00000000e+00    0.00000000e+00    0.00000000e+00    0.00000000e+00
422      1.29999990e-07    1.75778924e-04    0.00000000e+00    1.75778924e-04    0.00000000e+00    0.00000000e+00    0.00000000e+00    0.00000000e+00
423      1.29999990e-07    5.27341537e-04    0.00000000e+00    5.27341537e-04    0.00000000e+00    0.00000000e+00    0.00000000e+00    0.00000000e+00
424      1.29999990e-07    1.23046676e-03    0.00000000e+00    1.23046676e-03    0.00000000e+00    0.00000000e+00    0.00000000e+00    0.00000000e+00
425      1.29999990e-07    2.63671721e-03    0.00000000e+00    2.63671721e-03    0.00000000e+00    0.00000000e+00    0.00000000e+00    0.00000000e+00
426      1.29999990e-07    5.44921811e-03    0.00000000e+00    5.44921811e-03    0.00000000e+00    0.00000000e+00    0.00000000e+00    0.00000000e+00
427      1.29999990e-07    1.10742199e-02    0.00000000e+00    1.10742199e-02    0.00000000e+00    0.00000000e+00    0.00000000e+00    0.00000000e+00
428      1.29999990e-07    2.23242188e-02    0.00000000e+00    2.23242188e-02    0.00000000e+00    0.00000000e+00    0.00000000e+00    0.00000000e+00
429      1.29999990e-07    4.48242164e-02    0.00000000e+00    4.48242164e-02    0.00000000e+00    0.00000000e+00    0.00000000e+00    0.00000000e+00
430      1.29999990e-07    8.98242165e-02    0.00000000e+00    8.98242165e-02    0.00000000e+00    0.00000000e+00    0.00000000e+00    0.00000000e+00
431      1.29999991e-07    1.79824217e-01    0.00000000e+00    1.79824217e-01    0.00000000e+00    0.00000000e+00    0.00000000e+00    0.00000000e+00
432      1.29999992e-07    3.59824217e-01    0.00000000e+00    3.59824217e-01    0.00000000e+00    0.00000000e+00    0.00000000e+00    0.00000000e+00
433      1.29999994e-07    7.19824218e-01    0.00000000e+00    7.19824218e-01    0.00000000e+00    0.00000000e+00    0.00000000e+00    0.00000000e+00
434      1.29999998e-07    1.43982422e+00    0.00000000e+00    1.43982422e+00    0.00000000e+00    0.00000000e+00    0.00000000e+00    0.00000000e+00
435      1.30000000e-07    1.80000000e+00    0.00000000e+00    1.80000000e+00    0.00000000e+00    0.00000000e+00    0.00000000e+00    0.00000000e+00
436      1.30000001e-07    1.80000000e+00    0.00000000e+00    1.80000000e+00    0.00000000e+00    0.00000000e+00    0.00000000e+00    0.00000000e+00
437      1.30000002e-07    1.80000000e+00    0.00000000e+00    1.80000000e+00    0.00000000e+00    0.00000000e+00    0.00000000e+00    0.00000000e+00
438      1.30000006e-07    1.80000000e+00    0.00000000e+00    1.80000000e+00    0.00000000e+00    0.00000000e+00    0.00000000e+00    0.00000000e+00
439      1.30000012e-07    1.80000000e+00    0.00000000e+00    1.80000000e+00    0.00000000e+00    0.00000000e+00    0.00000000e+00    0.00000000e+00
440      1.30000025e-07    1.80000000e+00    0.00000000e+00    1.80000000e+00    0.00000000e+00    0.00000000e+00    0.00000000e+00    0.00000000e+00
441      1.30000050e-07    1.80000000e+00    0.00000000e+00    1.80000000e+00    0.00000000e+00    0.00000000e+00    0.00000000e+00    0.00000000e+00
442      1.30000102e-07    1.80000000e+00    0.00000000e+00    1.80000000e+00    0.00000000e+00    0.00000000e+00    0.00000000e+00    0.00000000e+00
443      1.30000204e-07    1.80000000e+00    0.00000000e+00    1.80000000e+00    0.00000000e+00    0.00000000e+00    0.00000000e+00    0.00000000e+00
444      1.30000409e-07    1.80000000e+00    0.00000000e+00    1.80000000e+00    0.00000000e+00    0.00000000e+00    0.00000000e+00    0.00000000e+00
445      1.30000818e-07    1.80000000e+00    0.00000000e+00    1.80000000e+00    0.00000000e+00    0.00000000e+00    0.00000000e+00    0.00000000e+00
446      1.30001638e-07    1.80000000e+00    0.00000000e+00    1.80000000e+00    0.00000000e+00    0.00000000e+00    0.00000000e+00    0.00000000e+00
447      1.30003276e-07    1.80000000e+00    0.00000000e+00    1.80000000e+00    0.00000000e+00    0.00000000e+00    0.00000000e+00    0.00000000e+00
448      1.30006553e-07    1.80000000e+00    0.00000000e+00    1.80000000e+00    0.00000000e+00    0.00000000e+00    0.00000000e+00    0.00000000e+00
449      1.30013106e-07    1.80000000e+00    0.00000000e+00    1.80000000e+00    0.00000000e+00    0.00000000e+00    0.00000000e+00    0.00000000e+00
450      1.30026214e-07    1.80000000e+00    0.00000000e+00    1.80000000e+00    0.00000000e+00    0.00000000e+00    0.00000000e+00    0.00000000e+00
451      1.30052428e-07    1.80000000e+00    0.00000000e+00    1.80000000e+00    0.00000000e+00    0.00000000e+00    0.00000000e+00    0.00000000e+00
452      1.30104857e-07    1.80000000e+00    0.00000000e+00    1.80000000e+00    0.00000000e+00    0.00000000e+00    0.00000000e+00    0.00000000e+00
453      1.30209714e-07    1.80000000e+00    0.00000000e+00    1.80000000e+00    0.00000000e+00    0.00000000e+00    0.00000000e+00    0.00000000e+00
454      1.30419430e-07    1.80000000e+00    0.00000000e+00    1.80000000e+00    0.00000000e+00    0.00000000e+00    0.00000000e+00    0.00000000e+00
455      1.30838860e-07    1.80000000e+00    0.00000000e+00    1.80000000e+00    0.00000000e+00    0.00000000e+00    0.00000000e+00    0.00000000e+00
456      1.31677721e-07    1.80000000e+00    0.00000000e+00    1.80000000e+00    0.00000000e+00    0.00000000e+00    0.00000000e+00    0.00000000e+00
457      1.33355442e-07    1.80000000e+00    0.00000000e+00    1.80000000e+00    0.00000000e+00    0.00000000e+00    0.00000000e+00    0.00000000e+00
458      1.36710886e-07    1.80000000e+00    0.00000000e+00    1.80000000e+00    0.00000000e+00    0.00000000e+00    0.00000000e+00    0.00000000e+00
459      1.39999990e-07    1.80000000e+00    0.00000000e+00    1.80000000e+00    0.00000000e+00    0.00000000e+00    0.00000000e+00    0.00000000e+00
460      1.39999990e-07    1.78875000e+00    0.00000000e+00    1.80000000e+00    0.00000000e+00    0.00000000e+00    0.00000000e+00    0.00000000e+00
461      1.39999990e-07    1.76625000e+00    0.00000000e+00    1.80000000e+00    0.00000000e+00    0.00000000e+00    0.00000000e+00    0.00000000e+00
462      1.39999990e-07    1.72125000e+00    0.00000000e+00    1.80000000e+00    0.00000000e+00    0.00000000e+00    0.00000000e+00    0.00000000e+00
463      1.39999991e-07    1.63125000e+00    0.00000000e+00    1.80000000e+00    0.00000000e+00    0.00000000e+00    0.00000000e+00    0.00000000e+00
464      1.39999992e-07    1.45125000e+00    0.00000000e+00    1.80000000e+00    0.00000000e+00    0.00000000e+00    0.00000000e+00    0.00000000e+00
465      1.39999994e-07    1.09125000e+00    0.00000000e+00    1.80000000e+00    0.00000000e+00    0.00000000e+00    0.00000000e+00    0.00000000e+00
466      1.39999998e-07    3.71250000e-01    0.00000000e+00    1.80000000e+00    0.00000000e+00    0.00000000e+00    0.00000000e+00    0.00000000e+00
467      1.40000000e-07    0.00000000e+00    0.00000000e+00    1.80000000e+00    0.00000000e+00    0.00000000e+00    0.00000000e+00    0.00000000e+00
468      1.40000001e-07    0.00000000e+00    0.00000000e+00    1.80000000e+00    0.00000000e+00    0.00000000e+00    0.00000000e+00    0.00000000e+00
469      1.40000002e-07    0.00000000e+00    0.00000000e+00    1.80000000e+00    0.00000000e+00    0.00000000e+00    0.00000000e+00    0.00000000e+00
470      1.40000006e-07    0.00000000e+00    0.00000000e+00    1.80000000e+00    0.00000000e+00    0.00000000e+00    0.00000000e+00    0.00000000e+00
471      1.40000012e-07    0.00000000e+00    0.00000000e+00    1.80000000e+00    0.00000000e+00    0.00000000e+00    0.00000000e+00    0.00000000e+00
472      1.40000025e-07    0.00000000e+00    0.00000000e+00    1.80000000e+00    0.00000000e+00    0.00000000e+00    0.00000000e+00    0.00000000e+00
473      1.40000050e-07    0.00000000e+00    0.00000000e+00    1.80000000e+00    0.00000000e+00    0.00000000e+00    0.00000000e+00    0.00000000e+00
474      1.40000102e-07    0.00000000e+00    0.00000000e+00    1.80000000e+00    0.00000000e+00    0.00000000e+00    0.00000000e+00    0.00000000e+00
475      1.40000204e-07    0.00000000e+00    0.00000000e+00    1.80000000e+00    0.00000000e+00    0.00000000e+00    0.00000000e+00    0.00000000e+00
476      1.40000409e-07    0.00000000e+00    0.00000000e+00    1.80000000e+00    0.00000000e+00    0.00000000e+00    0.00000000e+00    0.00000000e+00
477      1.40000818e-07    0.00000000e+00    0.00000000e+00    1.80000000e+00    0.00000000e+00    0.00000000e+00    0.00000000e+00    0.00000000e+00
478      1.40001638e-07    0.00000000e+00    0.00000000e+00    1.80000000e+00    0.00000000e+00    0.00000000e+00    0.00000000e+00    0.00000000e+00
479      1.40003276e-07    0.00000000e+00    0.00000000e+00    1.80000000e+00    0.00000000e+00    0.00000000e+00    0.00000000e+00    0.00000000e+00
480      1.40006553e-07    0.00000000e+00    0.00000000e+00    1.80000000e+00    0.00000000e+00    0.00000000e+00    0.00000000e+00    0.00000000e+00
481      1.40013106e-07    0.00000000e+00    0.00000000e+00    1.80000000e+00    0.00000000e+00    0.00000000e+00    0.00000000e+00    0.00000000e+00
482      1.40026214e-07    0.00000000e+00    0.00000000e+00    1.80000000e+00    0.00000000e+00    0.00000000e+00    0.00000000e+00    0.00000000e+00
483      1.40052428e-07    0.00000000e+00    0.00000000e+00    1.80000000e+00    0.00000000e+00    0.00000000e+00    0.00000000e+00    0.00000000e+00
484      1.40104857e-07    0.00000000e+00    0.00000000e+00    1.80000000e+00    0.00000000e+00    0.00000000e+00    0.00000000e+00    0.00000000e+00
485      1.40209714e-07    0.00000000e+00    0.00000000e+00    1.80000000e+00    0.00000000e+00    0.00000000e+00    0.00000000e+00    0.00000000e+00
486      1.40419430e-07    0.00000000e+00    0.00000000e+00    1.80000000e+00    0.00000000e+00    0.00000000e+00    0.00000000e+00    0.00000000e+00
487      1.40838860e-07    0.00000000e+00    0.00000000e+00    1.80000000e+00    0.00000000e+00    0.00000000e+00    0.00000000e+00    0.00000000e+00
488      1.41677721e-07    0.00000000e+00    0.00000000e+00    1.80000000e+00    0.00000000e+00    0.00000000e+00    0.00000000e+00    0.00000000e+00
489      1.43355442e-07    0.00000000e+00    0.00000000e+00    1.80000000e+00    0.00000000e+00    0.00000000e+00    0.00000000e+00    0.00000000e+00
490      1.46710886e-07    0.00000000e+00    0.00000000e+00    1.80000000e+00    0.00000000e+00    0.00000000e+00    0.00000000e+00    0.00000000e+00
491      1.49999990e-07    0.00000000e+00    0.00000000e+00    1.80000000e+00    0.00000000e+00    0.00000000e+00    0.00000000e+00    0.00000000e+00
492      1.49999990e-07    1.12499988e-02    0.00000000e+00    1.80000000e+00    0.00000000e+00    0.00000000e+00    0.00000000e+00    0.00000000e+00
493      1.49999990e-07    3.37499965e-02    0.00000000e+00    1.80000000e+00    0.00000000e+00    0.00000000e+00    0.00000000e+00    0.00000000e+00
494      1.49999990e-07    7.87499966e-02    0.00000000e+00    1.80000000e+00    0.00000000e+00    0.00000000e+00    0.00000000e+00    0.00000000e+00
495      1.49999991e-07    1.68749997e-01    0.00000000e+00    1.80000000e+00    0.00000000e+00    0.00000000e+00    0.00000000e+00    0.00000000e+00
496      1.49999992e-07    3.48749997e-01    0.00000000e+00    1.80000000e+00    0.00000000e+00    0.00000000e+00    0.00000000e+00    0.00000000e+00
497      1.49999994e-07    7.08749998e-01    0.00000000e+00    1.80000000e+00    0.00000000e+00    0.00000000e+00    0.00000000e+00    0.00000000e+00
498      1.49999998e-07    1.42875000e+00    0.00000000e+00    1.80000000e+00    0.00000000e+00    0.00000000e+00    0.00000000e+00    0.00000000e+00
499      1.50000000e-07    1.80000000e+00    0.00000000e+00    1.80000000e+00    0.00000000e+00    0.00000000e+00    0.00000000e+00    0.00000000e+00
500      1.50000001e-07    1.80000000e+00    0.00000000e+00    1.80000000e+00    0.00000000e+00    0.00000000e+00    0.00000000e+00    0.00000000e+00
501      1.50000002e-07    1.80000000e+00    0.00000000e+00    1.80000000e+00    0.00000000e+00    0.00000000e+00    0.00000000e+00    0.00000000e+00
502      1.50000006e-07    1.80000000e+00    0.00000000e+00    1.80000000e+00    0.00000000e+00    0.00000000e+00    0.00000000e+00    0.00000000e+00
503      1.50000012e-07    1.80000000e+00    0.00000000e+00    1.80000000e+00    0.00000000e+00    0.00000000e+00    0.00000000e+00    0.00000000e+00
504      1.50000025e-07    1.80000000e+00    0.00000000e+00    1.80000000e+00    0.00000000e+00    0.00000000e+00    0.00000000e+00    0.00000000e+00
505      1.50000050e-07    1.80000000e+00    0.00000000e+00    1.80000000e+00    0.00000000e+00    0.00000000e+00    0.00000000e+00    0.00000000e+00
506      1.50000102e-07    1.80000000e+00    0.00000000e+00    1.80000000e+00    0.00000000e+00    0.00000000e+00    0.00000000e+00    0.00000000e+00
507      1.50000204e-07    1.80000000e+00    0.00000000e+00    1.80000000e+00    0.00000000e+00    0.00000000e+00    0.00000000e+00    0.00000000e+00
508      1.50000409e-07    1.80000000e+00    0.00000000e+00    1.80000000e+00    0.00000000e+00    0.00000000e+00    0.00000000e+00    0.00000000e+00
509      1.50000818e-07    1.80000000e+00    0.00000000e+00    1.80000000e+00    0.00000000e+00    0.00000000e+00    0.00000000e+00    0.00000000e+00
510      1.50001638e-07    1.80000000e+00    0.00000000e+00    1.80000000e+00    0.00000000e+00    0.00000000e+00    0.00000000e+00    0.00000000e+00
511      1.50003276e-07    1.80000000e+00    0.00000000e+00    1.80000000e+00    0.00000000e+00    0.00000000e+00    0.00000000e+00    0.00000000e+00
512      1.50006553e-07    1.80000000e+00    0.00000000e+00    1.80000000e+00    0.00000000e+00    0.00000000e+00    0.00000000e+00    0.00000000e+00
513      1.50013106e-07    1.80000000e+00    0.00000000e+00    1.80000000e+00    0.00000000e+00    0.00000000e+00    0.00000000e+00    0.00000000e+00
514      1.50026214e-07    1.80000000e+00    0.00000000e+00    1.80000000e+00    0.00000000e+00    0.00000000e+00    0.00000000e+00    0.00000000e+00
515      1.50052428e-07    1.80000000e+00    0.00000000e+00    1.80000000e+00    0.00000000e+00    0.00000000e+00    0.00000000e+00    0.00000000e+00
516      1.50104857e-07    1.80000000e+00    0.00000000e+00    1.80000000e+00    0.00000000e+00    0.00000000e+00    0.00000000e+00    0.00000000e+00
517      1.50209714e-07    1.80000000e+00    0.00000000e+00    1.80000000e+00    0.00000000e+00    0.00000000e+00    0.00000000e+00    0.00000000e+00
518      1.50419430e-07    1.80000000e+00    0.00000000e+00    1.80000000e+00    0.00000000e+00    0.00000000e+00    0.00000000e+00    0.00000000e+00
519      1.50838860e-07    1.80000000e+00    0.00000000e+00    1.80000000e+00    0.00000000e+00    0.00000000e+00    0.00000000e+00    0.00000000e+00
520      1.51677721e-07    1.80000000e+00    0.00000000e+00    1.80000000e+00    0.00000000e+00    0.00000000e+00    0.00000000e+00    0.00000000e+00
521      1.53355442e-07    1.80000000e+00    0.00000000e+00    1.80000000e+00    0.00000000e+00    0.00000000e+00    0.00000000e+00    0.00000000e+00
522      1.56710886e-07    1.80000000e+00    0.00000000e+00    1.80000000e+00    0.00000000e+00    0.00000000e+00    0.00000000e+00    0.00000000e+00
523      1.59999990e-07    1.80000000e+00    0.00000000e+00    1.80000000e+00    0.00000000e+00    0.00000000e+00    0.00000000e+00    0.00000000e+00
524      1.59999990e-07    1.78875000e+00    0.00000000e+00    1.80000000e+00    0.00000000e+00    0.00000000e+00    0.00000000e+00    0.00000000e+00
525      1.59999990e-07    1.76625000e+00    0.00000000e+00    1.80000000e+00    0.00000000e+00    0.00000000e+00    0.00000000e+00    0.00000000e+00
526      1.59999990e-07    1.72125000e+00    0.00000000e+00    1.80000000e+00    0.00000000e+00    0.00000000e+00    0.00000000e+00    0.00000000e+00
527      1.59999991e-07    1.63125000e+00    0.00000000e+00    1.80000000e+00    0.00000000e+00    0.00000000e+00    0.00000000e+00    0.00000000e+00
528      1.59999992e-07    1.45125000e+00    0.00000000e+00    1.80000000e+00    0.00000000e+00    0.00000000e+00    0.00000000e+00    0.00000000e+00
529      1.59999994e-07    1.09125000e+00    0.00000000e+00    1.80000000e+00    0.00000000e+00    0.00000000e+00    0.00000000e+00    0.00000000e+00
530      1.59999998e-07    3.71250000e-01    0.00000000e+00    1.80000000e+00    0.00000000e+00    0.00000000e+00    0.00000000e+00    0.00000000e+00
531      1.60000000e-07    0.00000000e+00    0.00000000e+00    1.80000000e+00    0.00000000e+00    0.00000000e+00    0.00000000e+00    0.00000000e+00
532      1.60000001e-07    0.00000000e+00    0.00000000e+00    1.80000000e+00    0.00000000e+00    0.00000000e+00    0.00000000e+00    0.00000000e+00
533      1.60000002e-07    0.00000000e+00    0.00000000e+00    1.80000000e+00    0.00000000e+00    0.00000000e+00    0.00000000e+00    0.00000000e+00
534      1.60000006e-07    0.00000000e+00    0.00000000e+00    1.80000000e+00    0.00000000e+00    0.00000000e+00    0.00000000e+00    0.00000000e+00
535      1.60000012e-07    0.00000000e+00    0.00000000e+00    1.80000000e+00    0.00000000e+00    0.00000000e+00    0.00000000e+00    0.00000000e+00
536      1.60000025e-07    0.00000000e+00    0.00000000e+00    1.80000000e+00    0.00000000e+00    0.00000000e+00    0.00000000e+00    0.00000000e+00
537      1.60000050e-07    0.00000000e+00    0.00000000e+00    1.80000000e+00    0.00000000e+00    0.00000000e+00    0.00000000e+00    0.00000000e+00
538      1.60000102e-07    0.00000000e+00    0.00000000e+00    1.80000000e+00    0.00000000e+00    0.00000000e+00    0.00000000e+00    0.00000000e+00
539      1.60000204e-07    0.00000000e+00    0.00000000e+00    1.80000000e+00    0.00000000e+00    0.00000000e+00    0.00000000e+00    0.00000000e+00
540      1.60000409e-07    0.00000000e+00    0.00000000e+00    1.80000000e+00    0.00000000e+00    0.00000000e+00    0.00000000e+00    0.00000000e+00
541      1.60000818e-07    0.00000000e+00    0.00000000e+00    1.80000000e+00    0.00000000e+00    0.00000000e+00    0.00000000e+00    0.00000000e+00
542      1.60001638e-07    0.00000000e+00    0.00000000e+00    1.80000000e+00    0.00000000e+00    0.00000000e+00    0.00000000e+00    0.00000000e+00
543      1.60003276e-07    0.00000000e+00    0.00000000e+00    1.80000000e+00    0.00000000e+00    0.00000000e+00    0.00000000e+00    0.00000000e+00
544      1.60006553e-07    0.00000000e+00    0.00000000e+00    1.80000000e+00    0.00000000e+00    0.00000000e+00    0.00000000e+00    0.00000000e+00
545      1.60013106e-07    0.00000000e+00    0.00000000e+00    1.80000000e+00    0.00000000e+00    0.00000000e+00    0.00000000e+00    0.00000000e+00
546      1.60026214e-07    0.00000000e+00    0.00000000e+00    1.80000000e+00    0.00000000e+00    0.00000000e+00    0.00000000e+00    0.00000000e+00
547      1.60052428e-07    0.00000000e+00    0.00000000e+00    1.80000000e+00    0.00000000e+00    0.00000000e+00    0.00000000e+00    0.00000000e+00
548      1.60104857e-07    0.00000000e+00    0.00000000e+00    1.80000000e+00    0.00000000e+00    0.00000000e+00    0.00000000e+00    0.00000000e+00
549      1.60209714e-07    0.00000000e+00    0.00000000e+00    1.80000000e+00    0.00000000e+00    0.00000000e+00    0.00000000e+00    0.00000000e+00
550      1.60419430e-07    0.00000000e+00    0.00000000e+00    1.80000000e+00    0.00000000e+00    0.00000000e+00    0.00000000e+00    0.00000000e+00
551      1.60838860e-07    0.00000000e+00    0.00000000e+00    1.80000000e+00    0.00000000e+00    0.00000000e+00    0.00000000e+00    0.00000000e+00
552      1.61677721e-07    0.00000000e+00    0.00000000e+00    1.80000000e+00    0.00000000e+00    0.00000000e+00    0.00000000e+00    0.00000000e+00
553      1.63355442e-07    0.00000000e+00    0.00000000e+00    1.80000000e+00    0.00000000e+00    0.00000000e+00    0.00000000e+00    0.00000000e+00
554      1.66710886e-07    0.00000000e+00    0.00000000e+00    1.80000000e+00    0.00000000e+00    0.00000000e+00    0.00000000e+00    0.00000000e+00
555      1.69999990e-07    0.00000000e+00    0.00000000e+00    1.80000000e+00    0.00000000e+00    0.00000000e+00    0.00000000e+00    0.00000000e+00
556      1.69999990e-07    1.12499988e-02    0.00000000e+00    1.78875000e+00    0.00000000e+00    0.00000000e+00    0.00000000e+00    0.00000000e+00
557      1.69999990e-07    2.24999977e-02    0.00000000e+00    1.77750000e+00    0.00000000e+00    0.00000000e+00    0.00000000e+00    0.00000000e+00
558      1.69999990e-07    4.49999954e-02    0.00000000e+00    1.75500000e+00    0.00000000e+00    0.00000000e+00    0.00000000e+00    0.00000000e+00
559      1.69999990e-07    8.99999955e-02    0.00000000e+00    1.71000000e+00    0.00000000e+00    0.00000000e+00    0.00000000e+00    0.00000000e+00
560      1.69999991e-07    1.79999996e-01    0.00000000e+00    1.62000000e+00    0.00000000e+00    0.00000000e+00    0.00000000e+00    0.00000000e+00
561      1.69999992e-07    3.59999996e-01    0.00000000e+00    1.44000000e+00    0.00000000e+00    0.00000000e+00    0.00000000e+00    0.00000000e+00
562      1.69999994e-07    7.19999997e-01    0.00000000e+00    1.08000000e+00    0.00000000e+00    0.00000000e+00    0.00000000e+00    0.00000000e+00
563      1.69999998e-07    1.44000000e+00    0.00000000e+00    3.60000001e-01    0.00000000e+00    0.00000000e+00    0.00000000e+00    0.00000000e+00
564      1.70000000e-07    1.80000000e+00    0.00000000e+00    0.00000000e+00    0.00000000e+00    0.00000000e+00    0.00000000e+00    0.00000000e+00
565      1.70000001e-07    1.80000000e+00    0.00000000e+00    0.00000000e+00    0.00000000e+00    0.00000000e+00    0.00000000e+00    0.00000000e+00
566      1.70000002e-07    1.80000000e+00    0.00000000e+00    0.00000000e+00    0.00000000e+00    0.00000000e+00    0.00000000e+00    0.00000000e+00
567      1.70000006e-07    1.80000000e+00    0.00000000e+00    0.00000000e+00    0.00000000e+00    0.00000000e+00    0.00000000e+00    0.00000000e+00
568      1.70000012e-07    1.80000000e+00    0.00000000e+00    0.00000000e+00    0.00000000e+00    0.00000000e+00    0.00000000e+00    0.00000000e+00
569      1.70000025e-07    1.80000000e+00    0.00000000e+00    0.00000000e+00    0.00000000e+00    0.00000000e+00    0.00000000e+00    0.00000000e+00
570      1.70000050e-07    1.80000000e+00    0.00000000e+00    0.00000000e+00    0.00000000e+00    0.00000000e+00    0.00000000e+00    0.00000000e+00
571      1.70000102e-07    1.80000000e+00    0.00000000e+00    0.00000000e+00    0.00000000e+00    0.00000000e+00    0.00000000e+00    0.00000000e+00
572      1.70000204e-07    1.80000000e+00    0.00000000e+00    0.00000000e+00    0.00000000e+00    0.00000000e+00    0.00000000e+00    0.00000000e+00
573      1.70000409e-07    1.80000000e+00    0.00000000e+00    0.00000000e+00    0.00000000e+00    0.00000000e+00    0.00000000e+00    0.00000000e+00
574      1.70000818e-07    1.80000000e+00    0.00000000e+00    0.00000000e+00    0.00000000e+00    0.00000000e+00    0.00000000e+00    0.00000000e+00
575      1.70001638e-07    1.80000000e+00    0.00000000e+00    0.00000000e+00    0.00000000e+00    0.00000000e+00    0.00000000e+00    0.00000000e+00
576      1.70003276e-07    1.80000000e+00    0.00000000e+00    0.00000000e+00    0.00000000e+00    0.00000000e+00    0.00000000e+00    0.00000000e+00
577      1.70006553e-07    1.80000000e+00    0.00000000e+00    0.00000000e+00    0.00000000e+00    0.00000000e+00    0.00000000e+00    0.00000000e+00
578      1.70013106e-07    1.80000000e+00    0.00000000e+00    0.00000000e+00    0.00000000e+00    0.00000000e+00    0.00000000e+00    0.00000000e+00
579      1.70026214e-07    1.80000000e+00    0.00000000e+00    0.00000000e+00    0.00000000e+00    0.00000000e+00    0.00000000e+00    0.00000000e+00
580      1.70052428e-07    1.80000000e+00    0.00000000e+00    0.00000000e+00    0.00000000e+00    0.00000000e+00    0.00000000e+00    0.00000000e+00
581      1.70104857e-07    1.80000000e+00    0.00000000e+00    0.00000000e+00    0.00000000e+00    0.00000000e+00    0.00000000e+00    0.00000000e+00
582      1.70209714e-07    1.80000000e+00    0.00000000e+00    0.00000000e+00    0.00000000e+00    0.00000000e+00    0.00000000e+00    0.00000000e+00
583      1.70419430e-07    1.80000000e+00    0.00000000e+00    0.00000000e+00    0.00000000e+00    0.00000000e+00    0.00000000e+00    0.00000000e+00
584      1.70838860e-07    1.80000000e+00    0.00000000e+00    0.00000000e+00    0.00000000e+00    0.00000000e+00    0.00000000e+00    0.00000000e+00
585      1.71677721e-07    1.80000000e+00    0.00000000e+00    0.00000000e+00    0.00000000e+00    0.00000000e+00    0.00000000e+00    0.00000000e+00
586      1.73355442e-07    1.80000000e+00    0.00000000e+00    0.00000000e+00    0.00000000e+00    0.00000000e+00    0.00000000e+00    0.00000000e+00
587      1.76710886e-07    1.80000000e+00    0.00000000e+00    0.00000000e+00    0.00000000e+00    0.00000000e+00    0.00000000e+00    0.00000000e+00
588      1.79999990e-07    1.80000000e+00    0.00000000e+00    0.00000000e+00    0.00000000e+00    0.00000000e+00    0.00000000e+00    0.00000000e+00
589      1.79999990e-07    1.78875000e+00    0.00000000e+00    0.00000000e+00    0.00000000e+00    0.00000000e+00    0.00000000e+00    0.00000000e+00
590      1.79999990e-07    1.76625000e+00    0.00000000e+00    0.00000000e+00    0.00000000e+00    0.00000000e+00    0.00000000e+00    0.00000000e+00
591      1.79999990e-07    1.72125000e+00    0.00000000e+00    0.00000000e+00    0.00000000e+00    0.00000000e+00    0.00000000e+00    0.00000000e+00
592      1.79999991e-07    1.63125000e+00    0.00000000e+00    0.00000000e+00    0.00000000e+00    0.00000000e+00    0.00000000e+00    0.00000000e+00
593      1.79999992e-07    1.45125000e+00    0.00000000e+00    0.00000000e+00    0.00000000e+00    0.00000000e+00    0.00000000e+00    0.00000000e+00
594      1.79999994e-07    1.09125000e+00    0.00000000e+00    0.00000000e+00    0.00000000e+00    0.00000000e+00    0.00000000e+00    0.00000000e+00
595      1.79999998e-07    3.71250000e-01    0.00000000e+00    0.00000000e+00    0.00000000e+00    0.00000000e+00    0.00000000e+00    0.00000000e+00
596      1.80000000e-07    0.00000000e+00    0.00000000e+00    0.00000000e+00    0.00000000e+00    0.00000000e+00    0.00000000e+00    0.00000000e+00
597      1.80000001e-07    0.00000000e+00    0.00000000e+00    0.00000000e+00    0.00000000e+00    0.00000000e+00    0.00000000e+00    0.00000000e+00
598      1.80000002e-07    0.00000000e+00    0.00000000e+00    0.00000000e+00    0.00000000e+00    0.00000000e+00    0.00000000e+00    0.00000000e+00
599      1.80000006e-07    0.00000000e+00    0.00000000e+00    0.00000000e+00    0.00000000e+00    0.00000000e+00    0.00000000e+00    0.00000000e+00
600      1.80000012e-07    0.00000000e+00    0.00000000e+00    0.00000000e+00    0.00000000e+00    0.00000000e+00    0.00000000e+00    0.00000000e+00
601      1.80000025e-07    0.00000000e+00    0.00000000e+00    0.00000000e+00    0.00000000e+00    0.00000000e+00    0.00000000e+00    0.00000000e+00
602      1.80000050e-07    0.00000000e+00    0.00000000e+00    0.00000000e+00    0.00000000e+00    0.00000000e+00    0.00000000e+00    0.00000000e+00
603      1.80000102e-07    0.00000000e+00    0.00000000e+00    0.00000000e+00    0.00000000e+00    0.00000000e+00    0.00000000e+00    0.00000000e+00
604      1.80000204e-07    0.00000000e+00    0.00000000e+00    0.00000000e+00    0.00000000e+00    0.00000000e+00    0.00000000e+00    0.00000000e+00
605      1.80000409e-07    0.00000000e+00    0.00000000e+00    0.00000000e+00    0.00000000e+00    0.00000000e+00    0.00000000e+00    0.00000000e+00
606      1.80000818e-07    0.00000000e+00    0.00000000e+00    0.00000000e+00    0.00000000e+00    0.00000000e+00    0.00000000e+00    0.00000000e+00
607      1.80001638e-07    0.00000000e+00    0.00000000e+00    0.00000000e+00    0.00000000e+00    0.00000000e+00    0.00000000e+00    0.00000000e+00
608      1.80003276e-07    0.00000000e+00    0.00000000e+00    0.00000000e+00    0.00000000e+00    0.00000000e+00    0.00000000e+00    0.00000000e+00
609      1.80006553e-07    0.00000000e+00    0.00000000e+00    0.00000000e+00    0.00000000e+00    0.00000000e+00    0.00000000e+00    0.00000000e+00
610      1.80013106e-07    0.00000000e+00    0.00000000e+00    0.00000000e+00    0.00000000e+00    0.00000000e+00    0.00000000e+00    0.00000000e+00
611      1.80026214e-07    0.00000000e+00    0.00000000e+00    0.00000000e+00    0.00000000e+00    0.00000000e+00    0.00000000e+00    0.00000000e+00
612      1.80052428e-07    0.00000000e+00    0.00000000e+00    0.00000000e+00    0.00000000e+00    0.00000000e+00    0.00000000e+00    0.00000000e+00
613      1.80104857e-07    0.00000000e+00    0.00000000e+00    0.00000000e+00    0.00000000e+00    0.00000000e+00    0.00000000e+00    0.00000000e+00
614      1.80209714e-07    0.00000000e+00    0.00000000e+00    0.00000000e+00    0.00000000e+00    0.00000000e+00    0.00000000e+00    0.00000000e+00
615      1.80419430e-07    0.00000000e+00    0.00000000e+00    0.00000000e+00    0.00000000e+00    0.00000000e+00    0.00000000e+00    0.00000000e+00
616      1.80838860e-07    0.00000000e+00    0.00000000e+00    0.00000000e+00    0.00000000e+00    0.00000000e+00    0.00000000e+00    0.00000000e+00
617      1.81677721e-07    0.00000000e+00    0.00000000e+00    0.00000000e+00    0.00000000e+00    0.00000000e+00    0.00000000e+00    0.00000000e+00
618      1.83355442e-07    0.00000000e+00    0.00000000e+00    0.00000000e+00    0.00000000e+00    0.00000000e+00    0.00000000e+00    0.00000000e+00
619      1.86710886e-07    0.00000000e+00    0.00000000e+00    0.00000000e+00    0.00000000e+00    0.00000000e+00    0.00000000e+00    0.00000000e+00
620      1.89999990e-07    0.00000000e+00    0.00000000e+00    0.00000000e+00    0.00000000e+00    0.00000000e+00    0.00000000e+00    0.00000000e+00
621      1.89999990e-07    7.03125225e-04    0.00000000e+00    0.00000000e+00    0.00000000e+00    0.00000000e+00    0.00000000e+00    0.00000000e+00
622      1.89999990e-07    1.28452070e-03    0.00000000e+00    0.00000000e+00    0.00000000e+00    0.00000000e+00    0.00000000e+00    0.00000000e+00
623      1.89999990e-07    2.44730688e-03    0.00000000e+00    0.00000000e+00    0.00000000e+00    0.00000000e+00    0.00000000e+00    0.00000000e+00
624      1.89999990e-07    4.77287925e-03    0.00000000e+00    0.00000000e+00    0.00000000e+00    0.00000000e+00    0.00000000e+00    0.00000000e+00
625      1.89999990e-07    9.42402398e-03    0.00000000e+00    0.00000000e+00    0.00000000e+00    0.00000000e+00    0.00000000e+00    0.00000000e+00
626      1.89999990e-07    1.87263182e-02    0.00000000e+00    0.00000000e+00    0.00000000e+00    0.00000000e+00    0.00000000e+00    0.00000000e+00
627      1.89999990e-07    3.73309066e-02    0.00000000e+00    0.00000000e+00    0.00000000e+00    0.00000000e+00    0.00000000e+00    0.00000000e+00
628      1.89999990e-07    7.45400835e-02    0.00000000e+00    0.00000000e+00    0.00000000e+00    0.00000000e+00    0.00000000e+00    0.00000000e+00
629      1.89999991e-07    1.48958437e-01    0.00000000e+00    0.00000000e+00    0.00000000e+00    0.00000000e+00    0.00000000e+00    0.00000000e+00
630      1.89999992e-07    2.97795140e-01    0.00000000e+00    0.00000000e+00    0.00000000e+00    0.00000000e+00    0.00000000e+00    0.00000000e+00
631      1.89999993e-07    5.95468546e-01    0.00000000e+00    0.00000000e+00    0.00000000e+00    0.00000000e+00    0.00000000e+00    0.00000000e+00
632      1.89999997e-07    1.19081536e+00    0.00000000e+00    0.00000000e+00    0.00000000e+00    0.00000000e+00    0.00000000e+00    0.00000000e+00
633      1.90000000e-07    1.80000000e+00    0.00000000e+00    0.00000000e+00    0.00000000e+00    0.00000000e+00    0.00000000e+00    0.00000000e+00
634      1.90000001e-07    1.80000000e+00    0.00000000e+00    0.00000000e+00    0.00000000e+00    0.00000000e+00    0.00000000e+00    0.00000000e+00
635      1.90000002e-07    1.80000000e+00    0.00000000e+00    0.00000000e+00    0.00000000e+00    0.00000000e+00    0.00000000e+00    0.00000000e+00
636      1.90000005e-07    1.80000000e+00    0.00000000e+00    0.00000000e+00    0.00000000e+00    0.00000000e+00    0.00000000e+00    0.00000000e+00
637      1.90000010e-07    1.80000000e+00    0.00000000e+00    0.00000000e+00    0.00000000e+00    0.00000000e+00    0.00000000e+00    0.00000000e+00
638      1.90000021e-07    1.80000000e+00    0.00000000e+00    0.00000000e+00    0.00000000e+00    0.00000000e+00    0.00000000e+00    0.00000000e+00
639      1.90000042e-07    1.80000000e+00    0.00000000e+00    0.00000000e+00    0.00000000e+00    0.00000000e+00    0.00000000e+00    0.00000000e+00
640      1.90000084e-07    1.80000000e+00    0.00000000e+00    0.00000000e+00    0.00000000e+00    0.00000000e+00    0.00000000e+00    0.00000000e+00
641      1.90000169e-07    1.80000000e+00    0.00000000e+00    0.00000000e+00    0.00000000e+00    0.00000000e+00    0.00000000e+00    0.00000000e+00
642      1.90000338e-07    1.80000000e+00    0.00000000e+00    0.00000000e+00    0.00000000e+00    0.00000000e+00    0.00000000e+00    0.00000000e+00
643      1.90000677e-07    1.80000000e+00    0.00000000e+00    0.00000000e+00    0.00000000e+00    0.00000000e+00    0.00000000e+00    0.00000000e+00
644      1.90001354e-07    1.80000000e+00    0.00000000e+00    0.00000000e+00    0.00000000e+00    0.00000000e+00    0.00000000e+00    0.00000000e+00
645      1.90002709e-07    1.80000000e+00    0.00000000e+00    0.00000000e+00    0.00000000e+00    0.00000000e+00    0.00000000e+00    0.00000000e+00
646      1.90005418e-07    1.80000000e+00    0.00000000e+00    0.00000000e+00    0.00000000e+00    0.00000000e+00    0.00000000e+00    0.00000000e+00
647      1.90010837e-07    1.80000000e+00    0.00000000e+00    0.00000000e+00    0.00000000e+00    0.00000000e+00    0.00000000e+00    0.00000000e+00
648      1.90021675e-07    1.80000000e+00    0.00000000e+00    0.00000000e+00    0.00000000e+00    0.00000000e+00    0.00000000e+00    0.00000000e+00
649      1.90043351e-07    1.80000000e+00    0.00000000e+00    0.00000000e+00    0.00000000e+00    0.00000000e+00    0.00000000e+00    0.00000000e+00
650      1.90086703e-07    1.80000000e+00    0.00000000e+00    0.00000000e+00    0.00000000e+00    0.00000000e+00    0.00000000e+00    0.00000000e+00
651      1.90173407e-07    1.80000000e+00    0.00000000e+00    0.00000000e+00    0.00000000e+00    0.00000000e+00    0.00000000e+00    0.00000000e+00
652      1.90346814e-07    1.80000000e+00    0.00000000e+00    0.00000000e+00    0.00000000e+00    0.00000000e+00    0.00000000e+00    0.00000000e+00
653      1.90693629e-07    1.80000000e+00    0.00000000e+00    0.00000000e+00    0.00000000e+00    0.00000000e+00    0.00000000e+00    0.00000000e+00
654      1.91387258e-07    1.80000000e+00    0.00000000e+00    0.00000000e+00    0.00000000e+00    0.00000000e+00    0.00000000e+00    0.00000000e+00
655      1.92774517e-07    1.80000000e+00    0.00000000e+00    0.00000000e+00    0.00000000e+00    0.00000000e+00    0.00000000e+00    0.00000000e+00
656      1.95549034e-07    1.80000000e+00    0.00000000e+00    0.00000000e+00    0.00000000e+00    0.00000000e+00    0.00000000e+00    0.00000000e+00
657      1.99999990e-07    1.80000000e+00    0.00000000e+00    0.00000000e+00    0.00000000e+00    0.00000000e+00    0.00000000e+00    0.00000000e+00
658      1.99999990e-07    1.78875000e+00    0.00000000e+00    0.00000000e+00    0.00000000e+00    0.00000000e+00    0.00000000e+00    0.00000000e+00
659      1.99999990e-07    1.76625000e+00    0.00000000e+00    0.00000000e+00    0.00000000e+00    0.00000000e+00    0.00000000e+00    0.00000000e+00
660      1.99999990e-07    1.72125000e+00    0.00000000e+00    0.00000000e+00    0.00000000e+00    0.00000000e+00    0.00000000e+00    0.00000000e+00
661      1.99999991e-07    1.63125000e+00    0.00000000e+00    0.00000000e+00    0.00000000e+00    0.00000000e+00    0.00000000e+00    0.00000000e+00
662      1.99999992e-07    1.45125000e+00    0.00000000e+00    0.00000000e+00    0.00000000e+00    0.00000000e+00    0.00000000e+00    0.00000000e+00
663      1.99999994e-07    1.09125000e+00    0.00000000e+00    0.00000000e+00    0.00000000e+00    0.00000000e+00    0.00000000e+00    0.00000000e+00
664      1.99999998e-07    3.71250000e-01    0.00000000e+00    0.00000000e+00    0.00000000e+00    0.00000000e+00    0.00000000e+00    0.00000000e+00
665      2.00000000e-07    0.00000000e+00    0.00000000e+00    0.00000000e+00    0.00000000e+00    0.00000000e+00    0.00000000e+00    0.00000000e+00
666      2.00000001e-07    0.00000000e+00    0.00000000e+00    0.00000000e+00    0.00000000e+00    0.00000000e+00    0.00000000e+00    0.00000000e+00
667      2.00000002e-07    0.00000000e+00    0.00000000e+00    0.00000000e+00    0.00000000e+00    0.00000000e+00    0.00000000e+00    0.00000000e+00
668      2.00000006e-07    0.00000000e+00    0.00000000e+00    0.00000000e+00    0.00000000e+00    0.00000000e+00    0.00000000e+00    0.00000000e+00
669      2.00000012e-07    0.00000000e+00    0.00000000e+00    0.00000000e+00    0.00000000e+00    0.00000000e+00    0.00000000e+00    0.00000000e+00
670      2.00000025e-07    0.00000000e+00    0.00000000e+00    0.00000000e+00    0.00000000e+00    0.00000000e+00    0.00000000e+00    0.00000000e+00
671      2.00000050e-07    0.00000000e+00    0.00000000e+00    0.00000000e+00    0.00000000e+00    0.00000000e+00    0.00000000e+00    0.00000000e+00
672      2.00000102e-07    0.00000000e+00    0.00000000e+00    0.00000000e+00    0.00000000e+00    0.00000000e+00    0.00000000e+00    0.00000000e+00
673      2.00000204e-07    0.00000000e+00    0.00000000e+00    0.00000000e+00    0.00000000e+00    0.00000000e+00    0.00000000e+00    0.00000000e+00
674      2.00000409e-07    0.00000000e+00    0.00000000e+00    0.00000000e+00    0.00000000e+00    0.00000000e+00    0.00000000e+00    0.00000000e+00
675      2.00000818e-07    0.00000000e+00    0.00000000e+00    0.00000000e+00    0.00000000e+00    0.00000000e+00    0.00000000e+00    0.00000000e+00
676      2.00001638e-07    0.00000000e+00    0.00000000e+00    0.00000000e+00    0.00000000e+00    0.00000000e+00    0.00000000e+00    0.00000000e+00
677      2.00003276e-07    0.00000000e+00    0.00000000e+00    0.00000000e+00    0.00000000e+00    0.00000000e+00    0.00000000e+00    0.00000000e+00
678      2.00006553e-07    0.00000000e+00    0.00000000e+00    0.00000000e+00    0.00000000e+00    0.00000000e+00    0.00000000e+00    0.00000000e+00
679      2.00013106e-07    0.00000000e+00    0.00000000e+00    0.00000000e+00    0.00000000e+00    0.00000000e+00    0.00000000e+00    0.00000000e+00
680      2.00026214e-07    0.00000000e+00    0.00000000e+00    0.00000000e+00    0.00000000e+00    0.00000000e+00    0.00000000e+00    0.00000000e+00
681      2.00052428e-07    0.00000000e+00    0.00000000e+00    0.00000000e+00    0.00000000e+00    0.00000000e+00    0.00000000e+00    0.00000000e+00
682      2.00104857e-07    0.00000000e+00    0.00000000e+00    0.00000000e+00    0.00000000e+00    0.00000000e+00    0.00000000e+00    0.00000000e+00
683      2.00209714e-07    0.00000000e+00    0.00000000e+00    0.00000000e+00    0.00000000e+00    0.00000000e+00    0.00000000e+00    0.00000000e+00
684      2.00419430e-07    0.00000000e+00    0.00000000e+00    0.00000000e+00    0.00000000e+00    0.00000000e+00    0.00000000e+00    0.00000000e+00
685      2.00838860e-07    0.00000000e+00    0.00000000e+00    0.00000000e+00    0.00000000e+00    0.00000000e+00    0.00000000e+00    0.00000000e+00
686      2.01677721e-07    0.00000000e+00    0.00000000e+00    0.00000000e+00    0.00000000e+00    0.00000000e+00    0.00000000e+00    0.00000000e+00
687      2.03355442e-07    0.00000000e+00    0.00000000e+00    0.00000000e+00    0.00000000e+00    0.00000000e+00    0.00000000e+00    0.00000000e+00
688      2.06710886e-07    0.00000000e+00    0.00000000e+00    0.00000000e+00    0.00000000e+00    0.00000000e+00    0.00000000e+00    0.00000000e+00
689      2.09999990e-07    0.00000000e+00    0.00000000e+00    0.00000000e+00    0.00000000e+00    0.00000000e+00    0.00000000e+00    0.00000000e+00
690      2.09999990e-07    7.03125225e-04    0.00000000e+00    0.00000000e+00    0.00000000e+00    0.00000000e+00    0.00000000e+00    0.00000000e+00
691      2.09999990e-07    1.28452070e-03    0.00000000e+00    0.00000000e+00    0.00000000e+00    0.00000000e+00    0.00000000e+00    0.00000000e+00
692      2.09999990e-07    2.44730688e-03    0.00000000e+00    0.00000000e+00    0.00000000e+00    0.00000000e+00    0.00000000e+00    0.00000000e+00
693      2.09999990e-07    4.77287925e-03    0.00000000e+00    0.00000000e+00    0.00000000e+00    0.00000000e+00    0.00000000e+00    0.00000000e+00
694      2.09999990e-07    9.42402398e-03    0.00000000e+00    0.00000000e+00    0.00000000e+00    0.00000000e+00    0.00000000e+00    0.00000000e+00
695      2.09999990e-07    1.87263182e-02    0.00000000e+00    0.00000000e+00    0.00000000e+00    0.00000000e+00    0.00000000e+00    0.00000000e+00
696      2.09999990e-07    3.73309066e-02    0.00000000e+00    0.00000000e+00    0.00000000e+00    0.00000000e+00    0.00000000e+00    0.00000000e+00
697      2.09999990e-07    7.45400835e-02    0.00000000e+00    0.00000000e+00    0.00000000e+00    0.00000000e+00    0.00000000e+00    0.00000000e+00
698      2.09999991e-07    1.48958437e-01    0.00000000e+00    0.00000000e+00    0.00000000e+00    0.00000000e+00    0.00000000e+00    0.00000000e+00
699      2.09999992e-07    2.97795140e-01    0.00000000e+00    0.00000000e+00    0.00000000e+00    0.00000000e+00    0.00000000e+00    0.00000000e+00
700      2.09999993e-07    5.95468546e-01    0.00000000e+00    0.00000000e+00    0.00000000e+00    0.00000000e+00    0.00000000e+00    0.00000000e+00
701      2.09999997e-07    1.19081536e+00    0.00000000e+00    0.00000000e+00    0.00000000e+00    0.00000000e+00    0.00000000e+00    0.00000000e+00
702      2.10000000e-07    1.80000000e+00    0.00000000e+00    0.00000000e+00    0.00000000e+00    0.00000000e+00    0.00000000e+00    0.00000000e+00
703      2.10000001e-07    1.80000000e+00    0.00000000e+00    0.00000000e+00    0.00000000e+00    0.00000000e+00    0.00000000e+00    0.00000000e+00
704      2.10000002e-07    1.80000000e+00    0.00000000e+00    0.00000000e+00    0.00000000e+00    0.00000000e+00    0.00000000e+00    0.00000000e+00
705      2.10000005e-07    1.80000000e+00    0.00000000e+00    0.00000000e+00    0.00000000e+00    0.00000000e+00    0.00000000e+00    0.00000000e+00
706      2.10000010e-07    1.80000000e+00    0.00000000e+00    0.00000000e+00    0.00000000e+00    0.00000000e+00    0.00000000e+00    0.00000000e+00
707      2.10000021e-07    1.80000000e+00    0.00000000e+00    0.00000000e+00    0.00000000e+00    0.00000000e+00    0.00000000e+00    0.00000000e+00
708      2.10000042e-07    1.80000000e+00    0.00000000e+00    0.00000000e+00    0.00000000e+00    0.00000000e+00    0.00000000e+00    0.00000000e+00
709      2.10000084e-07    1.80000000e+00    0.00000000e+00    0.00000000e+00    0.00000000e+00    0.00000000e+00    0.00000000e+00    0.00000000e+00
710      2.10000169e-07    1.80000000e+00    0.00000000e+00    0.00000000e+00    0.00000000e+00    0.00000000e+00    0.00000000e+00    0.00000000e+00
711      2.10000338e-07    1.80000000e+00    0.00000000e+00    0.00000000e+00    0.00000000e+00    0.00000000e+00    0.00000000e+00    0.00000000e+00
712      2.10000677e-07    1.80000000e+00    0.00000000e+00    0.00000000e+00    0.00000000e+00    0.00000000e+00    0.00000000e+00    0.00000000e+00
713      2.10001354e-07    1.80000000e+00    0.00000000e+00    0.00000000e+00    0.00000000e+00    0.00000000e+00    0.00000000e+00    0.00000000e+00
714      2.10002709e-07    1.80000000e+00    0.00000000e+00    0.00000000e+00    0.00000000e+00    0.00000000e+00    0.00000000e+00    0.00000000e+00
715      2.10005418e-07    1.80000000e+00    0.00000000e+00    0.00000000e+00    0.00000000e+00    0.00000000e+00    0.00000000e+00    0.00000000e+00
716      2.10010837e-07    1.80000000e+00    0.00000000e+00    0.00000000e+00    0.00000000e+00    0.00000000e+00    0.00000000e+00    0.00000000e+00
717      2.10021675e-07    1.80000000e+00    0.00000000e+00    0.00000000e+00    0.00000000e+00    0.00000000e+00    0.00000000e+00    0.00000000e+00
718      2.10043351e-07    1.80000000e+00    0.00000000e+00    0.00000000e+00    0.00000000e+00    0.00000000e+00    0.00000000e+00    0.00000000e+00
719      2.10086703e-07    1.80000000e+00    0.00000000e+00    0.00000000e+00    0.00000000e+00    0.00000000e+00    0.00000000e+00    0.00000000e+00
720      2.10173407e-07    1.80000000e+00    0.00000000e+00    0.00000000e+00    0.00000000e+00    0.00000000e+00    0.00000000e+00    0.00000000e+00
721      2.10346814e-07    1.80000000e+00    0.00000000e+00    0.00000000e+00    0.00000000e+00    0.00000000e+00    0.00000000e+00    0.00000000e+00
722      2.10693629e-07    1.80000000e+00    0.00000000e+00    0.00000000e+00    0.00000000e+00    0.00000000e+00    0.00000000e+00    0.00000000e+00
723      2.11387258e-07    1.80000000e+00    0.00000000e+00    0.00000000e+00    0.00000000e+00    0.00000000e+00    0.00000000e+00    0.00000000e+00
724      2.12774517e-07    1.80000000e+00    0.00000000e+00    0.00000000e+00    0.00000000e+00    0.00000000e+00    0.00000000e+00    0.00000000e+00
725      2.15549034e-07    1.80000000e+00    0.00000000e+00    0.00000000e+00    0.00000000e+00    0.00000000e+00    0.00000000e+00    0.00000000e+00
726      2.19999990e-07    1.80000000e+00    0.00000000e+00    0.00000000e+00    0.00000000e+00    0.00000000e+00    0.00000000e+00    0.00000000e+00
727      2.19999990e-07    1.78875000e+00    0.00000000e+00    0.00000000e+00    0.00000000e+00    0.00000000e+00    0.00000000e+00    0.00000000e+00
728      2.19999990e-07    1.76625000e+00    0.00000000e+00    0.00000000e+00    0.00000000e+00    0.00000000e+00    0.00000000e+00    0.00000000e+00
729      2.19999990e-07    1.72125000e+00    0.00000000e+00    0.00000000e+00    0.00000000e+00    0.00000000e+00    0.00000000e+00    0.00000000e+00
730      2.19999991e-07    1.63125000e+00    0.00000000e+00    0.00000000e+00    0.00000000e+00    0.00000000e+00    0.00000000e+00    0.00000000e+00
731      2.19999992e-07    1.45125000e+00    0.00000000e+00    0.00000000e+00    0.00000000e+00    0.00000000e+00    0.00000000e+00    0.00000000e+00
732      2.19999994e-07    1.09125000e+00    0.00000000e+00    0.00000000e+00    0.00000000e+00    0.00000000e+00    0.00000000e+00    0.00000000e+00
733      2.19999998e-07    3.71250000e-01    0.00000000e+00    0.00000000e+00    0.00000000e+00    0.00000000e+00    0.00000000e+00    0.00000000e+00
734      2.20000000e-07    0.00000000e+00    0.00000000e+00    0.00000000e+00    0.00000000e+00    0.00000000e+00    0.00000000e+00    0.00000000e+00
735      2.20000001e-07    0.00000000e+00    0.00000000e+00    0.00000000e+00    0.00000000e+00    0.00000000e+00    0.00000000e+00    0.00000000e+00
736      2.20000002e-07    0.00000000e+00    0.00000000e+00    0.00000000e+00    0.00000000e+00    0.00000000e+00    0.00000000e+00    0.00000000e+00
737      2.20000006e-07    0.00000000e+00    0.00000000e+00    0.00000000e+00    0.00000000e+00    0.00000000e+00    0.00000000e+00    0.00000000e+00
738      2.20000012e-07    0.00000000e+00    0.00000000e+00    0.00000000e+00    0.00000000e+00    0.00000000e+00    0.00000000e+00    0.00000000e+00
739      2.20000025e-07    0.00000000e+00    0.00000000e+00    0.00000000e+00    0.00000000e+00    0.00000000e+00    0.00000000e+00    0.00000000e+00
740      2.20000050e-07    0.00000000e+00    0.00000000e+00    0.00000000e+00    0.00000000e+00    0.00000000e+00    0.00000000e+00    0.00000000e+00
741      2.20000102e-07    0.00000000e+00    0.00000000e+00    0.00000000e+00    0.00000000e+00    0.00000000e+00    0.00000000e+00    0.00000000e+00
742      2.20000204e-07    0.00000000e+00    0.00000000e+00    0.00000000e+00    0.00000000e+00    0.00000000e+00    0.00000000e+00    0.00000000e+00
743      2.20000409e-07    0.00000000e+00    0.00000000e+00    0.00000000e+00    0.00000000e+00    0.00000000e+00    0.00000000e+00    0.00000000e+00
744      2.20000818e-07    0.00000000e+00    0.00000000e+00    0.00000000e+00    0.00000000e+00    0.00000000e+00    0.00000000e+00    0.00000000e+00
745      2.20001638e-07    0.00000000e+00    0.00000000e+00    0.00000000e+00    0.00000000e+00    0.00000000e+00    0.00000000e+00    0.00000000e+00
746      2.20003276e-07    0.00000000e+00    0.00000000e+00    0.00000000e+00    0.00000000e+00    0.00000000e+00    0.00000000e+00    0.00000000e+00
747      2.20006553e-07    0.00000000e+00    0.00000000e+00    0.00000000e+00    0.00000000e+00    0.00000000e+00    0.00000000e+00    0.00000000e+00
748      2.20013106e-07    0.00000000e+00    0.00000000e+00    0.00000000e+00    0.00000000e+00    0.00000000e+00    0.00000000e+00    0.00000000e+00
749      2.20026214e-07    0.00000000e+00    0.00000000e+00    0.00000000e+00    0.00000000e+00    0.00000000e+00    0.00000000e+00    0.00000000e+00
750      2.20052428e-07    0.00000000e+00    0.00000000e+00    0.00000000e+00    0.00000000e+00    0.00000000e+00    0.00000000e+00    0.00000000e+00
751      2.20104857e-07    0.00000000e+00    0.00000000e+00    0.00000000e+00    0.00000000e+00    0.00000000e+00    0.00000000e+00    0.00000000e+00
752      2.20209714e-07    0.00000000e+00    0.00000000e+00    0.00000000e+00    0.00000000e+00    0.00000000e+00    0.00000000e+00    0.00000000e+00
753      2.20419430e-07    0.00000000e+00    0.00000000e+00    0.00000000e+00    0.00000000e+00    0.00000000e+00    0.00000000e+00    0.00000000e+00
754      2.20838860e-07    0.00000000e+00    0.00000000e+00    0.00000000e+00    0.00000000e+00    0.00000000e+00    0.00000000e+00    0.00000000e+00
755      2.21677721e-07    0.00000000e+00    0.00000000e+00    0.00000000e+00    0.00000000e+00    0.00000000e+00    0.00000000e+00    0.00000000e+00
756      2.23355442e-07    0.00000000e+00    0.00000000e+00    0.00000000e+00    0.00000000e+00    0.00000000e+00    0.00000000e+00    0.00000000e+00
757      2.26710886e-07    0.00000000e+00    0.00000000e+00    0.00000000e+00    0.00000000e+00    0.00000000e+00    0.00000000e+00    0.00000000e+00
758      2.29999990e-07    0.00000000e+00    0.00000000e+00    0.00000000e+00    0.00000000e+00    0.00000000e+00    0.00000000e+00    0.00000000e+00
759      2.29999990e-07    7.03125225e-04    0.00000000e+00    0.00000000e+00    0.00000000e+00    0.00000000e+00    0.00000000e+00    0.00000000e+00
760      2.29999990e-07    1.28452070e-03    0.00000000e+00    0.00000000e+00    0.00000000e+00    0.00000000e+00    0.00000000e+00    0.00000000e+00
761      2.29999990e-07    2.44730688e-03    0.00000000e+00    0.00000000e+00    0.00000000e+00    0.00000000e+00    0.00000000e+00    0.00000000e+00
762      2.29999990e-07    4.77287925e-03    0.00000000e+00    0.00000000e+00    0.00000000e+00    0.00000000e+00    0.00000000e+00    0.00000000e+00
763      2.29999990e-07    9.42402398e-03    0.00000000e+00    0.00000000e+00    0.00000000e+00    0.00000000e+00    0.00000000e+00    0.00000000e+00
764      2.29999990e-07    1.87263182e-02    0.00000000e+00    0.00000000e+00    0.00000000e+00    0.00000000e+00    0.00000000e+00    0.00000000e+00
765      2.29999990e-07    3.73309066e-02    0.00000000e+00    0.00000000e+00    0.00000000e+00    0.00000000e+00    0.00000000e+00    0.00000000e+00
766      2.29999990e-07    7.45400835e-02    0.00000000e+00    0.00000000e+00    0.00000000e+00    0.00000000e+00    0.00000000e+00    0.00000000e+00
767      2.29999991e-07    1.48958437e-01    0.00000000e+00    0.00000000e+00    0.00000000e+00    0.00000000e+00    0.00000000e+00    0.00000000e+00
768      2.29999992e-07    2.97795140e-01    0.00000000e+00    0.00000000e+00    0.00000000e+00    0.00000000e+00    0.00000000e+00    0.00000000e+00
769      2.29999993e-07    5.95468546e-01    0.00000000e+00    0.00000000e+00    0.00000000e+00    0.00000000e+00    0.00000000e+00    0.00000000e+00
770      2.29999997e-07    1.19081536e+00    0.00000000e+00    0.00000000e+00    0.00000000e+00    0.00000000e+00    0.00000000e+00    0.00000000e+00
771      2.30000000e-07    1.80000000e+00    0.00000000e+00    0.00000000e+00    0.00000000e+00    0.00000000e+00    0.00000000e+00    0.00000000e+00
772      2.30000001e-07    1.80000000e+00    0.00000000e+00    0.00000000e+00    0.00000000e+00    0.00000000e+00    0.00000000e+00    0.00000000e+00
773      2.30000002e-07    1.80000000e+00    0.00000000e+00    0.00000000e+00    0.00000000e+00    0.00000000e+00    0.00000000e+00    0.00000000e+00
774      2.30000005e-07    1.80000000e+00    0.00000000e+00    0.00000000e+00    0.00000000e+00    0.00000000e+00    0.00000000e+00    0.00000000e+00
775      2.30000010e-07    1.80000000e+00    0.00000000e+00    0.00000000e+00    0.00000000e+00    0.00000000e+00    0.00000000e+00    0.00000000e+00
776      2.30000021e-07    1.80000000e+00    0.00000000e+00    0.00000000e+00    0.00000000e+00    0.00000000e+00    0.00000000e+00    0.00000000e+00
777      2.30000042e-07    1.80000000e+00    0.00000000e+00    0.00000000e+00    0.00000000e+00    0.00000000e+00    0.00000000e+00    0.00000000e+00
778      2.30000084e-07    1.80000000e+00    0.00000000e+00    0.00000000e+00    0.00000000e+00    0.00000000e+00    0.00000000e+00    0.00000000e+00
779      2.30000169e-07    1.80000000e+00    0.00000000e+00    0.00000000e+00    0.00000000e+00    0.00000000e+00    0.00000000e+00    0.00000000e+00
780      2.30000338e-07    1.80000000e+00    0.00000000e+00    0.00000000e+00    0.00000000e+00    0.00000000e+00    0.00000000e+00    0.00000000e+00
781      2.30000677e-07    1.80000000e+00    0.00000000e+00    0.00000000e+00    0.00000000e+00    0.00000000e+00    0.00000000e+00    0.00000000e+00
782      2.30001354e-07    1.80000000e+00    0.00000000e+00    0.00000000e+00    0.00000000e+00    0.00000000e+00    0.00000000e+00    0.00000000e+00
783      2.30002709e-07    1.80000000e+00    0.00000000e+00    0.00000000e+00    0.00000000e+00    0.00000000e+00    0.00000000e+00    0.00000000e+00
784      2.30005418e-07    1.80000000e+00    0.00000000e+00    0.00000000e+00    0.00000000e+00    0.00000000e+00    0.00000000e+00    0.00000000e+00
785      2.30010837e-07    1.80000000e+00    0.00000000e+00    0.00000000e+00    0.00000000e+00    0.00000000e+00    0.00000000e+00    0.00000000e+00
786      2.30021675e-07    1.80000000e+00    0.00000000e+00    0.00000000e+00    0.00000000e+00    0.00000000e+00    0.00000000e+00    0.00000000e+00
787      2.30043351e-07    1.80000000e+00    0.00000000e+00    0.00000000e+00    0.00000000e+00    0.00000000e+00    0.00000000e+00    0.00000000e+00
788      2.30086703e-07    1.80000000e+00    0.00000000e+00    0.00000000e+00    0.00000000e+00    0.00000000e+00    0.00000000e+00    0.00000000e+00
789      2.30173407e-07    1.80000000e+00    0.00000000e+00    0.00000000e+00    0.00000000e+00    0.00000000e+00    0.00000000e+00    0.00000000e+00
790      2.30346814e-07    1.80000000e+00    0.00000000e+00    0.00000000e+00    0.00000000e+00    0.00000000e+00    0.00000000e+00    0.00000000e+00
791      2.30693629e-07    1.80000000e+00    0.00000000e+00    0.00000000e+00    0.00000000e+00    0.00000000e+00    0.00000000e+00    0.00000000e+00
792      2.31387258e-07    1.80000000e+00    0.00000000e+00    0.00000000e+00    0.00000000e+00    0.00000000e+00    0.00000000e+00    0.00000000e+00
793      2.32774517e-07    1.80000000e+00    0.00000000e+00    0.00000000e+00    0.00000000e+00    0.00000000e+00    0.00000000e+00    0.00000000e+00
794      2.35549034e-07    1.80000000e+00    0.00000000e+00    0.00000000e+00    0.00000000e+00    0.00000000e+00    0.00000000e+00    0.00000000e+00
795      2.39999990e-07    1.80000000e+00    0.00000000e+00    0.00000000e+00    0.00000000e+00    0.00000000e+00    0.00000000e+00    0.00000000e+00
796      2.39999990e-07    1.78875000e+00    0.00000000e+00    0.00000000e+00    0.00000000e+00    0.00000000e+00    0.00000000e+00    0.00000000e+00
797      2.39999990e-07    1.76625000e+00    0.00000000e+00    0.00000000e+00    0.00000000e+00    0.00000000e+00    0.00000000e+00    0.00000000e+00
798      2.39999990e-07    1.72125000e+00    0.00000000e+00    0.00000000e+00    0.00000000e+00    0.00000000e+00    0.00000000e+00    0.00000000e+00
799      2.39999991e-07    1.63125000e+00    0.00000000e+00    0.00000000e+00    0.00000000e+00    0.00000000e+00    0.00000000e+00    0.00000000e+00
800      2.39999992e-07    1.45125000e+00    0.00000000e+00    0.00000000e+00    0.00000000e+00    0.00000000e+00    0.00000000e+00    0.00000000e+00
801      2.39999994e-07    1.09125000e+00    0.00000000e+00    0.00000000e+00    0.00000000e+00    0.00000000e+00    0.00000000e+00    0.00000000e+00
802      2.39999998e-07    3.71249996e-01    0.00000000e+00    0.00000000e+00    0.00000000e+00    0.00000000e+00    0.00000000e+00    0.00000000e+00
803      2.40000000e-07    0.00000000e+00    0.00000000e+00    0.00000000e+00    0.00000000e+00    0.00000000e+00    0.00000000e+00    0.00000000e+00
804      2.40000001e-07    0.00000000e+00    0.00000000e+00    0.00000000e+00    0.00000000e+00    0.00000000e+00    0.00000000e+00    0.00000000e+00
805      2.40000002e-07    0.00000000e+00    0.00000000e+00    0.00000000e+00    0.00000000e+00    0.00000000e+00    0.00000000e+00    0.00000000e+00
806      2.40000006e-07    0.00000000e+00    0.00000000e+00    0.00000000e+00    0.00000000e+00    0.00000000e+00    0.00000000e+00    0.00000000e+00
807      2.40000012e-07    0.00000000e+00    0.00000000e+00    0.00000000e+00    0.00000000e+00    0.00000000e+00    0.00000000e+00    0.00000000e+00
808      2.40000025e-07    0.00000000e+00    0.00000000e+00    0.00000000e+00    0.00000000e+00    0.00000000e+00    0.00000000e+00    0.00000000e+00
809      2.40000050e-07    0.00000000e+00    0.00000000e+00    0.00000000e+00    0.00000000e+00    0.00000000e+00    0.00000000e+00    0.00000000e+00
810      2.40000102e-07    0.00000000e+00    0.00000000e+00    0.00000000e+00    0.00000000e+00    0.00000000e+00    0.00000000e+00    0.00000000e+00
811      2.40000204e-07    0.00000000e+00    0.00000000e+00    0.00000000e+00    0.00000000e+00    0.00000000e+00    0.00000000e+00    0.00000000e+00
812      2.40000409e-07    0.00000000e+00    0.00000000e+00    0.00000000e+00    0.00000000e+00    0.00000000e+00    0.00000000e+00    0.00000000e+00
813      2.40000818e-07    0.00000000e+00    0.00000000e+00    0.00000000e+00    0.00000000e+00    0.00000000e+00    0.00000000e+00    0.00000000e+00
814      2.40001638e-07    0.00000000e+00    0.00000000e+00    0.00000000e+00    0.00000000e+00    0.00000000e+00    0.00000000e+00    0.00000000e+00
815      2.40003276e-07    0.00000000e+00    0.00000000e+00    0.00000000e+00    0.00000000e+00    0.00000000e+00    0.00000000e+00    0.00000000e+00
816      2.40006553e-07    0.00000000e+00    0.00000000e+00    0.00000000e+00    0.00000000e+00    0.00000000e+00    0.00000000e+00    0.00000000e+00
817      2.40013106e-07    0.00000000e+00    0.00000000e+00    0.00000000e+00    0.00000000e+00    0.00000000e+00    0.00000000e+00    0.00000000e+00
818      2.40026214e-07    0.00000000e+00    0.00000000e+00    0.00000000e+00    0.00000000e+00    0.00000000e+00    0.00000000e+00    0.00000000e+00
819      2.40052428e-07    0.00000000e+00    0.00000000e+00    0.00000000e+00    0.00000000e+00    0.00000000e+00    0.00000000e+00    0.00000000e+00
820      2.40104857e-07    0.00000000e+00    0.00000000e+00    0.00000000e+00    0.00000000e+00    0.00000000e+00    0.00000000e+00    0.00000000e+00
821      2.40209714e-07    0.00000000e+00    0.00000000e+00    0.00000000e+00    0.00000000e+00    0.00000000e+00    0.00000000e+00    0.00000000e+00
822      2.40419430e-07    0.00000000e+00    0.00000000e+00    0.00000000e+00    0.00000000e+00    0.00000000e+00    0.00000000e+00    0.00000000e+00
823      2.40838860e-07    0.00000000e+00    0.00000000e+00    0.00000000e+00    0.00000000e+00    0.00000000e+00    0.00000000e+00    0.00000000e+00
824      2.40999990e-07    0.00000000e+00    0.00000000e+00    0.00000000e+00    0.00000000e+00    0.00000000e+00    0.00000000e+00    0.00000000e+00
825      2.40999990e-07    0.00000000e+00    0.00000000e+00    0.00000000e+00    0.00000000e+00    0.00000000e+00    0.00000000e+00    7.03125227e-04
826      2.40999990e-07    0.00000000e+00    0.00000000e+00    0.00000000e+00    0.00000000e+00    0.00000000e+00    0.00000000e+00    1.28451594e-03
827      2.40999990e-07    0.00000000e+00    0.00000000e+00    0.00000000e+00    0.00000000e+00    0.00000000e+00    0.00000000e+00    2.44730689e-03
828      2.40999990e-07    0.00000000e+00    0.00000000e+00    0.00000000e+00    0.00000000e+00    0.00000000e+00    0.00000000e+00    4.77287926e-03
829      2.40999990e-07    0.00000000e+00    0.00000000e+00    0.00000000e+00    0.00000000e+00    0.00000000e+00    0.00000000e+00    9.42402400e-03
830      2.40999990e-07    0.00000000e+00    0.00000000e+00    0.00000000e+00    0.00000000e+00    0.00000000e+00    0.00000000e+00    1.87263135e-02
831      2.40999990e-07    0.00000000e+00    0.00000000e+00    0.00000000e+00    0.00000000e+00    0.00000000e+00    0.00000000e+00    3.73309020e-02
832      2.40999990e-07    0.00000000e+00    0.00000000e+00    0.00000000e+00    0.00000000e+00    0.00000000e+00    0.00000000e+00    7.45400790e-02
833      2.40999991e-07    0.00000000e+00    0.00000000e+00    0.00000000e+00    0.00000000e+00    0.00000000e+00    0.00000000e+00    1.48958433e-01
834      2.40999992e-07    0.00000000e+00    0.00000000e+00    0.00000000e+00    0.00000000e+00    0.00000000e+00    0.00000000e+00    2.97795141e-01
835      2.40999993e-07    0.00000000e+00    0.00000000e+00    0.00000000e+00    0.00000000e+00    0.00000000e+00    0.00000000e+00    5.95468547e-01
836      2.40999997e-07    0.00000000e+00    0.00000000e+00    0.00000000e+00    0.00000000e+00    0.00000000e+00    0.00000000e+00    1.19081536e+00
837      2.41000000e-07    0.00000000e+00    0.00000000e+00    0.00000000e+00    0.00000000e+00    0.00000000e+00    0.00000000e+00    1.80000000e+00
838      2.41000001e-07    0.00000000e+00    0.00000000e+00    0.00000000e+00    0.00000000e+00    0.00000000e+00    0.00000000e+00    1.80000000e+00
839      2.41000002e-07    0.00000000e+00    0.00000000e+00    0.00000000e+00    0.00000000e+00    0.00000000e+00    0.00000000e+00    1.80000000e+00
840      2.41000005e-07    0.00000000e+00    0.00000000e+00    0.00000000e+00    0.00000000e+00    0.00000000e+00    0.00000000e+00    1.80000000e+00
841      2.41000010e-07    0.00000000e+00    0.00000000e+00    0.00000000e+00    0.00000000e+00    0.00000000e+00    0.00000000e+00    1.80000000e+00
842      2.41000021e-07    0.00000000e+00    0.00000000e+00    0.00000000e+00    0.00000000e+00    0.00000000e+00    0.00000000e+00    1.80000000e+00
843      2.41000042e-07    0.00000000e+00    0.00000000e+00    0.00000000e+00    0.00000000e+00    0.00000000e+00    0.00000000e+00    1.80000000e+00
844      2.41000084e-07    0.00000000e+00    0.00000000e+00    0.00000000e+00    0.00000000e+00    0.00000000e+00    0.00000000e+00    1.80000000e+00
845      2.41000169e-07    0.00000000e+00    0.00000000e+00    0.00000000e+00    0.00000000e+00    0.00000000e+00    0.00000000e+00    1.80000000e+00
846      2.41000338e-07    0.00000000e+00    0.00000000e+00    0.00000000e+00    0.00000000e+00    0.00000000e+00    0.00000000e+00    1.80000000e+00
847      2.41000677e-07    0.00000000e+00    0.00000000e+00    0.00000000e+00    0.00000000e+00    0.00000000e+00    0.00000000e+00    1.80000000e+00
848      2.41001354e-07    0.00000000e+00    0.00000000e+00    0.00000000e+00    0.00000000e+00    0.00000000e+00    0.00000000e+00    1.80000000e+00
849      2.41002709e-07    0.00000000e+00    0.00000000e+00    0.00000000e+00    0.00000000e+00    0.00000000e+00    0.00000000e+00    1.80000000e+00
850      2.41005418e-07    0.00000000e+00    0.00000000e+00    0.00000000e+00    0.00000000e+00    0.00000000e+00    0.00000000e+00    1.80000000e+00
851      2.41010837e-07    0.00000000e+00    0.00000000e+00    0.00000000e+00    0.00000000e+00    0.00000000e+00    0.00000000e+00    1.80000000e+00
852      2.41021675e-07    0.00000000e+00    0.00000000e+00    0.00000000e+00    0.00000000e+00    0.00000000e+00    0.00000000e+00    1.80000000e+00
853      2.41043351e-07    0.00000000e+00    0.00000000e+00    0.00000000e+00    0.00000000e+00    0.00000000e+00    0.00000000e+00    1.80000000e+00
854      2.41086703e-07    0.00000000e+00    0.00000000e+00    0.00000000e+00    0.00000000e+00    0.00000000e+00    0.00000000e+00    1.80000000e+00
855      2.41173407e-07    0.00000000e+00    0.00000000e+00    0.00000000e+00    0.00000000e+00    0.00000000e+00    0.00000000e+00    1.80000000e+00
856      2.41346814e-07    0.00000000e+00    0.00000000e+00    0.00000000e+00    0.00000000e+00    0.00000000e+00    0.00000000e+00    1.80000000e+00
857      2.41693629e-07    0.00000000e+00    0.00000000e+00    0.00000000e+00    0.00000000e+00    0.00000000e+00    0.00000000e+00    1.80000000e+00
858      2.42387258e-07    0.00000000e+00    0.00000000e+00    0.00000000e+00    0.00000000e+00    0.00000000e+00    0.00000000e+00    1.80000000e+00
859      2.43774517e-07    0.00000000e+00    0.00000000e+00    0.00000000e+00    0.00000000e+00    0.00000000e+00    0.00000000e+00    1.80000000e+00
860      2.46549034e-07    0.00000000e+00    0.00000000e+00    0.00000000e+00    0.00000000e+00    0.00000000e+00    0.00000000e+00    1.80000000e+00
861      2.49999990e-07    0.00000000e+00    0.00000000e+00    0.00000000e+00    0.00000000e+00    0.00000000e+00    0.00000000e+00    1.80000000e+00
862      2.49999990e-07    1.12500036e-02    0.00000000e+00    0.00000000e+00    0.00000000e+00    0.00000000e+00    0.00000000e+00    1.80000000e+00
863      2.49999990e-07    3.37500014e-02    0.00000000e+00    0.00000000e+00    0.00000000e+00    0.00000000e+00    0.00000000e+00    1.80000000e+00
864      2.49999990e-07    7.87499968e-02    0.00000000e+00    0.00000000e+00    0.00000000e+00    0.00000000e+00    0.00000000e+00    1.80000000e+00
865      2.49999991e-07    1.68749997e-01    0.00000000e+00    0.00000000e+00    0.00000000e+00    0.00000000e+00    0.00000000e+00    1.80000000e+00
866      2.49999992e-07    3.48749998e-01    0.00000000e+00    0.00000000e+00    0.00000000e+00    0.00000000e+00    0.00000000e+00    1.80000000e+00
867      2.49999994e-07    7.08750000e-01    0.00000000e+00    0.00000000e+00    0.00000000e+00    0.00000000e+00    0.00000000e+00    1.80000000e+00
868      2.49999998e-07    1.42875000e+00    0.00000000e+00    0.00000000e+00    0.00000000e+00    0.00000000e+00    0.00000000e+00    1.80000000e+00
869      2.50000000e-07    1.80000000e+00    0.00000000e+00    0.00000000e+00    0.00000000e+00    0.00000000e+00    0.00000000e+00    1.80000000e+00
870      2.50000001e-07    1.80000000e+00    0.00000000e+00    0.00000000e+00    0.00000000e+00    0.00000000e+00    0.00000000e+00    1.80000000e+00
871      2.50000002e-07    1.80000000e+00    0.00000000e+00    0.00000000e+00    0.00000000e+00    0.00000000e+00    0.00000000e+00    1.80000000e+00
872      2.50000006e-07    1.80000000e+00    0.00000000e+00    0.00000000e+00    0.00000000e+00    0.00000000e+00    0.00000000e+00    1.80000000e+00
873      2.50000012e-07    1.80000000e+00    0.00000000e+00    0.00000000e+00    0.00000000e+00    0.00000000e+00    0.00000000e+00    1.80000000e+00
874      2.50000025e-07    1.80000000e+00    0.00000000e+00    0.00000000e+00    0.00000000e+00    0.00000000e+00    0.00000000e+00    1.80000000e+00
875      2.50000050e-07    1.80000000e+00    0.00000000e+00    0.00000000e+00    0.00000000e+00    0.00000000e+00    0.00000000e+00    1.80000000e+00
876      2.50000102e-07    1.80000000e+00    0.00000000e+00    0.00000000e+00    0.00000000e+00    0.00000000e+00    0.00000000e+00    1.80000000e+00
877      2.50000204e-07    1.80000000e+00    0.00000000e+00    0.00000000e+00    0.00000000e+00    0.00000000e+00    0.00000000e+00    1.80000000e+00
878      2.50000409e-07    1.80000000e+00    0.00000000e+00    0.00000000e+00    0.00000000e+00    0.00000000e+00    0.00000000e+00    1.80000000e+00
879      2.50000818e-07    1.80000000e+00    0.00000000e+00    0.00000000e+00    0.00000000e+00    0.00000000e+00    0.00000000e+00    1.80000000e+00
880      2.50001638e-07    1.80000000e+00    0.00000000e+00    0.00000000e+00    0.00000000e+00    0.00000000e+00    0.00000000e+00    1.80000000e+00
881      2.50003276e-07    1.80000000e+00    0.00000000e+00    0.00000000e+00    0.00000000e+00    0.00000000e+00    0.00000000e+00    1.80000000e+00
882      2.50006553e-07    1.80000000e+00    0.00000000e+00    0.00000000e+00    0.00000000e+00    0.00000000e+00    0.00000000e+00    1.80000000e+00
883      2.50013106e-07    1.80000000e+00    0.00000000e+00    0.00000000e+00    0.00000000e+00    0.00000000e+00    0.00000000e+00    1.80000000e+00
884      2.50026214e-07    1.80000000e+00    0.00000000e+00    0.00000000e+00    0.00000000e+00    0.00000000e+00    0.00000000e+00    1.80000000e+00
885      2.50052428e-07    1.80000000e+00    0.00000000e+00    0.00000000e+00    0.00000000e+00    0.00000000e+00    0.00000000e+00    1.80000000e+00
886      2.50104857e-07    1.80000000e+00    0.00000000e+00    0.00000000e+00    0.00000000e+00    0.00000000e+00    0.00000000e+00    1.80000000e+00
887      2.50209714e-07    1.80000000e+00    0.00000000e+00    0.00000000e+00    0.00000000e+00    0.00000000e+00    0.00000000e+00    1.80000000e+00
888      2.50419430e-07    1.80000000e+00    0.00000000e+00    0.00000000e+00    0.00000000e+00    0.00000000e+00    0.00000000e+00    1.80000000e+00
889      2.50838860e-07    1.80000000e+00    0.00000000e+00    0.00000000e+00    0.00000000e+00    0.00000000e+00    0.00000000e+00    1.80000000e+00
890      2.51677721e-07    1.80000000e+00    0.00000000e+00    0.00000000e+00    0.00000000e+00    0.00000000e+00    0.00000000e+00    1.80000000e+00
891      2.53355442e-07    1.80000000e+00    0.00000000e+00    0.00000000e+00    0.00000000e+00    0.00000000e+00    0.00000000e+00    1.80000000e+00
892      2.56710886e-07    1.80000000e+00    0.00000000e+00    0.00000000e+00    0.00000000e+00    0.00000000e+00    0.00000000e+00    1.80000000e+00
893      2.59999990e-07    1.80000000e+00    0.00000000e+00    0.00000000e+00    0.00000000e+00    0.00000000e+00    0.00000000e+00    1.80000000e+00
894      2.59999990e-07    1.78875000e+00    0.00000000e+00    0.00000000e+00    0.00000000e+00    0.00000000e+00    0.00000000e+00    1.80000000e+00
895      2.59999990e-07    1.76625000e+00    0.00000000e+00    0.00000000e+00    0.00000000e+00    0.00000000e+00    0.00000000e+00    1.80000000e+00
896      2.59999990e-07    1.72125000e+00    0.00000000e+00    0.00000000e+00    0.00000000e+00    0.00000000e+00    0.00000000e+00    1.80000000e+00
897      2.59999991e-07    1.63125000e+00    0.00000000e+00    0.00000000e+00    0.00000000e+00    0.00000000e+00    0.00000000e+00    1.80000000e+00
898      2.59999992e-07    1.45125000e+00    0.00000000e+00    0.00000000e+00    0.00000000e+00    0.00000000e+00    0.00000000e+00    1.80000000e+00
899      2.59999994e-07    1.09125000e+00    0.00000000e+00    0.00000000e+00    0.00000000e+00    0.00000000e+00    0.00000000e+00    1.80000000e+00
900      2.59999998e-07    3.71249996e-01    0.00000000e+00    0.00000000e+00    0.00000000e+00    0.00000000e+00    0.00000000e+00    1.80000000e+00
901      2.60000000e-07    0.00000000e+00    0.00000000e+00    0.00000000e+00    0.00000000e+00    0.00000000e+00    0.00000000e+00    1.80000000e+00
902      2.60000001e-07    0.00000000e+00    0.00000000e+00    0.00000000e+00    0.00000000e+00    0.00000000e+00    0.00000000e+00    1.80000000e+00
903      2.60000002e-07    0.00000000e+00    0.00000000e+00    0.00000000e+00    0.00000000e+00    0.00000000e+00    0.00000000e+00    1.80000000e+00
904      2.60000006e-07    0.00000000e+00    0.00000000e+00    0.00000000e+00    0.00000000e+00    0.00000000e+00    0.00000000e+00    1.80000000e+00
905      2.60000012e-07    0.00000000e+00    0.00000000e+00    0.00000000e+00    0.00000000e+00    0.00000000e+00    0.00000000e+00    1.80000000e+00
906      2.60000025e-07    0.00000000e+00    0.00000000e+00    0.00000000e+00    0.00000000e+00    0.00000000e+00    0.00000000e+00    1.80000000e+00
907      2.60000050e-07    0.00000000e+00    0.00000000e+00    0.00000000e+00    0.00000000e+00    0.00000000e+00    0.00000000e+00    1.80000000e+00
908      2.60000102e-07    0.00000000e+00    0.00000000e+00    0.00000000e+00    0.00000000e+00    0.00000000e+00    0.00000000e+00    1.80000000e+00
909      2.60000204e-07    0.00000000e+00    0.00000000e+00    0.00000000e+00    0.00000000e+00    0.00000000e+00    0.00000000e+00    1.80000000e+00
910      2.60000409e-07    0.00000000e+00    0.00000000e+00    0.00000000e+00    0.00000000e+00    0.00000000e+00    0.00000000e+00    1.80000000e+00
911      2.60000818e-07    0.00000000e+00    0.00000000e+00    0.00000000e+00    0.00000000e+00    0.00000000e+00    0.00000000e+00    1.80000000e+00
912      2.60001638e-07    0.00000000e+00    0.00000000e+00    0.00000000e+00    0.00000000e+00    0.00000000e+00    0.00000000e+00    1.80000000e+00
913      2.60003276e-07    0.00000000e+00    0.00000000e+00    0.00000000e+00    0.00000000e+00    0.00000000e+00    0.00000000e+00    1.80000000e+00
914      2.60006553e-07    0.00000000e+00    0.00000000e+00    0.00000000e+00    0.00000000e+00    0.00000000e+00    0.00000000e+00    1.80000000e+00
915      2.60013106e-07    0.00000000e+00    0.00000000e+00    0.00000000e+00    0.00000000e+00    0.00000000e+00    0.00000000e+00    1.80000000e+00
916      2.60026214e-07    0.00000000e+00    0.00000000e+00    0.00000000e+00    0.00000000e+00    0.00000000e+00    0.00000000e+00    1.80000000e+00
917      2.60052428e-07    0.00000000e+00    0.00000000e+00    0.00000000e+00    0.00000000e+00    0.00000000e+00    0.00000000e+00    1.80000000e+00
918      2.60104857e-07    0.00000000e+00    0.00000000e+00    0.00000000e+00    0.00000000e+00    0.00000000e+00    0.00000000e+00    1.80000000e+00
919      2.60209714e-07    0.00000000e+00    0.00000000e+00    0.00000000e+00    0.00000000e+00    0.00000000e+00    0.00000000e+00    1.80000000e+00
920      2.60419430e-07    0.00000000e+00    0.00000000e+00    0.00000000e+00    0.00000000e+00    0.00000000e+00    0.00000000e+00    1.80000000e+00
921      2.60838860e-07    0.00000000e+00    0.00000000e+00    0.00000000e+00    0.00000000e+00    0.00000000e+00    0.00000000e+00    1.80000000e+00
922      2.61677721e-07    0.00000000e+00    0.00000000e+00    0.00000000e+00    0.00000000e+00    0.00000000e+00    0.00000000e+00    1.80000000e+00
923      2.63355442e-07    0.00000000e+00    0.00000000e+00    0.00000000e+00    0.00000000e+00    0.00000000e+00    0.00000000e+00    1.80000000e+00
924      2.66710886e-07    0.00000000e+00    0.00000000e+00    0.00000000e+00    0.00000000e+00    0.00000000e+00    0.00000000e+00    1.80000000e+00
925      2.69999990e-07    0.00000000e+00    0.00000000e+00    0.00000000e+00    0.00000000e+00    0.00000000e+00    0.00000000e+00    1.80000000e+00
926      2.69999990e-07    1.12500036e-02    0.00000000e+00    0.00000000e+00    0.00000000e+00    0.00000000e+00    0.00000000e+00    1.80000000e+00
927      2.69999990e-07    3.37500014e-02    0.00000000e+00    0.00000000e+00    0.00000000e+00    0.00000000e+00    0.00000000e+00    1.80000000e+00
928      2.69999990e-07    7.87499968e-02    0.00000000e+00    0.00000000e+00    0.00000000e+00    0.00000000e+00    0.00000000e+00    1.80000000e+00
929      2.69999991e-07    1.68749997e-01    0.00000000e+00    0.00000000e+00    0.00000000e+00    0.00000000e+00    0.00000000e+00    1.80000000e+00
930      2.69999992e-07    3.48749998e-01    0.00000000e+00    0.00000000e+00    0.00000000e+00    0.00000000e+00    0.00000000e+00    1.80000000e+00
931      2.69999994e-07    7.08750000e-01    0.00000000e+00    0.00000000e+00    0.00000000e+00    0.00000000e+00    0.00000000e+00    1.80000000e+00
932      2.69999998e-07    1.42875000e+00    0.00000000e+00    0.00000000e+00    0.00000000e+00    0.00000000e+00    0.00000000e+00    1.80000000e+00
933      2.70000000e-07    1.80000000e+00    0.00000000e+00    0.00000000e+00    0.00000000e+00    0.00000000e+00    0.00000000e+00    1.80000000e+00
934      2.70000001e-07    1.80000000e+00    0.00000000e+00    0.00000000e+00    0.00000000e+00    0.00000000e+00    0.00000000e+00    1.80000000e+00
935      2.70000002e-07    1.80000000e+00    0.00000000e+00    0.00000000e+00    0.00000000e+00    0.00000000e+00    0.00000000e+00    1.80000000e+00
936      2.70000006e-07    1.80000000e+00    0.00000000e+00    0.00000000e+00    0.00000000e+00    0.00000000e+00    0.00000000e+00    1.80000000e+00
937      2.70000012e-07    1.80000000e+00    0.00000000e+00    0.00000000e+00    0.00000000e+00    0.00000000e+00    0.00000000e+00    1.80000000e+00
938      2.70000025e-07    1.80000000e+00    0.00000000e+00    0.00000000e+00    0.00000000e+00    0.00000000e+00    0.00000000e+00    1.80000000e+00
939      2.70000050e-07    1.80000000e+00    0.00000000e+00    0.00000000e+00    0.00000000e+00    0.00000000e+00    0.00000000e+00    1.80000000e+00
940      2.70000102e-07    1.80000000e+00    0.00000000e+00    0.00000000e+00    0.00000000e+00    0.00000000e+00    0.00000000e+00    1.80000000e+00
941      2.70000204e-07    1.80000000e+00    0.00000000e+00    0.00000000e+00    0.00000000e+00    0.00000000e+00    0.00000000e+00    1.80000000e+00
942      2.70000409e-07    1.80000000e+00    0.00000000e+00    0.00000000e+00    0.00000000e+00    0.00000000e+00    0.00000000e+00    1.80000000e+00
943      2.70000818e-07    1.80000000e+00    0.00000000e+00    0.00000000e+00    0.00000000e+00    0.00000000e+00    0.00000000e+00    1.80000000e+00
944      2.70001638e-07    1.80000000e+00    0.00000000e+00    0.00000000e+00    0.00000000e+00    0.00000000e+00    0.00000000e+00    1.80000000e+00
945      2.70003276e-07    1.80000000e+00    0.00000000e+00    0.00000000e+00    0.00000000e+00    0.00000000e+00    0.00000000e+00    1.80000000e+00
946      2.70006553e-07    1.80000000e+00    0.00000000e+00    0.00000000e+00    0.00000000e+00    0.00000000e+00    0.00000000e+00    1.80000000e+00
947      2.70013106e-07    1.80000000e+00    0.00000000e+00    0.00000000e+00    0.00000000e+00    0.00000000e+00    0.00000000e+00    1.80000000e+00
948      2.70026214e-07    1.80000000e+00    0.00000000e+00    0.00000000e+00    0.00000000e+00    0.00000000e+00    0.00000000e+00    1.80000000e+00
949      2.70052428e-07    1.80000000e+00    0.00000000e+00    0.00000000e+00    0.00000000e+00    0.00000000e+00    0.00000000e+00    1.80000000e+00
950      2.70104857e-07    1.80000000e+00    0.00000000e+00    0.00000000e+00    0.00000000e+00    0.00000000e+00    0.00000000e+00    1.80000000e+00
951      2.70209714e-07    1.80000000e+00    0.00000000e+00    0.00000000e+00    0.00000000e+00    0.00000000e+00    0.00000000e+00    1.80000000e+00
952      2.70419430e-07    1.80000000e+00    0.00000000e+00    0.00000000e+00    0.00000000e+00    0.00000000e+00    0.00000000e+00    1.80000000e+00
953      2.70838860e-07    1.80000000e+00    0.00000000e+00    0.00000000e+00    0.00000000e+00    0.00000000e+00    0.00000000e+00    1.80000000e+00
954      2.71677721e-07    1.80000000e+00    0.00000000e+00    0.00000000e+00    0.00000000e+00    0.00000000e+00    0.00000000e+00    1.80000000e+00
955      2.73355442e-07    1.80000000e+00    0.00000000e+00    0.00000000e+00    0.00000000e+00    0.00000000e+00    0.00000000e+00    1.80000000e+00
956      2.76710886e-07    1.80000000e+00    0.00000000e+00    0.00000000e+00    0.00000000e+00    0.00000000e+00    0.00000000e+00    1.80000000e+00
957      2.79999990e-07    1.80000000e+00    0.00000000e+00    0.00000000e+00    0.00000000e+00    0.00000000e+00    0.00000000e+00    1.80000000e+00
958      2.79999990e-07    1.78875000e+00    0.00000000e+00    0.00000000e+00    0.00000000e+00    0.00000000e+00    0.00000000e+00    1.80000000e+00
959      2.79999990e-07    1.76625000e+00    0.00000000e+00    0.00000000e+00    0.00000000e+00    0.00000000e+00    0.00000000e+00    1.80000000e+00
960      2.79999990e-07    1.72125000e+00    0.00000000e+00    0.00000000e+00    0.00000000e+00    0.00000000e+00    0.00000000e+00    1.80000000e+00
961      2.79999991e-07    1.63125000e+00    0.00000000e+00    0.00000000e+00    0.00000000e+00    0.00000000e+00    0.00000000e+00    1.80000000e+00
962      2.79999992e-07    1.45125000e+00    0.00000000e+00    0.00000000e+00    0.00000000e+00    0.00000000e+00    0.00000000e+00    1.80000000e+00
963      2.79999994e-07    1.09125000e+00    0.00000000e+00    0.00000000e+00    0.00000000e+00    0.00000000e+00    0.00000000e+00    1.80000000e+00
964      2.79999998e-07    3.71249996e-01    0.00000000e+00    0.00000000e+00    0.00000000e+00    0.00000000e+00    0.00000000e+00    1.80000000e+00
965      2.80000000e-07    0.00000000e+00    0.00000000e+00    0.00000000e+00    0.00000000e+00    0.00000000e+00    0.00000000e+00    1.80000000e+00
966      2.80000001e-07    0.00000000e+00    0.00000000e+00    0.00000000e+00    0.00000000e+00    0.00000000e+00    0.00000000e+00    1.80000000e+00
967      2.80000002e-07    0.00000000e+00    0.00000000e+00    0.00000000e+00    0.00000000e+00    0.00000000e+00    0.00000000e+00    1.80000000e+00
968      2.80000006e-07    0.00000000e+00    0.00000000e+00    0.00000000e+00    0.00000000e+00    0.00000000e+00    0.00000000e+00    1.80000000e+00
969      2.80000012e-07    0.00000000e+00    0.00000000e+00    0.00000000e+00    0.00000000e+00    0.00000000e+00    0.00000000e+00    1.80000000e+00
970      2.80000025e-07    0.00000000e+00    0.00000000e+00    0.00000000e+00    0.00000000e+00    0.00000000e+00    0.00000000e+00    1.80000000e+00
971      2.80000050e-07    0.00000000e+00    0.00000000e+00    0.00000000e+00    0.00000000e+00    0.00000000e+00    0.00000000e+00    1.80000000e+00
972      2.80000102e-07    0.00000000e+00    0.00000000e+00    0.00000000e+00    0.00000000e+00    0.00000000e+00    0.00000000e+00    1.80000000e+00
973      2.80000204e-07    0.00000000e+00    0.00000000e+00    0.00000000e+00    0.00000000e+00    0.00000000e+00    0.00000000e+00    1.80000000e+00
974      2.80000409e-07    0.00000000e+00    0.00000000e+00    0.00000000e+00    0.00000000e+00    0.00000000e+00    0.00000000e+00    1.80000000e+00
975      2.80000818e-07    0.00000000e+00    0.00000000e+00    0.00000000e+00    0.00000000e+00    0.00000000e+00    0.00000000e+00    1.80000000e+00
976      2.80001638e-07    0.00000000e+00    0.00000000e+00    0.00000000e+00    0.00000000e+00    0.00000000e+00    0.00000000e+00    1.80000000e+00
977      2.80003276e-07    0.00000000e+00    0.00000000e+00    0.00000000e+00    0.00000000e+00    0.00000000e+00    0.00000000e+00    1.80000000e+00
978      2.80006553e-07    0.00000000e+00    0.00000000e+00    0.00000000e+00    0.00000000e+00    0.00000000e+00    0.00000000e+00    1.80000000e+00
979      2.80013106e-07    0.00000000e+00    0.00000000e+00    0.00000000e+00    0.00000000e+00    0.00000000e+00    0.00000000e+00    1.80000000e+00
980      2.80026214e-07    0.00000000e+00    0.00000000e+00    0.00000000e+00    0.00000000e+00    0.00000000e+00    0.00000000e+00    1.80000000e+00
981      2.80052428e-07    0.00000000e+00    0.00000000e+00    0.00000000e+00    0.00000000e+00    0.00000000e+00    0.00000000e+00    1.80000000e+00
982      2.80104857e-07    0.00000000e+00    0.00000000e+00    0.00000000e+00    0.00000000e+00    0.00000000e+00    0.00000000e+00    1.80000000e+00
983      2.80209714e-07    0.00000000e+00    0.00000000e+00    0.00000000e+00    0.00000000e+00    0.00000000e+00    0.00000000e+00    1.80000000e+00
984      2.80419430e-07    0.00000000e+00    0.00000000e+00    0.00000000e+00    0.00000000e+00    0.00000000e+00    0.00000000e+00    1.80000000e+00
985      2.80838860e-07    0.00000000e+00    0.00000000e+00    0.00000000e+00    0.00000000e+00    0.00000000e+00    0.00000000e+00    1.80000000e+00
986      2.81677721e-07    0.00000000e+00    0.00000000e+00    0.00000000e+00    0.00000000e+00    0.00000000e+00    0.00000000e+00    1.80000000e+00
987      2.83355442e-07    0.00000000e+00    0.00000000e+00    0.00000000e+00    0.00000000e+00    0.00000000e+00    0.00000000e+00    1.80000000e+00
988      2.86710886e-07    0.00000000e+00    0.00000000e+00    0.00000000e+00    0.00000000e+00    0.00000000e+00    0.00000000e+00    1.80000000e+00
989      2.89999990e-07    0.00000000e+00    0.00000000e+00    0.00000000e+00    0.00000000e+00    0.00000000e+00    0.00000000e+00    1.80000000e+00
990      2.89999990e-07    1.12500036e-02    0.00000000e+00    0.00000000e+00    0.00000000e+00    0.00000000e+00    0.00000000e+00    1.80000000e+00
991      2.89999990e-07    3.37500014e-02    0.00000000e+00    0.00000000e+00    0.00000000e+00    0.00000000e+00    0.00000000e+00    1.80000000e+00
992      2.89999990e-07    7.87499968e-02    0.00000000e+00    0.00000000e+00    0.00000000e+00    0.00000000e+00    0.00000000e+00    1.80000000e+00
993      2.89999991e-07    1.68749997e-01    0.00000000e+00    0.00000000e+00    0.00000000e+00    0.00000000e+00    0.00000000e+00    1.80000000e+00
994      2.89999992e-07    3.48749998e-01    0.00000000e+00    0.00000000e+00    0.00000000e+00    0.00000000e+00    0.00000000e+00    1.80000000e+00
995      2.89999994e-07    7.08750000e-01    0.00000000e+00    0.00000000e+00    0.00000000e+00    0.00000000e+00    0.00000000e+00    1.80000000e+00
996      2.89999998e-07    1.42875000e+00    0.00000000e+00    0.00000000e+00    0.00000000e+00    0.00000000e+00    0.00000000e+00    1.80000000e+00
997      2.90000000e-07    1.80000000e+00    0.00000000e+00    0.00000000e+00    0.00000000e+00    0.00000000e+00    0.00000000e+00    1.80000000e+00
998      2.90000001e-07    1.80000000e+00    0.00000000e+00    0.00000000e+00    0.00000000e+00    0.00000000e+00    0.00000000e+00    1.80000000e+00
999      2.90000002e-07    1.80000000e+00    0.00000000e+00    0.00000000e+00    0.00000000e+00    0.00000000e+00    0.00000000e+00    1.80000000e+00
1000     2.90000006e-07    1.80000000e+00    0.00000000e+00    0.00000000e+00    0.00000000e+00    0.00000000e+00    0.00000000e+00    1.80000000e+00
1001     2.90000012e-07    1.80000000e+00    0.00000000e+00    0.00000000e+00    0.00000000e+00    0.00000000e+00    0.00000000e+00    1.80000000e+00
1002     2.90000025e-07    1.80000000e+00    0.00000000e+00    0.00000000e+00    0.00000000e+00    0.00000000e+00    0.00000000e+00    1.80000000e+00
1003     2.90000050e-07    1.80000000e+00    0.00000000e+00    0.00000000e+00    0.00000000e+00    0.00000000e+00    0.00000000e+00    1.80000000e+00
1004     2.90000102e-07    1.80000000e+00    0.00000000e+00    0.00000000e+00    0.00000000e+00    0.00000000e+00    0.00000000e+00    1.80000000e+00
1005     2.90000204e-07    1.80000000e+00    0.00000000e+00    0.00000000e+00    0.00000000e+00    0.00000000e+00    0.00000000e+00    1.80000000e+00
1006     2.90000409e-07    1.80000000e+00    0.00000000e+00    0.00000000e+00    0.00000000e+00    0.00000000e+00    0.00000000e+00    1.80000000e+00
1007     2.90000818e-07    1.80000000e+00    0.00000000e+00    0.00000000e+00    0.00000000e+00    0.00000000e+00    0.00000000e+00    1.80000000e+00
1008     2.90001638e-07    1.80000000e+00    0.00000000e+00    0.00000000e+00    0.00000000e+00    0.00000000e+00    0.00000000e+00    1.80000000e+00
1009     2.90003276e-07    1.80000000e+00    0.00000000e+00    0.00000000e+00    0.00000000e+00    0.00000000e+00    0.00000000e+00    1.80000000e+00
1010     2.90006553e-07    1.80000000e+00    0.00000000e+00    0.00000000e+00    0.00000000e+00    0.00000000e+00    0.00000000e+00    1.80000000e+00
1011     2.90013106e-07    1.80000000e+00    0.00000000e+00    0.00000000e+00    0.00000000e+00    0.00000000e+00    0.00000000e+00    1.80000000e+00
1012     2.90026214e-07    1.80000000e+00    0.00000000e+00    0.00000000e+00    0.00000000e+00    0.00000000e+00    0.00000000e+00    1.80000000e+00
1013     2.90052428e-07    1.80000000e+00    0.00000000e+00    0.00000000e+00    0.00000000e+00    0.00000000e+00    0.00000000e+00    1.80000000e+00
1014     2.90104857e-07    1.80000000e+00    0.00000000e+00    0.00000000e+00    0.00000000e+00    0.00000000e+00    0.00000000e+00    1.80000000e+00
1015     2.90209714e-07    1.80000000e+00    0.00000000e+00    0.00000000e+00    0.00000000e+00    0.00000000e+00    0.00000000e+00    1.80000000e+00
1016     2.90419430e-07    1.80000000e+00    0.00000000e+00    0.00000000e+00    0.00000000e+00    0.00000000e+00    0.00000000e+00    1.80000000e+00
1017     2.90838860e-07    1.80000000e+00    0.00000000e+00    0.00000000e+00    0.00000000e+00    0.00000000e+00    0.00000000e+00    1.80000000e+00
1018     2.91677721e-07    1.80000000e+00    0.00000000e+00    0.00000000e+00    0.00000000e+00    0.00000000e+00    0.00000000e+00    1.80000000e+00
1019     2.93355442e-07    1.80000000e+00    0.00000000e+00    0.00000000e+00    0.00000000e+00    0.00000000e+00    0.00000000e+00    1.80000000e+00
1020     2.96710886e-07    1.80000000e+00    0.00000000e+00    0.00000000e+00    0.00000000e+00    0.00000000e+00    0.00000000e+00    1.80000000e+00
1021     2.99999990e-07    1.80000000e+00    0.00000000e+00    0.00000000e+00    0.00000000e+00    0.00000000e+00    0.00000000e+00    1.80000000e+00
1022     2.99999990e-07    1.78875000e+00    0.00000000e+00    0.00000000e+00    0.00000000e+00    0.00000000e+00    0.00000000e+00    1.80000000e+00
1023     2.99999990e-07    1.76625000e+00    0.00000000e+00    0.00000000e+00    0.00000000e+00    0.00000000e+00    0.00000000e+00    1.80000000e+00
1024     2.99999990e-07    1.72125000e+00    0.00000000e+00    0.00000000e+00    0.00000000e+00    0.00000000e+00    0.00000000e+00    1.80000000e+00
1025     2.99999991e-07    1.63125000e+00    0.00000000e+00    0.00000000e+00    0.00000000e+00    0.00000000e+00    0.00000000e+00    1.80000000e+00
1026     2.99999992e-07    1.45125000e+00    0.00000000e+00    0.00000000e+00    0.00000000e+00    0.00000000e+00    0.00000000e+00    1.80000000e+00
1027     2.99999994e-07    1.09125000e+00    0.00000000e+00    0.00000000e+00    0.00000000e+00    0.00000000e+00    0.00000000e+00    1.80000000e+00
1028     2.99999998e-07    3.71249996e-01    0.00000000e+00    0.00000000e+00    0.00000000e+00    0.00000000e+00    0.00000000e+00    1.80000000e+00
1029     3.00000000e-07    0.00000000e+00    0.00000000e+00    0.00000000e+00    0.00000000e+00    0.00000000e+00    0.00000000e+00    1.80000000e+00
1030     3.00000001e-07    0.00000000e+00    0.00000000e+00    0.00000000e+00    0.00000000e+00    0.00000000e+00    0.00000000e+00    1.80000000e+00
1031     3.00000002e-07    0.00000000e+00    0.00000000e+00    0.00000000e+00    0.00000000e+00    0.00000000e+00    0.00000000e+00    1.80000000e+00
1032     3.00000006e-07    0.00000000e+00    0.00000000e+00    0.00000000e+00    0.00000000e+00    0.00000000e+00    0.00000000e+00    1.80000000e+00
1033     3.00000012e-07    0.00000000e+00    0.00000000e+00    0.00000000e+00    0.00000000e+00    0.00000000e+00    0.00000000e+00    1.80000000e+00
1034     3.00000025e-07    0.00000000e+00    0.00000000e+00    0.00000000e+00    0.00000000e+00    0.00000000e+00    0.00000000e+00    1.80000000e+00
1035     3.00000050e-07    0.00000000e+00    0.00000000e+00    0.00000000e+00    0.00000000e+00    0.00000000e+00    0.00000000e+00    1.80000000e+00
1036     3.00000102e-07    0.00000000e+00    0.00000000e+00    0.00000000e+00    0.00000000e+00    0.00000000e+00    0.00000000e+00    1.80000000e+00
1037     3.00000204e-07    0.00000000e+00    0.00000000e+00    0.00000000e+00    0.00000000e+00    0.00000000e+00    0.00000000e+00    1.80000000e+00
1038     3.00000409e-07    0.00000000e+00    0.00000000e+00    0.00000000e+00    0.00000000e+00    0.00000000e+00    0.00000000e+00    1.80000000e+00
1039     3.00000818e-07    0.00000000e+00    0.00000000e+00    0.00000000e+00    0.00000000e+00    0.00000000e+00    0.00000000e+00    1.80000000e+00
1040     3.00001638e-07    0.00000000e+00    0.00000000e+00    0.00000000e+00    0.00000000e+00    0.00000000e+00    0.00000000e+00    1.80000000e+00
1041     3.00003276e-07    0.00000000e+00    0.00000000e+00    0.00000000e+00    0.00000000e+00    0.00000000e+00    0.00000000e+00    1.80000000e+00
1042     3.00006553e-07    0.00000000e+00    0.00000000e+00    0.00000000e+00    0.00000000e+00    0.00000000e+00    0.00000000e+00    1.80000000e+00
1043     3.00013106e-07    0.00000000e+00    0.00000000e+00    0.00000000e+00    0.00000000e+00    0.00000000e+00    0.00000000e+00    1.80000000e+00
1044     3.00026214e-07    0.00000000e+00    0.00000000e+00    0.00000000e+00    0.00000000e+00    0.00000000e+00    0.00000000e+00    1.80000000e+00
1045     3.00052428e-07    0.00000000e+00    0.00000000e+00    0.00000000e+00    0.00000000e+00    0.00000000e+00    0.00000000e+00    1.80000000e+00
1046     3.00104857e-07    0.00000000e+00    0.00000000e+00    0.00000000e+00    0.00000000e+00    0.00000000e+00    0.00000000e+00    1.80000000e+00
1047     3.00209714e-07    0.00000000e+00    0.00000000e+00    0.00000000e+00    0.00000000e+00    0.00000000e+00    0.00000000e+00    1.80000000e+00
1048     3.00419430e-07    0.00000000e+00    0.00000000e+00    0.00000000e+00    0.00000000e+00    0.00000000e+00    0.00000000e+00    1.80000000e+00
1049     3.00838860e-07    0.00000000e+00    0.00000000e+00    0.00000000e+00    0.00000000e+00    0.00000000e+00    0.00000000e+00    1.80000000e+00
1050     3.01677721e-07    0.00000000e+00    0.00000000e+00    0.00000000e+00    0.00000000e+00    0.00000000e+00    0.00000000e+00    1.80000000e+00
1051     3.03355442e-07    0.00000000e+00    0.00000000e+00    0.00000000e+00    0.00000000e+00    0.00000000e+00    0.00000000e+00    1.80000000e+00
1052     3.06710886e-07    0.00000000e+00    0.00000000e+00    0.00000000e+00    0.00000000e+00    0.00000000e+00    0.00000000e+00    1.80000000e+00
1053     3.09999990e-07    0.00000000e+00    0.00000000e+00    0.00000000e+00    0.00000000e+00    0.00000000e+00    0.00000000e+00    1.80000000e+00
1054     3.09999990e-07    1.12500036e-02    0.00000000e+00    0.00000000e+00    0.00000000e+00    0.00000000e+00    0.00000000e+00    1.80000000e+00
1055     3.09999990e-07    3.37500014e-02    0.00000000e+00    0.00000000e+00    0.00000000e+00    0.00000000e+00    0.00000000e+00    1.80000000e+00
1056     3.09999990e-07    7.87499968e-02    0.00000000e+00    0.00000000e+00    0.00000000e+00    0.00000000e+00    0.00000000e+00    1.80000000e+00
1057     3.09999991e-07    1.68749997e-01    0.00000000e+00    0.00000000e+00    0.00000000e+00    0.00000000e+00    0.00000000e+00    1.80000000e+00
1058     3.09999992e-07    3.48749998e-01    0.00000000e+00    0.00000000e+00    0.00000000e+00    0.00000000e+00    0.00000000e+00    1.80000000e+00
1059     3.09999994e-07    7.08750000e-01    0.00000000e+00    0.00000000e+00    0.00000000e+00    0.00000000e+00    0.00000000e+00    1.80000000e+00
1060     3.09999998e-07    1.42875000e+00    0.00000000e+00    0.00000000e+00    0.00000000e+00    0.00000000e+00    0.00000000e+00    1.80000000e+00
1061     3.10000000e-07    1.80000000e+00    0.00000000e+00    0.00000000e+00    0.00000000e+00    0.00000000e+00    0.00000000e+00    1.80000000e+00
1062     3.10000001e-07    1.80000000e+00    0.00000000e+00    0.00000000e+00    0.00000000e+00    0.00000000e+00    0.00000000e+00    1.80000000e+00
1063     3.10000002e-07    1.80000000e+00    0.00000000e+00    0.00000000e+00    0.00000000e+00    0.00000000e+00    0.00000000e+00    1.80000000e+00
1064     3.10000006e-07    1.80000000e+00    0.00000000e+00    0.00000000e+00    0.00000000e+00    0.00000000e+00    0.00000000e+00    1.80000000e+00
1065     3.10000012e-07    1.80000000e+00    0.00000000e+00    0.00000000e+00    0.00000000e+00    0.00000000e+00    0.00000000e+00    1.80000000e+00
1066     3.10000025e-07    1.80000000e+00    0.00000000e+00    0.00000000e+00    0.00000000e+00    0.00000000e+00    0.00000000e+00    1.80000000e+00
1067     3.10000050e-07    1.80000000e+00    0.00000000e+00    0.00000000e+00    0.00000000e+00    0.00000000e+00    0.00000000e+00    1.80000000e+00
1068     3.10000102e-07    1.80000000e+00    0.00000000e+00    0.00000000e+00    0.00000000e+00    0.00000000e+00    0.00000000e+00    1.80000000e+00
1069     3.10000204e-07    1.80000000e+00    0.00000000e+00    0.00000000e+00    0.00000000e+00    0.00000000e+00    0.00000000e+00    1.80000000e+00
1070     3.10000409e-07    1.80000000e+00    0.00000000e+00    0.00000000e+00    0.00000000e+00    0.00000000e+00    0.00000000e+00    1.80000000e+00
1071     3.10000818e-07    1.80000000e+00    0.00000000e+00    0.00000000e+00    0.00000000e+00    0.00000000e+00    0.00000000e+00    1.80000000e+00
1072     3.10001638e-07    1.80000000e+00    0.00000000e+00    0.00000000e+00    0.00000000e+00    0.00000000e+00    0.00000000e+00    1.80000000e+00
1073     3.10003276e-07    1.80000000e+00    0.00000000e+00    0.00000000e+00    0.00000000e+00    0.00000000e+00    0.00000000e+00    1.80000000e+00
1074     3.10006553e-07    1.80000000e+00    0.00000000e+00    0.00000000e+00    0.00000000e+00    0.00000000e+00    0.00000000e+00    1.80000000e+00
1075     3.10013106e-07    1.80000000e+00    0.00000000e+00    0.00000000e+00    0.00000000e+00    0.00000000e+00    0.00000000e+00    1.80000000e+00
1076     3.10026214e-07    1.80000000e+00    0.00000000e+00    0.00000000e+00    0.00000000e+00    0.00000000e+00    0.00000000e+00    1.80000000e+00
1077     3.10052428e-07    1.80000000e+00    0.00000000e+00    0.00000000e+00    0.00000000e+00    0.00000000e+00    0.00000000e+00    1.80000000e+00
1078     3.10104857e-07    1.80000000e+00    0.00000000e+00    0.00000000e+00    0.00000000e+00    0.00000000e+00    0.00000000e+00    1.80000000e+00
1079     3.10209714e-07    1.80000000e+00    0.00000000e+00    0.00000000e+00    0.00000000e+00    0.00000000e+00    0.00000000e+00    1.80000000e+00
1080     3.10419430e-07    1.80000000e+00    0.00000000e+00    0.00000000e+00    0.00000000e+00    0.00000000e+00    0.00000000e+00    1.80000000e+00
1081     3.10838860e-07    1.80000000e+00    0.00000000e+00    0.00000000e+00    0.00000000e+00    0.00000000e+00    0.00000000e+00    1.80000000e+00
1082     3.11677721e-07    1.80000000e+00    0.00000000e+00    0.00000000e+00    0.00000000e+00    0.00000000e+00    0.00000000e+00    1.80000000e+00
1083     3.13355442e-07    1.80000000e+00    0.00000000e+00    0.00000000e+00    0.00000000e+00    0.00000000e+00    0.00000000e+00    1.80000000e+00
1084     3.16710886e-07    1.80000000e+00    0.00000000e+00    0.00000000e+00    0.00000000e+00    0.00000000e+00    0.00000000e+00    1.80000000e+00
1085     3.19999990e-07    1.80000000e+00    0.00000000e+00    0.00000000e+00    0.00000000e+00    0.00000000e+00    0.00000000e+00    1.80000000e+00
1086     3.19999990e-07    1.78875000e+00    0.00000000e+00    0.00000000e+00    0.00000000e+00    0.00000000e+00    0.00000000e+00    1.80000000e+00
1087     3.19999990e-07    1.76625000e+00    0.00000000e+00    0.00000000e+00    0.00000000e+00    0.00000000e+00    0.00000000e+00    1.80000000e+00
1088     3.19999990e-07    1.72125000e+00    0.00000000e+00    0.00000000e+00    0.00000000e+00    0.00000000e+00    0.00000000e+00    1.80000000e+00
1089     3.19999991e-07    1.63125000e+00    0.00000000e+00    0.00000000e+00    0.00000000e+00    0.00000000e+00    0.00000000e+00    1.80000000e+00
1090     3.19999992e-07    1.45125000e+00    0.00000000e+00    0.00000000e+00    0.00000000e+00    0.00000000e+00    0.00000000e+00    1.80000000e+00
1091     3.19999994e-07    1.09125000e+00    0.00000000e+00    0.00000000e+00    0.00000000e+00    0.00000000e+00    0.00000000e+00    1.80000000e+00
1092     3.19999998e-07    3.71249996e-01    0.00000000e+00    0.00000000e+00    0.00000000e+00    0.00000000e+00    0.00000000e+00    1.80000000e+00
1093     3.20000000e-07    0.00000000e+00    0.00000000e+00    0.00000000e+00    0.00000000e+00    0.00000000e+00    0.00000000e+00    1.80000000e+00
1094     3.20000001e-07    0.00000000e+00    0.00000000e+00    0.00000000e+00    0.00000000e+00    0.00000000e+00    0.00000000e+00    1.80000000e+00
1095     3.20000002e-07    0.00000000e+00    0.00000000e+00    0.00000000e+00    0.00000000e+00    0.00000000e+00    0.00000000e+00    1.80000000e+00
1096     3.20000006e-07    0.00000000e+00    0.00000000e+00    0.00000000e+00    0.00000000e+00    0.00000000e+00    0.00000000e+00    1.80000000e+00
1097     3.20000012e-07    0.00000000e+00    0.00000000e+00    0.00000000e+00    0.00000000e+00    0.00000000e+00    0.00000000e+00    1.80000000e+00
1098     3.20000025e-07    0.00000000e+00    0.00000000e+00    0.00000000e+00    0.00000000e+00    0.00000000e+00    0.00000000e+00    1.80000000e+00
1099     3.20000050e-07    0.00000000e+00    0.00000000e+00    0.00000000e+00    0.00000000e+00    0.00000000e+00    0.00000000e+00    1.80000000e+00
1100     3.20000102e-07    0.00000000e+00    0.00000000e+00    0.00000000e+00    0.00000000e+00    0.00000000e+00    0.00000000e+00    1.80000000e+00
1101     3.20000204e-07    0.00000000e+00    0.00000000e+00    0.00000000e+00    0.00000000e+00    0.00000000e+00    0.00000000e+00    1.80000000e+00
1102     3.20000409e-07    0.00000000e+00    0.00000000e+00    0.00000000e+00    0.00000000e+00    0.00000000e+00    0.00000000e+00    1.80000000e+00
1103     3.20000818e-07    0.00000000e+00    0.00000000e+00    0.00000000e+00    0.00000000e+00    0.00000000e+00    0.00000000e+00    1.80000000e+00
1104     3.20001638e-07    0.00000000e+00    0.00000000e+00    0.00000000e+00    0.00000000e+00    0.00000000e+00    0.00000000e+00    1.80000000e+00
1105     3.20003276e-07    0.00000000e+00    0.00000000e+00    0.00000000e+00    0.00000000e+00    0.00000000e+00    0.00000000e+00    1.80000000e+00
1106     3.20006553e-07    0.00000000e+00    0.00000000e+00    0.00000000e+00    0.00000000e+00    0.00000000e+00    0.00000000e+00    1.80000000e+00
1107     3.20013106e-07    0.00000000e+00    0.00000000e+00    0.00000000e+00    0.00000000e+00    0.00000000e+00    0.00000000e+00    1.80000000e+00
1108     3.20026214e-07    0.00000000e+00    0.00000000e+00    0.00000000e+00    0.00000000e+00    0.00000000e+00    0.00000000e+00    1.80000000e+00
1109     3.20052428e-07    0.00000000e+00    0.00000000e+00    0.00000000e+00    0.00000000e+00    0.00000000e+00    0.00000000e+00    1.80000000e+00
1110     3.20104857e-07    0.00000000e+00    0.00000000e+00    0.00000000e+00    0.00000000e+00    0.00000000e+00    0.00000000e+00    1.80000000e+00
1111     3.20209714e-07    0.00000000e+00    0.00000000e+00    0.00000000e+00    0.00000000e+00    0.00000000e+00    0.00000000e+00    1.80000000e+00
1112     3.20419430e-07    0.00000000e+00    0.00000000e+00    0.00000000e+00    0.00000000e+00    0.00000000e+00    0.00000000e+00    1.80000000e+00
1113     3.20838860e-07    0.00000000e+00    0.00000000e+00    0.00000000e+00    0.00000000e+00    0.00000000e+00    0.00000000e+00    1.80000000e+00
1114     3.21677721e-07    0.00000000e+00    0.00000000e+00    0.00000000e+00    0.00000000e+00    0.00000000e+00    0.00000000e+00    1.80000000e+00
1115     3.23355442e-07    0.00000000e+00    0.00000000e+00    0.00000000e+00    0.00000000e+00    0.00000000e+00    0.00000000e+00    1.80000000e+00
1116     3.26710886e-07    0.00000000e+00    0.00000000e+00    0.00000000e+00    0.00000000e+00    0.00000000e+00    0.00000000e+00    1.80000000e+00
1117     3.29999990e-07    0.00000000e+00    0.00000000e+00    0.00000000e+00    0.00000000e+00    0.00000000e+00    0.00000000e+00    1.80000000e+00
1118     3.29999990e-07    1.12500036e-02    0.00000000e+00    0.00000000e+00    0.00000000e+00    0.00000000e+00    0.00000000e+00    1.80000000e+00
1119     3.29999990e-07    3.37500014e-02    0.00000000e+00    0.00000000e+00    0.00000000e+00    0.00000000e+00    0.00000000e+00    1.80000000e+00
1120     3.29999990e-07    7.87499968e-02    0.00000000e+00    0.00000000e+00    0.00000000e+00    0.00000000e+00    0.00000000e+00    1.80000000e+00
1121     3.29999991e-07    1.68749997e-01    0.00000000e+00    0.00000000e+00    0.00000000e+00    0.00000000e+00    0.00000000e+00    1.80000000e+00
1122     3.29999992e-07    3.48749998e-01    0.00000000e+00    0.00000000e+00    0.00000000e+00    0.00000000e+00    0.00000000e+00    1.80000000e+00
1123     3.29999994e-07    7.08750000e-01    0.00000000e+00    0.00000000e+00    0.00000000e+00    0.00000000e+00    0.00000000e+00    1.80000000e+00
1124     3.29999998e-07    1.42875000e+00    0.00000000e+00    0.00000000e+00    0.00000000e+00    0.00000000e+00    0.00000000e+00    1.80000000e+00
1125     3.30000000e-07    1.80000000e+00    0.00000000e+00    0.00000000e+00    0.00000000e+00    0.00000000e+00    0.00000000e+00    1.80000000e+00
1126     3.30000001e-07    1.80000000e+00    0.00000000e+00    0.00000000e+00    0.00000000e+00    0.00000000e+00    0.00000000e+00    1.80000000e+00
1127     3.30000002e-07    1.80000000e+00    0.00000000e+00    0.00000000e+00    0.00000000e+00    0.00000000e+00    0.00000000e+00    1.80000000e+00
1128     3.30000006e-07    1.80000000e+00    0.00000000e+00    0.00000000e+00    0.00000000e+00    0.00000000e+00    0.00000000e+00    1.80000000e+00
1129     3.30000012e-07    1.80000000e+00    0.00000000e+00    0.00000000e+00    0.00000000e+00    0.00000000e+00    0.00000000e+00    1.80000000e+00
1130     3.30000025e-07    1.80000000e+00    0.00000000e+00    0.00000000e+00    0.00000000e+00    0.00000000e+00    0.00000000e+00    1.80000000e+00
1131     3.30000050e-07    1.80000000e+00    0.00000000e+00    0.00000000e+00    0.00000000e+00    0.00000000e+00    0.00000000e+00    1.80000000e+00
1132     3.30000102e-07    1.80000000e+00    0.00000000e+00    0.00000000e+00    0.00000000e+00    0.00000000e+00    0.00000000e+00    1.80000000e+00
1133     3.30000204e-07    1.80000000e+00    0.00000000e+00    0.00000000e+00    0.00000000e+00    0.00000000e+00    0.00000000e+00    1.80000000e+00
1134     3.30000409e-07    1.80000000e+00    0.00000000e+00    0.00000000e+00    0.00000000e+00    0.00000000e+00    0.00000000e+00    1.80000000e+00
1135     3.30000818e-07    1.80000000e+00    0.00000000e+00    0.00000000e+00    0.00000000e+00    0.00000000e+00    0.00000000e+00    1.80000000e+00
1136     3.30001638e-07    1.80000000e+00    0.00000000e+00    0.00000000e+00    0.00000000e+00    0.00000000e+00    0.00000000e+00    1.80000000e+00
1137     3.30003276e-07    1.80000000e+00    0.00000000e+00    0.00000000e+00    0.00000000e+00    0.00000000e+00    0.00000000e+00    1.80000000e+00
1138     3.30006553e-07    1.80000000e+00    0.00000000e+00    0.00000000e+00    0.00000000e+00    0.00000000e+00    0.00000000e+00    1.80000000e+00
1139     3.30013106e-07    1.80000000e+00    0.00000000e+00    0.00000000e+00    0.00000000e+00    0.00000000e+00    0.00000000e+00    1.80000000e+00
1140     3.30026214e-07    1.80000000e+00    0.00000000e+00    0.00000000e+00    0.00000000e+00    0.00000000e+00    0.00000000e+00    1.80000000e+00
1141     3.30052428e-07    1.80000000e+00    0.00000000e+00    0.00000000e+00    0.00000000e+00    0.00000000e+00    0.00000000e+00    1.80000000e+00
1142     3.30104857e-07    1.80000000e+00    0.00000000e+00    0.00000000e+00    0.00000000e+00    0.00000000e+00    0.00000000e+00    1.80000000e+00
1143     3.30209714e-07    1.80000000e+00    0.00000000e+00    0.00000000e+00    0.00000000e+00    0.00000000e+00    0.00000000e+00    1.80000000e+00
1144     3.30419430e-07    1.80000000e+00    0.00000000e+00    0.00000000e+00    0.00000000e+00    0.00000000e+00    0.00000000e+00    1.80000000e+00
1145     3.30838860e-07    1.80000000e+00    0.00000000e+00    0.00000000e+00    0.00000000e+00    0.00000000e+00    0.00000000e+00    1.80000000e+00
1146     3.31677721e-07    1.80000000e+00    0.00000000e+00    0.00000000e+00    0.00000000e+00    0.00000000e+00    0.00000000e+00    1.80000000e+00
1147     3.33355442e-07    1.80000000e+00    0.00000000e+00    0.00000000e+00    0.00000000e+00    0.00000000e+00    0.00000000e+00    1.80000000e+00
1148     3.36710886e-07    1.80000000e+00    0.00000000e+00    0.00000000e+00    0.00000000e+00    0.00000000e+00    0.00000000e+00    1.80000000e+00
1149     3.39999990e-07    1.80000000e+00    0.00000000e+00    0.00000000e+00    0.00000000e+00    0.00000000e+00    0.00000000e+00    1.80000000e+00
1150     3.39999990e-07    1.78875000e+00    0.00000000e+00    0.00000000e+00    0.00000000e+00    0.00000000e+00    0.00000000e+00    1.80000000e+00
1151     3.39999990e-07    1.76625000e+00    0.00000000e+00    0.00000000e+00    0.00000000e+00    0.00000000e+00    0.00000000e+00    1.80000000e+00
1152     3.39999990e-07    1.72125000e+00    0.00000000e+00    0.00000000e+00    0.00000000e+00    0.00000000e+00    0.00000000e+00    1.80000000e+00
1153     3.39999991e-07    1.63125000e+00    0.00000000e+00    0.00000000e+00    0.00000000e+00    0.00000000e+00    0.00000000e+00    1.80000000e+00
1154     3.39999992e-07    1.45125000e+00    0.00000000e+00    0.00000000e+00    0.00000000e+00    0.00000000e+00    0.00000000e+00    1.80000000e+00
1155     3.39999994e-07    1.09125000e+00    0.00000000e+00    0.00000000e+00    0.00000000e+00    0.00000000e+00    0.00000000e+00    1.80000000e+00
1156     3.39999998e-07    3.71249996e-01    0.00000000e+00    0.00000000e+00    0.00000000e+00    0.00000000e+00    0.00000000e+00    1.80000000e+00
1157     3.40000000e-07    0.00000000e+00    0.00000000e+00    0.00000000e+00    0.00000000e+00    0.00000000e+00    0.00000000e+00    1.80000000e+00
1158     3.40000001e-07    0.00000000e+00    0.00000000e+00    0.00000000e+00    0.00000000e+00    0.00000000e+00    0.00000000e+00    1.80000000e+00
1159     3.40000002e-07    0.00000000e+00    0.00000000e+00    0.00000000e+00    0.00000000e+00    0.00000000e+00    0.00000000e+00    1.80000000e+00
1160     3.40000006e-07    0.00000000e+00    0.00000000e+00    0.00000000e+00    0.00000000e+00    0.00000000e+00    0.00000000e+00    1.80000000e+00
1161     3.40000012e-07    0.00000000e+00    0.00000000e+00    0.00000000e+00    0.00000000e+00    0.00000000e+00    0.00000000e+00    1.80000000e+00
1162     3.40000025e-07    0.00000000e+00    0.00000000e+00    0.00000000e+00    0.00000000e+00    0.00000000e+00    0.00000000e+00    1.80000000e+00
1163     3.40000050e-07    0.00000000e+00    0.00000000e+00    0.00000000e+00    0.00000000e+00    0.00000000e+00    0.00000000e+00    1.80000000e+00
1164     3.40000102e-07    0.00000000e+00    0.00000000e+00    0.00000000e+00    0.00000000e+00    0.00000000e+00    0.00000000e+00    1.80000000e+00
1165     3.40000204e-07    0.00000000e+00    0.00000000e+00    0.00000000e+00    0.00000000e+00    0.00000000e+00    0.00000000e+00    1.80000000e+00
1166     3.40000409e-07    0.00000000e+00    0.00000000e+00    0.00000000e+00    0.00000000e+00    0.00000000e+00    0.00000000e+00    1.80000000e+00
1167     3.40000818e-07    0.00000000e+00    0.00000000e+00    0.00000000e+00    0.00000000e+00    0.00000000e+00    0.00000000e+00    1.80000000e+00
1168     3.40001638e-07    0.00000000e+00    0.00000000e+00    0.00000000e+00    0.00000000e+00    0.00000000e+00    0.00000000e+00    1.80000000e+00
1169     3.40003276e-07    0.00000000e+00    0.00000000e+00    0.00000000e+00    0.00000000e+00    0.00000000e+00    0.00000000e+00    1.80000000e+00
1170     3.40006553e-07    0.00000000e+00    0.00000000e+00    0.00000000e+00    0.00000000e+00    0.00000000e+00    0.00000000e+00    1.80000000e+00
1171     3.40013106e-07    0.00000000e+00    0.00000000e+00    0.00000000e+00    0.00000000e+00    0.00000000e+00    0.00000000e+00    1.80000000e+00
1172     3.40026214e-07    0.00000000e+00    0.00000000e+00    0.00000000e+00    0.00000000e+00    0.00000000e+00    0.00000000e+00    1.80000000e+00
1173     3.40052428e-07    0.00000000e+00    0.00000000e+00    0.00000000e+00    0.00000000e+00    0.00000000e+00    0.00000000e+00    1.80000000e+00
1174     3.40104857e-07    0.00000000e+00    0.00000000e+00    0.00000000e+00    0.00000000e+00    0.00000000e+00    0.00000000e+00    1.80000000e+00
1175     3.40209714e-07    0.00000000e+00    0.00000000e+00    0.00000000e+00    0.00000000e+00    0.00000000e+00    0.00000000e+00    1.80000000e+00
1176     3.40419430e-07    0.00000000e+00    0.00000000e+00    0.00000000e+00    0.00000000e+00    0.00000000e+00    0.00000000e+00    1.80000000e+00
1177     3.40838860e-07    0.00000000e+00    0.00000000e+00    0.00000000e+00    0.00000000e+00    0.00000000e+00    0.00000000e+00    1.80000000e+00
1178     3.41677721e-07    0.00000000e+00    0.00000000e+00    0.00000000e+00    0.00000000e+00    0.00000000e+00    0.00000000e+00    1.80000000e+00
1179     3.43355442e-07    0.00000000e+00    0.00000000e+00    0.00000000e+00    0.00000000e+00    0.00000000e+00    0.00000000e+00    1.80000000e+00
1180     3.46710886e-07    0.00000000e+00    0.00000000e+00    0.00000000e+00    0.00000000e+00    0.00000000e+00    0.00000000e+00    1.80000000e+00
1181     3.49999990e-07    0.00000000e+00    0.00000000e+00    0.00000000e+00    0.00000000e+00    0.00000000e+00    0.00000000e+00    1.80000000e+00
1182     3.49999990e-07    1.12500036e-02    0.00000000e+00    0.00000000e+00    0.00000000e+00    0.00000000e+00    0.00000000e+00    1.80000000e+00
1183     3.49999990e-07    3.37500014e-02    0.00000000e+00    0.00000000e+00    0.00000000e+00    0.00000000e+00    0.00000000e+00    1.80000000e+00
1184     3.49999990e-07    7.87499968e-02    0.00000000e+00    0.00000000e+00    0.00000000e+00    0.00000000e+00    0.00000000e+00    1.80000000e+00
1185     3.49999991e-07    1.68749997e-01    0.00000000e+00    0.00000000e+00    0.00000000e+00    0.00000000e+00    0.00000000e+00    1.80000000e+00
1186     3.49999992e-07    3.48749998e-01    0.00000000e+00    0.00000000e+00    0.00000000e+00    0.00000000e+00    0.00000000e+00    1.80000000e+00
1187     3.49999994e-07    7.08750000e-01    0.00000000e+00    0.00000000e+00    0.00000000e+00    0.00000000e+00    0.00000000e+00    1.80000000e+00
1188     3.49999998e-07    1.42875000e+00    0.00000000e+00    0.00000000e+00    0.00000000e+00    0.00000000e+00    0.00000000e+00    1.80000000e+00
1189     3.50000000e-07    1.80000000e+00    0.00000000e+00    0.00000000e+00    0.00000000e+00    0.00000000e+00    0.00000000e+00    1.80000000e+00
1190     3.50000001e-07    1.80000000e+00    0.00000000e+00    0.00000000e+00    0.00000000e+00    0.00000000e+00    0.00000000e+00    1.80000000e+00
1191     3.50000002e-07    1.80000000e+00    0.00000000e+00    0.00000000e+00    0.00000000e+00    0.00000000e+00    0.00000000e+00    1.80000000e+00
1192     3.50000006e-07    1.80000000e+00    0.00000000e+00    0.00000000e+00    0.00000000e+00    0.00000000e+00    0.00000000e+00    1.80000000e+00
1193     3.50000012e-07    1.80000000e+00    0.00000000e+00    0.00000000e+00    0.00000000e+00    0.00000000e+00    0.00000000e+00    1.80000000e+00
1194     3.50000025e-07    1.80000000e+00    0.00000000e+00    0.00000000e+00    0.00000000e+00    0.00000000e+00    0.00000000e+00    1.80000000e+00
1195     3.50000050e-07    1.80000000e+00    0.00000000e+00    0.00000000e+00    0.00000000e+00    0.00000000e+00    0.00000000e+00    1.80000000e+00
1196     3.50000102e-07    1.80000000e+00    0.00000000e+00    0.00000000e+00    0.00000000e+00    0.00000000e+00    0.00000000e+00    1.80000000e+00
1197     3.50000204e-07    1.80000000e+00    0.00000000e+00    0.00000000e+00    0.00000000e+00    0.00000000e+00    0.00000000e+00    1.80000000e+00
1198     3.50000409e-07    1.80000000e+00    0.00000000e+00    0.00000000e+00    0.00000000e+00    0.00000000e+00    0.00000000e+00    1.80000000e+00
1199     3.50000818e-07    1.80000000e+00    0.00000000e+00    0.00000000e+00    0.00000000e+00    0.00000000e+00    0.00000000e+00    1.80000000e+00
1200     3.50001638e-07    1.80000000e+00    0.00000000e+00    0.00000000e+00    0.00000000e+00    0.00000000e+00    0.00000000e+00    1.80000000e+00
1201     3.50003276e-07    1.80000000e+00    0.00000000e+00    0.00000000e+00    0.00000000e+00    0.00000000e+00    0.00000000e+00    1.80000000e+00
1202     3.50006553e-07    1.80000000e+00    0.00000000e+00    0.00000000e+00    0.00000000e+00    0.00000000e+00    0.00000000e+00    1.80000000e+00
1203     3.50013106e-07    1.80000000e+00    0.00000000e+00    0.00000000e+00    0.00000000e+00    0.00000000e+00    0.00000000e+00    1.80000000e+00
1204     3.50026214e-07    1.80000000e+00    0.00000000e+00    0.00000000e+00    0.00000000e+00    0.00000000e+00    0.00000000e+00    1.80000000e+00
1205     3.50052428e-07    1.80000000e+00    0.00000000e+00    0.00000000e+00    0.00000000e+00    0.00000000e+00    0.00000000e+00    1.80000000e+00
1206     3.50104857e-07    1.80000000e+00    0.00000000e+00    0.00000000e+00    0.00000000e+00    0.00000000e+00    0.00000000e+00    1.80000000e+00
1207     3.50209714e-07    1.80000000e+00    0.00000000e+00    0.00000000e+00    0.00000000e+00    0.00000000e+00    0.00000000e+00    1.80000000e+00
1208     3.50419430e-07    1.80000000e+00    0.00000000e+00    0.00000000e+00    0.00000000e+00    0.00000000e+00    0.00000000e+00    1.80000000e+00
1209     3.50838860e-07    1.80000000e+00    0.00000000e+00    0.00000000e+00    0.00000000e+00    0.00000000e+00    0.00000000e+00    1.80000000e+00
1210     3.51677721e-07    1.80000000e+00    0.00000000e+00    0.00000000e+00    0.00000000e+00    0.00000000e+00    0.00000000e+00    1.80000000e+00
1211     3.53355442e-07    1.80000000e+00    0.00000000e+00    0.00000000e+00    0.00000000e+00    0.00000000e+00    0.00000000e+00    1.80000000e+00
1212     3.56710886e-07    1.80000000e+00    0.00000000e+00    0.00000000e+00    0.00000000e+00    0.00000000e+00    0.00000000e+00    1.80000000e+00
1213     3.59999990e-07    1.80000000e+00    0.00000000e+00    0.00000000e+00    0.00000000e+00    0.00000000e+00    0.00000000e+00    1.80000000e+00
1214     3.59999990e-07    1.78875000e+00    0.00000000e+00    0.00000000e+00    0.00000000e+00    0.00000000e+00    0.00000000e+00    1.80000000e+00
1215     3.59999990e-07    1.76625000e+00    0.00000000e+00    0.00000000e+00    0.00000000e+00    0.00000000e+00    0.00000000e+00    1.80000000e+00
1216     3.59999990e-07    1.72125000e+00    0.00000000e+00    0.00000000e+00    0.00000000e+00    0.00000000e+00    0.00000000e+00    1.80000000e+00
1217     3.59999991e-07    1.63125000e+00    0.00000000e+00    0.00000000e+00    0.00000000e+00    0.00000000e+00    0.00000000e+00    1.80000000e+00
1218     3.59999992e-07    1.45125000e+00    0.00000000e+00    0.00000000e+00    0.00000000e+00    0.00000000e+00    0.00000000e+00    1.80000000e+00
1219     3.59999994e-07    1.09125000e+00    0.00000000e+00    0.00000000e+00    0.00000000e+00    0.00000000e+00    0.00000000e+00    1.80000000e+00
1220     3.59999998e-07    3.71249996e-01    0.00000000e+00    0.00000000e+00    0.00000000e+00    0.00000000e+00    0.00000000e+00    1.80000000e+00
1221     3.60000000e-07    0.00000000e+00    0.00000000e+00    0.00000000e+00    0.00000000e+00    0.00000000e+00    0.00000000e+00    1.80000000e+00
1222     3.60000001e-07    0.00000000e+00    0.00000000e+00    0.00000000e+00    0.00000000e+00    0.00000000e+00    0.00000000e+00    1.80000000e+00
1223     3.60000002e-07    0.00000000e+00    0.00000000e+00    0.00000000e+00    0.00000000e+00    0.00000000e+00    0.00000000e+00    1.80000000e+00
1224     3.60000006e-07    0.00000000e+00    0.00000000e+00    0.00000000e+00    0.00000000e+00    0.00000000e+00    0.00000000e+00    1.80000000e+00
1225     3.60000012e-07    0.00000000e+00    0.00000000e+00    0.00000000e+00    0.00000000e+00    0.00000000e+00    0.00000000e+00    1.80000000e+00
1226     3.60000025e-07    0.00000000e+00    0.00000000e+00    0.00000000e+00    0.00000000e+00    0.00000000e+00    0.00000000e+00    1.80000000e+00
1227     3.60000050e-07    0.00000000e+00    0.00000000e+00    0.00000000e+00    0.00000000e+00    0.00000000e+00    0.00000000e+00    1.80000000e+00
1228     3.60000102e-07    0.00000000e+00    0.00000000e+00    0.00000000e+00    0.00000000e+00    0.00000000e+00    0.00000000e+00    1.80000000e+00
1229     3.60000204e-07    0.00000000e+00    0.00000000e+00    0.00000000e+00    0.00000000e+00    0.00000000e+00    0.00000000e+00    1.80000000e+00
1230     3.60000409e-07    0.00000000e+00    0.00000000e+00    0.00000000e+00    0.00000000e+00    0.00000000e+00    0.00000000e+00    1.80000000e+00
1231     3.60000818e-07    0.00000000e+00    0.00000000e+00    0.00000000e+00    0.00000000e+00    0.00000000e+00    0.00000000e+00    1.80000000e+00
1232     3.60001638e-07    0.00000000e+00    0.00000000e+00    0.00000000e+00    0.00000000e+00    0.00000000e+00    0.00000000e+00    1.80000000e+00
1233     3.60003276e-07    0.00000000e+00    0.00000000e+00    0.00000000e+00    0.00000000e+00    0.00000000e+00    0.00000000e+00    1.80000000e+00
1234     3.60006553e-07    0.00000000e+00    0.00000000e+00    0.00000000e+00    0.00000000e+00    0.00000000e+00    0.00000000e+00    1.80000000e+00
1235     3.60013106e-07    0.00000000e+00    0.00000000e+00    0.00000000e+00    0.00000000e+00    0.00000000e+00    0.00000000e+00    1.80000000e+00
1236     3.60026214e-07    0.00000000e+00    0.00000000e+00    0.00000000e+00    0.00000000e+00    0.00000000e+00    0.00000000e+00    1.80000000e+00
1237     3.60052428e-07    0.00000000e+00    0.00000000e+00    0.00000000e+00    0.00000000e+00    0.00000000e+00    0.00000000e+00    1.80000000e+00
1238     3.60104857e-07    0.00000000e+00    0.00000000e+00    0.00000000e+00    0.00000000e+00    0.00000000e+00    0.00000000e+00    1.80000000e+00
1239     3.60209714e-07    0.00000000e+00    0.00000000e+00    0.00000000e+00    0.00000000e+00    0.00000000e+00    0.00000000e+00    1.80000000e+00
1240     3.60419430e-07    0.00000000e+00    0.00000000e+00    0.00000000e+00    0.00000000e+00    0.00000000e+00    0.00000000e+00    1.80000000e+00
1241     3.60838860e-07    0.00000000e+00    0.00000000e+00    0.00000000e+00    0.00000000e+00    0.00000000e+00    0.00000000e+00    1.80000000e+00
1242     3.61677721e-07    0.00000000e+00    0.00000000e+00    0.00000000e+00    0.00000000e+00    0.00000000e+00    0.00000000e+00    1.80000000e+00
1243     3.63355442e-07    0.00000000e+00    0.00000000e+00    0.00000000e+00    0.00000000e+00    0.00000000e+00    0.00000000e+00    1.80000000e+00
1244     3.66710886e-07    0.00000000e+00    0.00000000e+00    0.00000000e+00    0.00000000e+00    0.00000000e+00    0.00000000e+00    1.80000000e+00
1245     3.69999990e-07    0.00000000e+00    0.00000000e+00    0.00000000e+00    0.00000000e+00    0.00000000e+00    0.00000000e+00    1.80000000e+00
1246     3.69999990e-07    1.12500036e-02    0.00000000e+00    0.00000000e+00    0.00000000e+00    0.00000000e+00    0.00000000e+00    1.80000000e+00
1247     3.69999990e-07    3.37500014e-02    0.00000000e+00    0.00000000e+00    0.00000000e+00    0.00000000e+00    0.00000000e+00    1.80000000e+00
1248     3.69999990e-07    7.87499968e-02    0.00000000e+00    0.00000000e+00    0.00000000e+00    0.00000000e+00    0.00000000e+00    1.80000000e+00
1249     3.69999991e-07    1.68749997e-01    0.00000000e+00    0.00000000e+00    0.00000000e+00    0.00000000e+00    0.00000000e+00    1.80000000e+00
1250     3.69999992e-07    3.48749998e-01    0.00000000e+00    0.00000000e+00    0.00000000e+00    0.00000000e+00    0.00000000e+00    1.80000000e+00
1251     3.69999994e-07    7.08750000e-01    0.00000000e+00    0.00000000e+00    0.00000000e+00    0.00000000e+00    0.00000000e+00    1.80000000e+00
1252     3.69999998e-07    1.42875000e+00    0.00000000e+00    0.00000000e+00    0.00000000e+00    0.00000000e+00    0.00000000e+00    1.80000000e+00
1253     3.70000000e-07    1.80000000e+00    0.00000000e+00    0.00000000e+00    0.00000000e+00    0.00000000e+00    0.00000000e+00    1.80000000e+00
1254     3.70000001e-07    1.80000000e+00    0.00000000e+00    0.00000000e+00    0.00000000e+00    0.00000000e+00    0.00000000e+00    1.80000000e+00
1255     3.70000002e-07    1.80000000e+00    0.00000000e+00    0.00000000e+00    0.00000000e+00    0.00000000e+00    0.00000000e+00    1.80000000e+00
1256     3.70000006e-07    1.80000000e+00    0.00000000e+00    0.00000000e+00    0.00000000e+00    0.00000000e+00    0.00000000e+00    1.80000000e+00
1257     3.70000012e-07    1.80000000e+00    0.00000000e+00    0.00000000e+00    0.00000000e+00    0.00000000e+00    0.00000000e+00    1.80000000e+00
1258     3.70000025e-07    1.80000000e+00    0.00000000e+00    0.00000000e+00    0.00000000e+00    0.00000000e+00    0.00000000e+00    1.80000000e+00
1259     3.70000050e-07    1.80000000e+00    0.00000000e+00    0.00000000e+00    0.00000000e+00    0.00000000e+00    0.00000000e+00    1.80000000e+00
1260     3.70000102e-07    1.80000000e+00    0.00000000e+00    0.00000000e+00    0.00000000e+00    0.00000000e+00    0.00000000e+00    1.80000000e+00
1261     3.70000204e-07    1.80000000e+00    0.00000000e+00    0.00000000e+00    0.00000000e+00    0.00000000e+00    0.00000000e+00    1.80000000e+00
1262     3.70000409e-07    1.80000000e+00    0.00000000e+00    0.00000000e+00    0.00000000e+00    0.00000000e+00    0.00000000e+00    1.80000000e+00
1263     3.70000818e-07    1.80000000e+00    0.00000000e+00    0.00000000e+00    0.00000000e+00    0.00000000e+00    0.00000000e+00    1.80000000e+00
1264     3.70001638e-07    1.80000000e+00    0.00000000e+00    0.00000000e+00    0.00000000e+00    0.00000000e+00    0.00000000e+00    1.80000000e+00
1265     3.70003276e-07    1.80000000e+00    0.00000000e+00    0.00000000e+00    0.00000000e+00    0.00000000e+00    0.00000000e+00    1.80000000e+00
1266     3.70006553e-07    1.80000000e+00    0.00000000e+00    0.00000000e+00    0.00000000e+00    0.00000000e+00    0.00000000e+00    1.80000000e+00
1267     3.70013106e-07    1.80000000e+00    0.00000000e+00    0.00000000e+00    0.00000000e+00    0.00000000e+00    0.00000000e+00    1.80000000e+00
1268     3.70026214e-07    1.80000000e+00    0.00000000e+00    0.00000000e+00    0.00000000e+00    0.00000000e+00    0.00000000e+00    1.80000000e+00
1269     3.70052428e-07    1.80000000e+00    0.00000000e+00    0.00000000e+00    0.00000000e+00    0.00000000e+00    0.00000000e+00    1.80000000e+00
1270     3.70104857e-07    1.80000000e+00    0.00000000e+00    0.00000000e+00    0.00000000e+00    0.00000000e+00    0.00000000e+00    1.80000000e+00
1271     3.70209714e-07    1.80000000e+00    0.00000000e+00    0.00000000e+00    0.00000000e+00    0.00000000e+00    0.00000000e+00    1.80000000e+00
1272     3.70419430e-07    1.80000000e+00    0.00000000e+00    0.00000000e+00    0.00000000e+00    0.00000000e+00    0.00000000e+00    1.80000000e+00
1273     3.70838860e-07    1.80000000e+00    0.00000000e+00    0.00000000e+00    0.00000000e+00    0.00000000e+00    0.00000000e+00    1.80000000e+00
1274     3.71677721e-07    1.80000000e+00    0.00000000e+00    0.00000000e+00    0.00000000e+00    0.00000000e+00    0.00000000e+00    1.80000000e+00
1275     3.73355442e-07    1.80000000e+00    0.00000000e+00    0.00000000e+00    0.00000000e+00    0.00000000e+00    0.00000000e+00    1.80000000e+00
1276     3.76710886e-07    1.80000000e+00    0.00000000e+00    0.00000000e+00    0.00000000e+00    0.00000000e+00    0.00000000e+00    1.80000000e+00
1277     3.79999990e-07    1.80000000e+00    0.00000000e+00    0.00000000e+00    0.00000000e+00    0.00000000e+00    0.00000000e+00    1.80000000e+00
1278     3.79999990e-07    1.78875000e+00    0.00000000e+00    0.00000000e+00    0.00000000e+00    0.00000000e+00    0.00000000e+00    1.80000000e+00
1279     3.79999990e-07    1.76625000e+00    0.00000000e+00    0.00000000e+00    0.00000000e+00    0.00000000e+00    0.00000000e+00    1.80000000e+00
1280     3.79999990e-07    1.72125000e+00    0.00000000e+00    0.00000000e+00    0.00000000e+00    0.00000000e+00    0.00000000e+00    1.80000000e+00
1281     3.79999991e-07    1.63125000e+00    0.00000000e+00    0.00000000e+00    0.00000000e+00    0.00000000e+00    0.00000000e+00    1.80000000e+00
1282     3.79999992e-07    1.45125000e+00    0.00000000e+00    0.00000000e+00    0.00000000e+00    0.00000000e+00    0.00000000e+00    1.80000000e+00
1283     3.79999994e-07    1.09125000e+00    0.00000000e+00    0.00000000e+00    0.00000000e+00    0.00000000e+00    0.00000000e+00    1.80000000e+00
1284     3.79999998e-07    3.71249996e-01    0.00000000e+00    0.00000000e+00    0.00000000e+00    0.00000000e+00    0.00000000e+00    1.80000000e+00
1285     3.80000000e-07    0.00000000e+00    0.00000000e+00    0.00000000e+00    0.00000000e+00    0.00000000e+00    0.00000000e+00    1.80000000e+00
1286     3.80000001e-07    0.00000000e+00    0.00000000e+00    0.00000000e+00    0.00000000e+00    0.00000000e+00    0.00000000e+00    1.80000000e+00
1287     3.80000002e-07    0.00000000e+00    0.00000000e+00    0.00000000e+00    0.00000000e+00    0.00000000e+00    0.00000000e+00    1.80000000e+00
1288     3.80000006e-07    0.00000000e+00    0.00000000e+00    0.00000000e+00    0.00000000e+00    0.00000000e+00    0.00000000e+00    1.80000000e+00
1289     3.80000012e-07    0.00000000e+00    0.00000000e+00    0.00000000e+00    0.00000000e+00    0.00000000e+00    0.00000000e+00    1.80000000e+00
1290     3.80000025e-07    0.00000000e+00    0.00000000e+00    0.00000000e+00    0.00000000e+00    0.00000000e+00    0.00000000e+00    1.80000000e+00
1291     3.80000050e-07    0.00000000e+00    0.00000000e+00    0.00000000e+00    0.00000000e+00    0.00000000e+00    0.00000000e+00    1.80000000e+00
1292     3.80000102e-07    0.00000000e+00    0.00000000e+00    0.00000000e+00    0.00000000e+00    0.00000000e+00    0.00000000e+00    1.80000000e+00
1293     3.80000204e-07    0.00000000e+00    0.00000000e+00    0.00000000e+00    0.00000000e+00    0.00000000e+00    0.00000000e+00    1.80000000e+00
1294     3.80000409e-07    0.00000000e+00    0.00000000e+00    0.00000000e+00    0.00000000e+00    0.00000000e+00    0.00000000e+00    1.80000000e+00
1295     3.80000818e-07    0.00000000e+00    0.00000000e+00    0.00000000e+00    0.00000000e+00    0.00000000e+00    0.00000000e+00    1.80000000e+00
1296     3.80001638e-07    0.00000000e+00    0.00000000e+00    0.00000000e+00    0.00000000e+00    0.00000000e+00    0.00000000e+00    1.80000000e+00
1297     3.80003276e-07    0.00000000e+00    0.00000000e+00    0.00000000e+00    0.00000000e+00    0.00000000e+00    0.00000000e+00    1.80000000e+00
1298     3.80006553e-07    0.00000000e+00    0.00000000e+00    0.00000000e+00    0.00000000e+00    0.00000000e+00    0.00000000e+00    1.80000000e+00
1299     3.80013106e-07    0.00000000e+00    0.00000000e+00    0.00000000e+00    0.00000000e+00    0.00000000e+00    0.00000000e+00    1.80000000e+00
1300     3.80026214e-07    0.00000000e+00    0.00000000e+00    0.00000000e+00    0.00000000e+00    0.00000000e+00    0.00000000e+00    1.80000000e+00
1301     3.80052428e-07    0.00000000e+00    0.00000000e+00    0.00000000e+00    0.00000000e+00    0.00000000e+00    0.00000000e+00    1.80000000e+00
1302     3.80104857e-07    0.00000000e+00    0.00000000e+00    0.00000000e+00    0.00000000e+00    0.00000000e+00    0.00000000e+00    1.80000000e+00
1303     3.80209714e-07    0.00000000e+00    0.00000000e+00    0.00000000e+00    0.00000000e+00    0.00000000e+00    0.00000000e+00    1.80000000e+00
1304     3.80419430e-07    0.00000000e+00    0.00000000e+00    0.00000000e+00    0.00000000e+00    0.00000000e+00    0.00000000e+00    1.80000000e+00
1305     3.80838860e-07    0.00000000e+00    0.00000000e+00    0.00000000e+00    0.00000000e+00    0.00000000e+00    0.00000000e+00    1.80000000e+00
1306     3.81677721e-07    0.00000000e+00    0.00000000e+00    0.00000000e+00    0.00000000e+00    0.00000000e+00    0.00000000e+00    1.80000000e+00
1307     3.83355442e-07    0.00000000e+00    0.00000000e+00    0.00000000e+00    0.00000000e+00    0.00000000e+00    0.00000000e+00    1.80000000e+00
1308     3.86710886e-07    0.00000000e+00    0.00000000e+00    0.00000000e+00    0.00000000e+00    0.00000000e+00    0.00000000e+00    1.80000000e+00
1309     3.89999990e-07    0.00000000e+00    0.00000000e+00    0.00000000e+00    0.00000000e+00    0.00000000e+00    0.00000000e+00    1.80000000e+00
1310     3.89999990e-07    1.12500036e-02    0.00000000e+00    0.00000000e+00    0.00000000e+00    0.00000000e+00    0.00000000e+00    1.80000000e+00
1311     3.89999990e-07    3.37500014e-02    0.00000000e+00    0.00000000e+00    0.00000000e+00    0.00000000e+00    0.00000000e+00    1.80000000e+00
1312     3.89999990e-07    7.87499968e-02    0.00000000e+00    0.00000000e+00    0.00000000e+00    0.00000000e+00    0.00000000e+00    1.80000000e+00
1313     3.89999991e-07    1.68749997e-01    0.00000000e+00    0.00000000e+00    0.00000000e+00    0.00000000e+00    0.00000000e+00    1.80000000e+00
1314     3.89999992e-07    3.48749998e-01    0.00000000e+00    0.00000000e+00    0.00000000e+00    0.00000000e+00    0.00000000e+00    1.80000000e+00
1315     3.89999994e-07    7.08750000e-01    0.00000000e+00    0.00000000e+00    0.00000000e+00    0.00000000e+00    0.00000000e+00    1.80000000e+00
1316     3.89999998e-07    1.42875000e+00    0.00000000e+00    0.00000000e+00    0.00000000e+00    0.00000000e+00    0.00000000e+00    1.80000000e+00
1317     3.90000000e-07    1.80000000e+00    0.00000000e+00    0.00000000e+00    0.00000000e+00    0.00000000e+00    0.00000000e+00    1.80000000e+00
1318     3.90000001e-07    1.80000000e+00    0.00000000e+00    0.00000000e+00    0.00000000e+00    0.00000000e+00    0.00000000e+00    1.80000000e+00
1319     3.90000002e-07    1.80000000e+00    0.00000000e+00    0.00000000e+00    0.00000000e+00    0.00000000e+00    0.00000000e+00    1.80000000e+00
1320     3.90000006e-07    1.80000000e+00    0.00000000e+00    0.00000000e+00    0.00000000e+00    0.00000000e+00    0.00000000e+00    1.80000000e+00
1321     3.90000012e-07    1.80000000e+00    0.00000000e+00    0.00000000e+00    0.00000000e+00    0.00000000e+00    0.00000000e+00    1.80000000e+00
1322     3.90000025e-07    1.80000000e+00    0.00000000e+00    0.00000000e+00    0.00000000e+00    0.00000000e+00    0.00000000e+00    1.80000000e+00
1323     3.90000050e-07    1.80000000e+00    0.00000000e+00    0.00000000e+00    0.00000000e+00    0.00000000e+00    0.00000000e+00    1.80000000e+00
1324     3.90000102e-07    1.80000000e+00    0.00000000e+00    0.00000000e+00    0.00000000e+00    0.00000000e+00    0.00000000e+00    1.80000000e+00
1325     3.90000204e-07    1.80000000e+00    0.00000000e+00    0.00000000e+00    0.00000000e+00    0.00000000e+00    0.00000000e+00    1.80000000e+00
1326     3.90000409e-07    1.80000000e+00    0.00000000e+00    0.00000000e+00    0.00000000e+00    0.00000000e+00    0.00000000e+00    1.80000000e+00
1327     3.90000818e-07    1.80000000e+00    0.00000000e+00    0.00000000e+00    0.00000000e+00    0.00000000e+00    0.00000000e+00    1.80000000e+00
1328     3.90001638e-07    1.80000000e+00    0.00000000e+00    0.00000000e+00    0.00000000e+00    0.00000000e+00    0.00000000e+00    1.80000000e+00
1329     3.90003276e-07    1.80000000e+00    0.00000000e+00    0.00000000e+00    0.00000000e+00    0.00000000e+00    0.00000000e+00    1.80000000e+00
1330     3.90006553e-07    1.80000000e+00    0.00000000e+00    0.00000000e+00    0.00000000e+00    0.00000000e+00    0.00000000e+00    1.80000000e+00
1331     3.90013106e-07    1.80000000e+00    0.00000000e+00    0.00000000e+00    0.00000000e+00    0.00000000e+00    0.00000000e+00    1.80000000e+00
1332     3.90026214e-07    1.80000000e+00    0.00000000e+00    0.00000000e+00    0.00000000e+00    0.00000000e+00    0.00000000e+00    1.80000000e+00
1333     3.90052428e-07    1.80000000e+00    0.00000000e+00    0.00000000e+00    0.00000000e+00    0.00000000e+00    0.00000000e+00    1.80000000e+00
1334     3.90104857e-07    1.80000000e+00    0.00000000e+00    0.00000000e+00    0.00000000e+00    0.00000000e+00    0.00000000e+00    1.80000000e+00
1335     3.90209714e-07    1.80000000e+00    0.00000000e+00    0.00000000e+00    0.00000000e+00    0.00000000e+00    0.00000000e+00    1.80000000e+00
1336     3.90419430e-07    1.80000000e+00    0.00000000e+00    0.00000000e+00    0.00000000e+00    0.00000000e+00    0.00000000e+00    1.80000000e+00
1337     3.90838860e-07    1.80000000e+00    0.00000000e+00    0.00000000e+00    0.00000000e+00    0.00000000e+00    0.00000000e+00    1.80000000e+00
1338     3.91677721e-07    1.80000000e+00    0.00000000e+00    0.00000000e+00    0.00000000e+00    0.00000000e+00    0.00000000e+00    1.80000000e+00
1339     3.93355442e-07    1.80000000e+00    0.00000000e+00    0.00000000e+00    0.00000000e+00    0.00000000e+00    0.00000000e+00    1.80000000e+00
1340     3.96710886e-07    1.80000000e+00    0.00000000e+00    0.00000000e+00    0.00000000e+00    0.00000000e+00    0.00000000e+00    1.80000000e+00
1341     3.99999990e-07    1.80000000e+00    0.00000000e+00    0.00000000e+00    0.00000000e+00    0.00000000e+00    0.00000000e+00    1.80000000e+00
1342     3.99999990e-07    1.78875000e+00    0.00000000e+00    0.00000000e+00    0.00000000e+00    0.00000000e+00    0.00000000e+00    1.80000000e+00
1343     3.99999990e-07    1.76625000e+00    0.00000000e+00    0.00000000e+00    0.00000000e+00    0.00000000e+00    0.00000000e+00    1.80000000e+00
1344     3.99999990e-07    1.72125000e+00    0.00000000e+00    0.00000000e+00    0.00000000e+00    0.00000000e+00    0.00000000e+00    1.80000000e+00
1345     3.99999991e-07    1.63125000e+00    0.00000000e+00    0.00000000e+00    0.00000000e+00    0.00000000e+00    0.00000000e+00    1.80000000e+00
1346     3.99999992e-07    1.45125000e+00    0.00000000e+00    0.00000000e+00    0.00000000e+00    0.00000000e+00    0.00000000e+00    1.80000000e+00
1347     3.99999994e-07    1.09125000e+00    0.00000000e+00    0.00000000e+00    0.00000000e+00    0.00000000e+00    0.00000000e+00    1.80000000e+00
1348     3.99999998e-07    3.71249996e-01    0.00000000e+00    0.00000000e+00    0.00000000e+00    0.00000000e+00    0.00000000e+00    1.80000000e+00
1349     4.00000000e-07    0.00000000e+00    0.00000000e+00    0.00000000e+00    0.00000000e+00    0.00000000e+00    0.00000000e+00    1.80000000e+00
1350     4.00000001e-07    0.00000000e+00    0.00000000e+00    0.00000000e+00    0.00000000e+00    0.00000000e+00    0.00000000e+00    1.80000000e+00
1351     4.00000002e-07    0.00000000e+00    0.00000000e+00    0.00000000e+00    0.00000000e+00    0.00000000e+00    0.00000000e+00    1.80000000e+00
1352     4.00000006e-07    0.00000000e+00    0.00000000e+00    0.00000000e+00    0.00000000e+00    0.00000000e+00    0.00000000e+00    1.80000000e+00
1353     4.00000012e-07    0.00000000e+00    0.00000000e+00    0.00000000e+00    0.00000000e+00    0.00000000e+00    0.00000000e+00    1.80000000e+00
1354     4.00000025e-07    0.00000000e+00    0.00000000e+00    0.00000000e+00    0.00000000e+00    0.00000000e+00    0.00000000e+00    1.80000000e+00
1355     4.00000050e-07    0.00000000e+00    0.00000000e+00    0.00000000e+00    0.00000000e+00    0.00000000e+00    0.00000000e+00    1.80000000e+00
1356     4.00000102e-07    0.00000000e+00    0.00000000e+00    0.00000000e+00    0.00000000e+00    0.00000000e+00    0.00000000e+00    1.80000000e+00
1357     4.00000204e-07    0.00000000e+00    0.00000000e+00    0.00000000e+00    0.00000000e+00    0.00000000e+00    0.00000000e+00    1.80000000e+00
1358     4.00000409e-07    0.00000000e+00    0.00000000e+00    0.00000000e+00    0.00000000e+00    0.00000000e+00    0.00000000e+00    1.80000000e+00
1359     4.00000818e-07    0.00000000e+00    0.00000000e+00    0.00000000e+00    0.00000000e+00    0.00000000e+00    0.00000000e+00    1.80000000e+00
1360     4.00001638e-07    0.00000000e+00    0.00000000e+00    0.00000000e+00    0.00000000e+00    0.00000000e+00    0.00000000e+00    1.80000000e+00
1361     4.00003276e-07    0.00000000e+00    0.00000000e+00    0.00000000e+00    0.00000000e+00    0.00000000e+00    0.00000000e+00    1.80000000e+00
1362     4.00006553e-07    0.00000000e+00    0.00000000e+00    0.00000000e+00    0.00000000e+00    0.00000000e+00    0.00000000e+00    1.80000000e+00
1363     4.00013106e-07    0.00000000e+00    0.00000000e+00    0.00000000e+00    0.00000000e+00    0.00000000e+00    0.00000000e+00    1.80000000e+00
1364     4.00026214e-07    0.00000000e+00    0.00000000e+00    0.00000000e+00    0.00000000e+00    0.00000000e+00    0.00000000e+00    1.80000000e+00
1365     4.00052428e-07    0.00000000e+00    0.00000000e+00    0.00000000e+00    0.00000000e+00    0.00000000e+00    0.00000000e+00    1.80000000e+00
1366     4.00104857e-07    0.00000000e+00    0.00000000e+00    0.00000000e+00    0.00000000e+00    0.00000000e+00    0.00000000e+00    1.80000000e+00
1367     4.00209714e-07    0.00000000e+00    0.00000000e+00    0.00000000e+00    0.00000000e+00    0.00000000e+00    0.00000000e+00    1.80000000e+00
1368     4.00419430e-07    0.00000000e+00    0.00000000e+00    0.00000000e+00    0.00000000e+00    0.00000000e+00    0.00000000e+00    1.80000000e+00
1369     4.00838860e-07    0.00000000e+00    0.00000000e+00    0.00000000e+00    0.00000000e+00    0.00000000e+00    0.00000000e+00    1.80000000e+00
1370     4.01677721e-07    0.00000000e+00    0.00000000e+00    0.00000000e+00    0.00000000e+00    0.00000000e+00    0.00000000e+00    1.80000000e+00
1371     4.03355442e-07    0.00000000e+00    0.00000000e+00    0.00000000e+00    0.00000000e+00    0.00000000e+00    0.00000000e+00    1.80000000e+00
1372     4.06710886e-07    0.00000000e+00    0.00000000e+00    0.00000000e+00    0.00000000e+00    0.00000000e+00    0.00000000e+00    1.80000000e+00
1373     4.09999990e-07    0.00000000e+00    0.00000000e+00    0.00000000e+00    0.00000000e+00    0.00000000e+00    0.00000000e+00    1.80000000e+00
1374     4.09999990e-07    1.12500036e-02    0.00000000e+00    0.00000000e+00    0.00000000e+00    0.00000000e+00    0.00000000e+00    1.80000000e+00
1375     4.09999990e-07    3.37500014e-02    0.00000000e+00    0.00000000e+00    0.00000000e+00    0.00000000e+00    0.00000000e+00    1.80000000e+00
1376     4.09999990e-07    7.87499968e-02    0.00000000e+00    0.00000000e+00    0.00000000e+00    0.00000000e+00    0.00000000e+00    1.80000000e+00
1377     4.09999991e-07    1.68749997e-01    0.00000000e+00    0.00000000e+00    0.00000000e+00    0.00000000e+00    0.00000000e+00    1.80000000e+00
1378     4.09999992e-07    3.48749998e-01    0.00000000e+00    0.00000000e+00    0.00000000e+00    0.00000000e+00    0.00000000e+00    1.80000000e+00
1379     4.09999994e-07    7.08750000e-01    0.00000000e+00    0.00000000e+00    0.00000000e+00    0.00000000e+00    0.00000000e+00    1.80000000e+00
1380     4.09999998e-07    1.42875000e+00    0.00000000e+00    0.00000000e+00    0.00000000e+00    0.00000000e+00    0.00000000e+00    1.80000000e+00
1381     4.10000000e-07    1.80000000e+00    0.00000000e+00    0.00000000e+00    0.00000000e+00    0.00000000e+00    0.00000000e+00    1.80000000e+00
1382     4.10000001e-07    1.80000000e+00    0.00000000e+00    0.00000000e+00    0.00000000e+00    0.00000000e+00    0.00000000e+00    1.80000000e+00
1383     4.10000002e-07    1.80000000e+00    0.00000000e+00    0.00000000e+00    0.00000000e+00    0.00000000e+00    0.00000000e+00    1.80000000e+00
1384     4.10000006e-07    1.80000000e+00    0.00000000e+00    0.00000000e+00    0.00000000e+00    0.00000000e+00    0.00000000e+00    1.80000000e+00
1385     4.10000012e-07    1.80000000e+00    0.00000000e+00    0.00000000e+00    0.00000000e+00    0.00000000e+00    0.00000000e+00    1.80000000e+00
1386     4.10000025e-07    1.80000000e+00    0.00000000e+00    0.00000000e+00    0.00000000e+00    0.00000000e+00    0.00000000e+00    1.80000000e+00
1387     4.10000050e-07    1.80000000e+00    0.00000000e+00    0.00000000e+00    0.00000000e+00    0.00000000e+00    0.00000000e+00    1.80000000e+00
1388     4.10000102e-07    1.80000000e+00    0.00000000e+00    0.00000000e+00    0.00000000e+00    0.00000000e+00    0.00000000e+00    1.80000000e+00
1389     4.10000204e-07    1.80000000e+00    0.00000000e+00    0.00000000e+00    0.00000000e+00    0.00000000e+00    0.00000000e+00    1.80000000e+00
1390     4.10000409e-07    1.80000000e+00    0.00000000e+00    0.00000000e+00    0.00000000e+00    0.00000000e+00    0.00000000e+00    1.80000000e+00
1391     4.10000818e-07    1.80000000e+00    0.00000000e+00    0.00000000e+00    0.00000000e+00    0.00000000e+00    0.00000000e+00    1.80000000e+00
1392     4.10001638e-07    1.80000000e+00    0.00000000e+00    0.00000000e+00    0.00000000e+00    0.00000000e+00    0.00000000e+00    1.80000000e+00
1393     4.10003276e-07    1.80000000e+00    0.00000000e+00    0.00000000e+00    0.00000000e+00    0.00000000e+00    0.00000000e+00    1.80000000e+00
1394     4.10006553e-07    1.80000000e+00    0.00000000e+00    0.00000000e+00    0.00000000e+00    0.00000000e+00    0.00000000e+00    1.80000000e+00
1395     4.10013106e-07    1.80000000e+00    0.00000000e+00    0.00000000e+00    0.00000000e+00    0.00000000e+00    0.00000000e+00    1.80000000e+00
1396     4.10026214e-07    1.80000000e+00    0.00000000e+00    0.00000000e+00    0.00000000e+00    0.00000000e+00    0.00000000e+00    1.80000000e+00
1397     4.10052428e-07    1.80000000e+00    0.00000000e+00    0.00000000e+00    0.00000000e+00    0.00000000e+00    0.00000000e+00    1.80000000e+00
1398     4.10104857e-07    1.80000000e+00    0.00000000e+00    0.00000000e+00    0.00000000e+00    0.00000000e+00    0.00000000e+00    1.80000000e+00
1399     4.10209714e-07    1.80000000e+00    0.00000000e+00    0.00000000e+00    0.00000000e+00    0.00000000e+00    0.00000000e+00    1.80000000e+00
1400     4.10419430e-07    1.80000000e+00    0.00000000e+00    0.00000000e+00    0.00000000e+00    0.00000000e+00    0.00000000e+00    1.80000000e+00
1401     4.10838860e-07    1.80000000e+00    0.00000000e+00    0.00000000e+00    0.00000000e+00    0.00000000e+00    0.00000000e+00    1.80000000e+00
1402     4.10999990e-07    1.80000000e+00    0.00000000e+00    0.00000000e+00    0.00000000e+00    0.00000000e+00    0.00000000e+00    1.80000000e+00
1403     4.10999990e-07    1.80000000e+00    1.12500036e-02    0.00000000e+00    0.00000000e+00    0.00000000e+00    0.00000000e+00    1.80000000e+00
1404     4.10999990e-07    1.80000000e+00    3.37500014e-02    0.00000000e+00    0.00000000e+00    0.00000000e+00    0.00000000e+00    1.80000000e+00
1405     4.10999990e-07    1.80000000e+00    7.87499968e-02    0.00000000e+00    0.00000000e+00    0.00000000e+00    0.00000000e+00    1.80000000e+00
1406     4.10999991e-07    1.80000000e+00    1.68749997e-01    0.00000000e+00    0.00000000e+00    0.00000000e+00    0.00000000e+00    1.80000000e+00
1407     4.10999992e-07    1.80000000e+00    3.48749998e-01    0.00000000e+00    0.00000000e+00    0.00000000e+00    0.00000000e+00    1.80000000e+00
1408     4.10999994e-07    1.80000000e+00    7.08750000e-01    0.00000000e+00    0.00000000e+00    0.00000000e+00    0.00000000e+00    1.80000000e+00
1409     4.10999998e-07    1.80000000e+00    1.42875000e+00    0.00000000e+00    0.00000000e+00    0.00000000e+00    0.00000000e+00    1.80000000e+00
1410     4.11000000e-07    1.80000000e+00    1.80000000e+00    0.00000000e+00    0.00000000e+00    0.00000000e+00    0.00000000e+00    1.80000000e+00
1411     4.11000001e-07    1.80000000e+00    1.80000000e+00    0.00000000e+00    0.00000000e+00    0.00000000e+00    0.00000000e+00    1.80000000e+00
1412     4.11000002e-07    1.80000000e+00    1.80000000e+00    0.00000000e+00    0.00000000e+00    0.00000000e+00    0.00000000e+00    1.80000000e+00
1413     4.11000006e-07    1.80000000e+00    1.80000000e+00    0.00000000e+00    0.00000000e+00    0.00000000e+00    0.00000000e+00    1.80000000e+00
1414     4.11000012e-07    1.80000000e+00    1.80000000e+00    0.00000000e+00    0.00000000e+00    0.00000000e+00    0.00000000e+00    1.80000000e+00
1415     4.11000025e-07    1.80000000e+00    1.80000000e+00    0.00000000e+00    0.00000000e+00    0.00000000e+00    0.00000000e+00    1.80000000e+00
1416     4.11000050e-07    1.80000000e+00    1.80000000e+00    0.00000000e+00    0.00000000e+00    0.00000000e+00    0.00000000e+00    1.80000000e+00
1417     4.11000102e-07    1.80000000e+00    1.80000000e+00    0.00000000e+00    0.00000000e+00    0.00000000e+00    0.00000000e+00    1.80000000e+00
1418     4.11000204e-07    1.80000000e+00    1.80000000e+00    0.00000000e+00    0.00000000e+00    0.00000000e+00    0.00000000e+00    1.80000000e+00
1419     4.11000409e-07    1.80000000e+00    1.80000000e+00    0.00000000e+00    0.00000000e+00    0.00000000e+00    0.00000000e+00    1.80000000e+00
1420     4.11000818e-07    1.80000000e+00    1.80000000e+00    0.00000000e+00    0.00000000e+00    0.00000000e+00    0.00000000e+00    1.80000000e+00
1421     4.11001638e-07    1.80000000e+00    1.80000000e+00    0.00000000e+00    0.00000000e+00    0.00000000e+00    0.00000000e+00    1.80000000e+00
1422     4.11003276e-07    1.80000000e+00    1.80000000e+00    0.00000000e+00    0.00000000e+00    0.00000000e+00    0.00000000e+00    1.80000000e+00
1423     4.11006553e-07    1.80000000e+00    1.80000000e+00    0.00000000e+00    0.00000000e+00    0.00000000e+00    0.00000000e+00    1.80000000e+00
1424     4.11013106e-07    1.80000000e+00    1.80000000e+00    0.00000000e+00    0.00000000e+00    0.00000000e+00    0.00000000e+00    1.80000000e+00
1425     4.11026214e-07    1.80000000e+00    1.80000000e+00    0.00000000e+00    0.00000000e+00    0.00000000e+00    0.00000000e+00    1.80000000e+00
1426     4.11052428e-07    1.80000000e+00    1.80000000e+00    0.00000000e+00    0.00000000e+00    0.00000000e+00    0.00000000e+00    1.80000000e+00
1427     4.11104857e-07    1.80000000e+00    1.80000000e+00    0.00000000e+00    0.00000000e+00    0.00000000e+00    0.00000000e+00    1.80000000e+00
1428     4.11209714e-07    1.80000000e+00    1.80000000e+00    0.00000000e+00    0.00000000e+00    0.00000000e+00    0.00000000e+00    1.80000000e+00
1429     4.11419430e-07    1.80000000e+00    1.80000000e+00    0.00000000e+00    0.00000000e+00    0.00000000e+00    0.00000000e+00    1.80000000e+00
1430     4.11838860e-07    1.80000000e+00    1.80000000e+00    0.00000000e+00    0.00000000e+00    0.00000000e+00    0.00000000e+00    1.80000000e+00
1431     4.12677721e-07    1.80000000e+00    1.80000000e+00    0.00000000e+00    0.00000000e+00    0.00000000e+00    0.00000000e+00    1.80000000e+00
1432     4.14355442e-07    1.80000000e+00    1.80000000e+00    0.00000000e+00    0.00000000e+00    0.00000000e+00    0.00000000e+00    1.80000000e+00
1433     4.17710886e-07    1.80000000e+00    1.80000000e+00    0.00000000e+00    0.00000000e+00    0.00000000e+00    0.00000000e+00    1.80000000e+00
1434     4.19999990e-07    1.80000000e+00    1.80000000e+00    0.00000000e+00    0.00000000e+00    0.00000000e+00    0.00000000e+00    1.80000000e+00
1435     4.19999990e-07    1.78875000e+00    1.80000000e+00    0.00000000e+00    0.00000000e+00    0.00000000e+00    0.00000000e+00    1.80000000e+00
1436     4.19999990e-07    1.76625000e+00    1.80000000e+00    0.00000000e+00    0.00000000e+00    0.00000000e+00    0.00000000e+00    1.80000000e+00
1437     4.19999990e-07    1.72125000e+00    1.80000000e+00    0.00000000e+00    0.00000000e+00    0.00000000e+00    0.00000000e+00    1.80000000e+00
1438     4.19999991e-07    1.63125000e+00    1.80000000e+00    0.00000000e+00    0.00000000e+00    0.00000000e+00    0.00000000e+00    1.80000000e+00
1439     4.19999992e-07    1.45125000e+00    1.80000000e+00    0.00000000e+00    0.00000000e+00    0.00000000e+00    0.00000000e+00    1.80000000e+00
1440     4.19999994e-07    1.09125000e+00    1.80000000e+00    0.00000000e+00    0.00000000e+00    0.00000000e+00    0.00000000e+00    1.80000000e+00
1441     4.19999998e-07    3.71249996e-01    1.80000000e+00    0.00000000e+00    0.00000000e+00    0.00000000e+00    0.00000000e+00    1.80000000e+00
1442     4.20000000e-07    0.00000000e+00    1.80000000e+00    0.00000000e+00    0.00000000e+00    0.00000000e+00    0.00000000e+00    1.80000000e+00
1443     4.20000001e-07    0.00000000e+00    1.80000000e+00    0.00000000e+00    0.00000000e+00    0.00000000e+00    0.00000000e+00    1.80000000e+00
1444     4.20000002e-07    0.00000000e+00    1.80000000e+00    0.00000000e+00    0.00000000e+00    0.00000000e+00    0.00000000e+00    1.80000000e+00
1445     4.20000006e-07    0.00000000e+00    1.80000000e+00    0.00000000e+00    0.00000000e+00    0.00000000e+00    0.00000000e+00    1.80000000e+00
1446     4.20000012e-07    0.00000000e+00    1.80000000e+00    0.00000000e+00    0.00000000e+00    0.00000000e+00    0.00000000e+00    1.80000000e+00
1447     4.20000025e-07    0.00000000e+00    1.80000000e+00    0.00000000e+00    0.00000000e+00    0.00000000e+00    0.00000000e+00    1.80000000e+00
1448     4.20000050e-07    0.00000000e+00    1.80000000e+00    0.00000000e+00    0.00000000e+00    0.00000000e+00    0.00000000e+00    1.80000000e+00
1449     4.20000102e-07    0.00000000e+00    1.80000000e+00    0.00000000e+00    0.00000000e+00    0.00000000e+00    0.00000000e+00    1.80000000e+00
1450     4.20000204e-07    0.00000000e+00    1.80000000e+00    0.00000000e+00    0.00000000e+00    0.00000000e+00    0.00000000e+00    1.80000000e+00
1451     4.20000409e-07    0.00000000e+00    1.80000000e+00    0.00000000e+00    0.00000000e+00    0.00000000e+00    0.00000000e+00    1.80000000e+00
1452     4.20000818e-07    0.00000000e+00    1.80000000e+00    0.00000000e+00    0.00000000e+00    0.00000000e+00    0.00000000e+00    1.80000000e+00
1453     4.20001638e-07    0.00000000e+00    1.80000000e+00    0.00000000e+00    0.00000000e+00    0.00000000e+00    0.00000000e+00    1.80000000e+00
1454     4.20003276e-07    0.00000000e+00    1.80000000e+00    0.00000000e+00    0.00000000e+00    0.00000000e+00    0.00000000e+00    1.80000000e+00
1455     4.20006553e-07    0.00000000e+00    1.80000000e+00    0.00000000e+00    0.00000000e+00    0.00000000e+00    0.00000000e+00    1.80000000e+00
1456     4.20013106e-07    0.00000000e+00    1.80000000e+00    0.00000000e+00    0.00000000e+00    0.00000000e+00    0.00000000e+00    1.80000000e+00
1457     4.20026214e-07    0.00000000e+00    1.80000000e+00    0.00000000e+00    0.00000000e+00    0.00000000e+00    0.00000000e+00    1.80000000e+00
1458     4.20052428e-07    0.00000000e+00    1.80000000e+00    0.00000000e+00    0.00000000e+00    0.00000000e+00    0.00000000e+00    1.80000000e+00
1459     4.20104857e-07    0.00000000e+00    1.80000000e+00    0.00000000e+00    0.00000000e+00    0.00000000e+00    0.00000000e+00    1.80000000e+00
1460     4.20209714e-07    0.00000000e+00    1.80000000e+00    0.00000000e+00    0.00000000e+00    0.00000000e+00    0.00000000e+00    1.80000000e+00
1461     4.20419430e-07    0.00000000e+00    1.80000000e+00    0.00000000e+00    0.00000000e+00    0.00000000e+00    0.00000000e+00    1.80000000e+00
1462     4.20838860e-07    0.00000000e+00    1.80000000e+00    0.00000000e+00    0.00000000e+00    0.00000000e+00    0.00000000e+00    1.80000000e+00
1463     4.21677721e-07    0.00000000e+00    1.80000000e+00    0.00000000e+00    0.00000000e+00    0.00000000e+00    0.00000000e+00    1.80000000e+00
1464     4.23355442e-07    0.00000000e+00    1.80000000e+00    0.00000000e+00    0.00000000e+00    0.00000000e+00    0.00000000e+00    1.80000000e+00
1465     4.26710886e-07    0.00000000e+00    1.80000000e+00    0.00000000e+00    0.00000000e+00    0.00000000e+00    0.00000000e+00    1.80000000e+00
1466     4.29999990e-07    0.00000000e+00    1.80000000e+00    0.00000000e+00    0.00000000e+00    0.00000000e+00    0.00000000e+00    1.80000000e+00
1467     4.29999990e-07    1.12500036e-02    1.80000000e+00    0.00000000e+00    0.00000000e+00    0.00000000e+00    0.00000000e+00    1.80000000e+00
1468     4.29999990e-07    3.37500014e-02    1.80000000e+00    0.00000000e+00    0.00000000e+00    0.00000000e+00    0.00000000e+00    1.80000000e+00
1469     4.29999990e-07    7.87499968e-02    1.80000000e+00    0.00000000e+00    0.00000000e+00    0.00000000e+00    0.00000000e+00    1.80000000e+00
1470     4.29999991e-07    1.68749997e-01    1.80000000e+00    0.00000000e+00    0.00000000e+00    0.00000000e+00    0.00000000e+00    1.80000000e+00
1471     4.29999992e-07    3.48749998e-01    1.80000000e+00    0.00000000e+00    0.00000000e+00    0.00000000e+00    0.00000000e+00    1.80000000e+00
1472     4.29999994e-07    7.08750000e-01    1.80000000e+00    0.00000000e+00    0.00000000e+00    0.00000000e+00    0.00000000e+00    1.80000000e+00
1473     4.29999998e-07    1.42875000e+00    1.80000000e+00    0.00000000e+00    0.00000000e+00    0.00000000e+00    0.00000000e+00    1.80000000e+00
1474     4.30000000e-07    1.80000000e+00    1.80000000e+00    0.00000000e+00    0.00000000e+00    0.00000000e+00    0.00000000e+00    1.80000000e+00
1475     4.30000001e-07    1.80000000e+00    1.80000000e+00    0.00000000e+00    0.00000000e+00    0.00000000e+00    0.00000000e+00    1.80000000e+00
1476     4.30000002e-07    1.80000000e+00    1.80000000e+00    0.00000000e+00    0.00000000e+00    0.00000000e+00    0.00000000e+00    1.80000000e+00
1477     4.30000006e-07    1.80000000e+00    1.80000000e+00    0.00000000e+00    0.00000000e+00    0.00000000e+00    0.00000000e+00    1.80000000e+00
1478     4.30000012e-07    1.80000000e+00    1.80000000e+00    0.00000000e+00    0.00000000e+00    0.00000000e+00    0.00000000e+00    1.80000000e+00
1479     4.30000025e-07    1.80000000e+00    1.80000000e+00    0.00000000e+00    0.00000000e+00    0.00000000e+00    0.00000000e+00    1.80000000e+00
1480     4.30000050e-07    1.80000000e+00    1.80000000e+00    0.00000000e+00    0.00000000e+00    0.00000000e+00    0.00000000e+00    1.80000000e+00
1481     4.30000102e-07    1.80000000e+00    1.80000000e+00    0.00000000e+00    0.00000000e+00    0.00000000e+00    0.00000000e+00    1.80000000e+00
1482     4.30000204e-07    1.80000000e+00    1.80000000e+00    0.00000000e+00    0.00000000e+00    0.00000000e+00    0.00000000e+00    1.80000000e+00
1483     4.30000409e-07    1.80000000e+00    1.80000000e+00    0.00000000e+00    0.00000000e+00    0.00000000e+00    0.00000000e+00    1.80000000e+00
1484     4.30000818e-07    1.80000000e+00    1.80000000e+00    0.00000000e+00    0.00000000e+00    0.00000000e+00    0.00000000e+00    1.80000000e+00
1485     4.30001638e-07    1.80000000e+00    1.80000000e+00    0.00000000e+00    0.00000000e+00    0.00000000e+00    0.00000000e+00    1.80000000e+00
1486     4.30003276e-07    1.80000000e+00    1.80000000e+00    0.00000000e+00    0.00000000e+00    0.00000000e+00    0.00000000e+00    1.80000000e+00
1487     4.30006553e-07    1.80000000e+00    1.80000000e+00    0.00000000e+00    0.00000000e+00    0.00000000e+00    0.00000000e+00    1.80000000e+00
1488     4.30013106e-07    1.80000000e+00    1.80000000e+00    0.00000000e+00    0.00000000e+00    0.00000000e+00    0.00000000e+00    1.80000000e+00
1489     4.30026214e-07    1.80000000e+00    1.80000000e+00    0.00000000e+00    0.00000000e+00    0.00000000e+00    0.00000000e+00    1.80000000e+00
1490     4.30052428e-07    1.80000000e+00    1.80000000e+00    0.00000000e+00    0.00000000e+00    0.00000000e+00    0.00000000e+00    1.80000000e+00
1491     4.30104857e-07    1.80000000e+00    1.80000000e+00    0.00000000e+00    0.00000000e+00    0.00000000e+00    0.00000000e+00    1.80000000e+00
1492     4.30209714e-07    1.80000000e+00    1.80000000e+00    0.00000000e+00    0.00000000e+00    0.00000000e+00    0.00000000e+00    1.80000000e+00
1493     4.30419430e-07    1.80000000e+00    1.80000000e+00    0.00000000e+00    0.00000000e+00    0.00000000e+00    0.00000000e+00    1.80000000e+00
1494     4.30838860e-07    1.80000000e+00    1.80000000e+00    0.00000000e+00    0.00000000e+00    0.00000000e+00    0.00000000e+00    1.80000000e+00
1495     4.31677721e-07    1.80000000e+00    1.80000000e+00    0.00000000e+00    0.00000000e+00    0.00000000e+00    0.00000000e+00    1.80000000e+00
1496     4.33355442e-07    1.80000000e+00    1.80000000e+00    0.00000000e+00    0.00000000e+00    0.00000000e+00    0.00000000e+00    1.80000000e+00
1497     4.36710886e-07    1.80000000e+00    1.80000000e+00    0.00000000e+00    0.00000000e+00    0.00000000e+00    0.00000000e+00    1.80000000e+00
1498     4.39999990e-07    1.80000000e+00    1.80000000e+00    0.00000000e+00    0.00000000e+00    0.00000000e+00    0.00000000e+00    1.80000000e+00
1499     4.39999990e-07    1.78875000e+00    1.80000000e+00    0.00000000e+00    0.00000000e+00    0.00000000e+00    0.00000000e+00    1.80000000e+00
1500     4.39999990e-07    1.76625000e+00    1.80000000e+00    0.00000000e+00    0.00000000e+00    0.00000000e+00    0.00000000e+00    1.80000000e+00
1501     4.39999990e-07    1.72125000e+00    1.80000000e+00    0.00000000e+00    0.00000000e+00    0.00000000e+00    0.00000000e+00    1.80000000e+00
1502     4.39999991e-07    1.63125000e+00    1.80000000e+00    0.00000000e+00    0.00000000e+00    0.00000000e+00    0.00000000e+00    1.80000000e+00
1503     4.39999992e-07    1.45125000e+00    1.80000000e+00    0.00000000e+00    0.00000000e+00    0.00000000e+00    0.00000000e+00    1.80000000e+00
1504     4.39999994e-07    1.09125000e+00    1.80000000e+00    0.00000000e+00    0.00000000e+00    0.00000000e+00    0.00000000e+00    1.80000000e+00
1505     4.39999998e-07    3.71249996e-01    1.80000000e+00    0.00000000e+00    0.00000000e+00    0.00000000e+00    0.00000000e+00    1.80000000e+00
1506     4.40000000e-07    0.00000000e+00    1.80000000e+00    0.00000000e+00    0.00000000e+00    0.00000000e+00    0.00000000e+00    1.80000000e+00
1507     4.40000001e-07    0.00000000e+00    1.80000000e+00    0.00000000e+00    0.00000000e+00    0.00000000e+00    0.00000000e+00    1.80000000e+00
1508     4.40000002e-07    0.00000000e+00    1.80000000e+00    0.00000000e+00    0.00000000e+00    0.00000000e+00    0.00000000e+00    1.80000000e+00
1509     4.40000006e-07    0.00000000e+00    1.80000000e+00    0.00000000e+00    0.00000000e+00    0.00000000e+00    0.00000000e+00    1.80000000e+00
1510     4.40000012e-07    0.00000000e+00    1.80000000e+00    0.00000000e+00    0.00000000e+00    0.00000000e+00    0.00000000e+00    1.80000000e+00
1511     4.40000025e-07    0.00000000e+00    1.80000000e+00    0.00000000e+00    0.00000000e+00    0.00000000e+00    0.00000000e+00    1.80000000e+00
1512     4.40000050e-07    0.00000000e+00    1.80000000e+00    0.00000000e+00    0.00000000e+00    0.00000000e+00    0.00000000e+00    1.80000000e+00
1513     4.40000102e-07    0.00000000e+00    1.80000000e+00    0.00000000e+00    0.00000000e+00    0.00000000e+00    0.00000000e+00    1.80000000e+00
1514     4.40000204e-07    0.00000000e+00    1.80000000e+00    0.00000000e+00    0.00000000e+00    0.00000000e+00    0.00000000e+00    1.80000000e+00
1515     4.40000409e-07    0.00000000e+00    1.80000000e+00    0.00000000e+00    0.00000000e+00    0.00000000e+00    0.00000000e+00    1.80000000e+00
1516     4.40000818e-07    0.00000000e+00    1.80000000e+00    0.00000000e+00    0.00000000e+00    0.00000000e+00    0.00000000e+00    1.80000000e+00
1517     4.40001638e-07    0.00000000e+00    1.80000000e+00    0.00000000e+00    0.00000000e+00    0.00000000e+00    0.00000000e+00    1.80000000e+00
1518     4.40003276e-07    0.00000000e+00    1.80000000e+00    0.00000000e+00    0.00000000e+00    0.00000000e+00    0.00000000e+00    1.80000000e+00
1519     4.40006553e-07    0.00000000e+00    1.80000000e+00    0.00000000e+00    0.00000000e+00    0.00000000e+00    0.00000000e+00    1.80000000e+00
1520     4.40013106e-07    0.00000000e+00    1.80000000e+00    0.00000000e+00    0.00000000e+00    0.00000000e+00    0.00000000e+00    1.80000000e+00
1521     4.40026214e-07    0.00000000e+00    1.80000000e+00    0.00000000e+00    0.00000000e+00    0.00000000e+00    0.00000000e+00    1.80000000e+00
1522     4.40052428e-07    0.00000000e+00    1.80000000e+00    0.00000000e+00    0.00000000e+00    0.00000000e+00    0.00000000e+00    1.80000000e+00
1523     4.40104857e-07    0.00000000e+00    1.80000000e+00    0.00000000e+00    0.00000000e+00    0.00000000e+00    0.00000000e+00    1.80000000e+00
1524     4.40209714e-07    0.00000000e+00    1.80000000e+00    0.00000000e+00    0.00000000e+00    0.00000000e+00    0.00000000e+00    1.80000000e+00
1525     4.40419430e-07    0.00000000e+00    1.80000000e+00    0.00000000e+00    0.00000000e+00    0.00000000e+00    0.00000000e+00    1.80000000e+00
1526     4.40838860e-07    0.00000000e+00    1.80000000e+00    0.00000000e+00    0.00000000e+00    0.00000000e+00    0.00000000e+00    1.80000000e+00
1527     4.41677721e-07    0.00000000e+00    1.80000000e+00    0.00000000e+00    0.00000000e+00    0.00000000e+00    0.00000000e+00    1.80000000e+00
1528     4.43355442e-07    0.00000000e+00    1.80000000e+00    0.00000000e+00    0.00000000e+00    0.00000000e+00    0.00000000e+00    1.80000000e+00
1529     4.46710886e-07    0.00000000e+00    1.80000000e+00    0.00000000e+00    0.00000000e+00    0.00000000e+00    0.00000000e+00    1.80000000e+00
1530     4.49999990e-07    0.00000000e+00    1.80000000e+00    0.00000000e+00    0.00000000e+00    0.00000000e+00    0.00000000e+00    1.80000000e+00
1531     4.49999990e-07    1.12500036e-02    1.80000000e+00    0.00000000e+00    0.00000000e+00    0.00000000e+00    0.00000000e+00    1.80000000e+00
1532     4.49999990e-07    3.37500014e-02    1.80000000e+00    0.00000000e+00    0.00000000e+00    0.00000000e+00    0.00000000e+00    1.80000000e+00
1533     4.49999990e-07    7.87499968e-02    1.80000000e+00    0.00000000e+00    0.00000000e+00    0.00000000e+00    0.00000000e+00    1.80000000e+00
1534     4.49999991e-07    1.68749997e-01    1.80000000e+00    0.00000000e+00    0.00000000e+00    0.00000000e+00    0.00000000e+00    1.80000000e+00
1535     4.49999992e-07    3.48749998e-01    1.80000000e+00    0.00000000e+00    0.00000000e+00    0.00000000e+00    0.00000000e+00    1.80000000e+00
1536     4.49999994e-07    7.08750000e-01    1.80000000e+00    0.00000000e+00    0.00000000e+00    0.00000000e+00    0.00000000e+00    1.80000000e+00
1537     4.49999998e-07    1.42875000e+00    1.80000000e+00    0.00000000e+00    0.00000000e+00    0.00000000e+00    0.00000000e+00    1.80000000e+00
1538     4.50000000e-07    1.80000000e+00    1.80000000e+00    0.00000000e+00    0.00000000e+00    0.00000000e+00    0.00000000e+00    1.80000000e+00
1539     4.50000001e-07    1.80000000e+00    1.80000000e+00    0.00000000e+00    0.00000000e+00    0.00000000e+00    0.00000000e+00    1.80000000e+00
1540     4.50000002e-07    1.80000000e+00    1.80000000e+00    0.00000000e+00    0.00000000e+00    0.00000000e+00    0.00000000e+00    1.80000000e+00
1541     4.50000006e-07    1.80000000e+00    1.80000000e+00    0.00000000e+00    0.00000000e+00    0.00000000e+00    0.00000000e+00    1.80000000e+00
1542     4.50000012e-07    1.80000000e+00    1.80000000e+00    0.00000000e+00    0.00000000e+00    0.00000000e+00    0.00000000e+00    1.80000000e+00
1543     4.50000025e-07    1.80000000e+00    1.80000000e+00    0.00000000e+00    0.00000000e+00    0.00000000e+00    0.00000000e+00    1.80000000e+00
1544     4.50000050e-07    1.80000000e+00    1.80000000e+00    0.00000000e+00    0.00000000e+00    0.00000000e+00    0.00000000e+00    1.80000000e+00
1545     4.50000102e-07    1.80000000e+00    1.80000000e+00    0.00000000e+00    0.00000000e+00    0.00000000e+00    0.00000000e+00    1.80000000e+00
1546     4.50000204e-07    1.80000000e+00    1.80000000e+00    0.00000000e+00    0.00000000e+00    0.00000000e+00    0.00000000e+00    1.80000000e+00
1547     4.50000409e-07    1.80000000e+00    1.80000000e+00    0.00000000e+00    0.00000000e+00    0.00000000e+00    0.00000000e+00    1.80000000e+00
1548     4.50000818e-07    1.80000000e+00    1.80000000e+00    0.00000000e+00    0.00000000e+00    0.00000000e+00    0.00000000e+00    1.80000000e+00
1549     4.50001638e-07    1.80000000e+00    1.80000000e+00    0.00000000e+00    0.00000000e+00    0.00000000e+00    0.00000000e+00    1.80000000e+00
1550     4.50003276e-07    1.80000000e+00    1.80000000e+00    0.00000000e+00    0.00000000e+00    0.00000000e+00    0.00000000e+00    1.80000000e+00
1551     4.50006553e-07    1.80000000e+00    1.80000000e+00    0.00000000e+00    0.00000000e+00    0.00000000e+00    0.00000000e+00    1.80000000e+00
1552     4.50013106e-07    1.80000000e+00    1.80000000e+00    0.00000000e+00    0.00000000e+00    0.00000000e+00    0.00000000e+00    1.80000000e+00
1553     4.50026214e-07    1.80000000e+00    1.80000000e+00    0.00000000e+00    0.00000000e+00    0.00000000e+00    0.00000000e+00    1.80000000e+00
1554     4.50052428e-07    1.80000000e+00    1.80000000e+00    0.00000000e+00    0.00000000e+00    0.00000000e+00    0.00000000e+00    1.80000000e+00
1555     4.50104857e-07    1.80000000e+00    1.80000000e+00    0.00000000e+00    0.00000000e+00    0.00000000e+00    0.00000000e+00    1.80000000e+00
1556     4.50209714e-07    1.80000000e+00    1.80000000e+00    0.00000000e+00    0.00000000e+00    0.00000000e+00    0.00000000e+00    1.80000000e+00
1557     4.50419430e-07    1.80000000e+00    1.80000000e+00    0.00000000e+00    0.00000000e+00    0.00000000e+00    0.00000000e+00    1.80000000e+00
1558     4.50838860e-07    1.80000000e+00    1.80000000e+00    0.00000000e+00    0.00000000e+00    0.00000000e+00    0.00000000e+00    1.80000000e+00
1559     4.51677721e-07    1.80000000e+00    1.80000000e+00    0.00000000e+00    0.00000000e+00    0.00000000e+00    0.00000000e+00    1.80000000e+00
1560     4.53355442e-07    1.80000000e+00    1.80000000e+00    0.00000000e+00    0.00000000e+00    0.00000000e+00    0.00000000e+00    1.80000000e+00
1561     4.56710886e-07    1.80000000e+00    1.80000000e+00    0.00000000e+00    0.00000000e+00    0.00000000e+00    0.00000000e+00    1.80000000e+00
1562     4.59999990e-07    1.80000000e+00    1.80000000e+00    0.00000000e+00    0.00000000e+00    0.00000000e+00    0.00000000e+00    1.80000000e+00
1563     4.59999990e-07    1.78875000e+00    1.80000000e+00    0.00000000e+00    0.00000000e+00    0.00000000e+00    0.00000000e+00    1.80000000e+00
1564     4.59999990e-07    1.76625000e+00    1.80000000e+00    0.00000000e+00    0.00000000e+00    0.00000000e+00    0.00000000e+00    1.80000000e+00
1565     4.59999990e-07    1.72125000e+00    1.80000000e+00    0.00000000e+00    0.00000000e+00    0.00000000e+00    0.00000000e+00    1.80000000e+00
1566     4.59999991e-07    1.63125000e+00    1.80000000e+00    0.00000000e+00    0.00000000e+00    0.00000000e+00    0.00000000e+00    1.80000000e+00
1567     4.59999992e-07    1.45125000e+00    1.80000000e+00    0.00000000e+00    0.00000000e+00    0.00000000e+00    0.00000000e+00    1.80000000e+00
1568     4.59999994e-07    1.09125000e+00    1.80000000e+00    0.00000000e+00    0.00000000e+00    0.00000000e+00    0.00000000e+00    1.80000000e+00
1569     4.59999998e-07    3.71249996e-01    1.80000000e+00    0.00000000e+00    0.00000000e+00    0.00000000e+00    0.00000000e+00    1.80000000e+00
1570     4.60000000e-07    0.00000000e+00    1.80000000e+00    0.00000000e+00    0.00000000e+00    0.00000000e+00    0.00000000e+00    1.80000000e+00
1571     4.60000001e-07    0.00000000e+00    1.80000000e+00    0.00000000e+00    0.00000000e+00    0.00000000e+00    0.00000000e+00    1.80000000e+00
1572     4.60000002e-07    0.00000000e+00    1.80000000e+00    0.00000000e+00    0.00000000e+00    0.00000000e+00    0.00000000e+00    1.80000000e+00
1573     4.60000006e-07    0.00000000e+00    1.80000000e+00    0.00000000e+00    0.00000000e+00    0.00000000e+00    0.00000000e+00    1.80000000e+00
1574     4.60000012e-07    0.00000000e+00    1.80000000e+00    0.00000000e+00    0.00000000e+00    0.00000000e+00    0.00000000e+00    1.80000000e+00
1575     4.60000025e-07    0.00000000e+00    1.80000000e+00    0.00000000e+00    0.00000000e+00    0.00000000e+00    0.00000000e+00    1.80000000e+00
1576     4.60000050e-07    0.00000000e+00    1.80000000e+00    0.00000000e+00    0.00000000e+00    0.00000000e+00    0.00000000e+00    1.80000000e+00
1577     4.60000102e-07    0.00000000e+00    1.80000000e+00    0.00000000e+00    0.00000000e+00    0.00000000e+00    0.00000000e+00    1.80000000e+00
1578     4.60000204e-07    0.00000000e+00    1.80000000e+00    0.00000000e+00    0.00000000e+00    0.00000000e+00    0.00000000e+00    1.80000000e+00
1579     4.60000409e-07    0.00000000e+00    1.80000000e+00    0.00000000e+00    0.00000000e+00    0.00000000e+00    0.00000000e+00    1.80000000e+00
1580     4.60000818e-07    0.00000000e+00    1.80000000e+00    0.00000000e+00    0.00000000e+00    0.00000000e+00    0.00000000e+00    1.80000000e+00
1581     4.60001638e-07    0.00000000e+00    1.80000000e+00    0.00000000e+00    0.00000000e+00    0.00000000e+00    0.00000000e+00    1.80000000e+00
1582     4.60003276e-07    0.00000000e+00    1.80000000e+00    0.00000000e+00    0.00000000e+00    0.00000000e+00    0.00000000e+00    1.80000000e+00
1583     4.60006553e-07    0.00000000e+00    1.80000000e+00    0.00000000e+00    0.00000000e+00    0.00000000e+00    0.00000000e+00    1.80000000e+00
1584     4.60013106e-07    0.00000000e+00    1.80000000e+00    0.00000000e+00    0.00000000e+00    0.00000000e+00    0.00000000e+00    1.80000000e+00
1585     4.60026214e-07    0.00000000e+00    1.80000000e+00    0.00000000e+00    0.00000000e+00    0.00000000e+00    0.00000000e+00    1.80000000e+00
1586     4.60052428e-07    0.00000000e+00    1.80000000e+00    0.00000000e+00    0.00000000e+00    0.00000000e+00    0.00000000e+00    1.80000000e+00
1587     4.60104857e-07    0.00000000e+00    1.80000000e+00    0.00000000e+00    0.00000000e+00    0.00000000e+00    0.00000000e+00    1.80000000e+00
1588     4.60209714e-07    0.00000000e+00    1.80000000e+00    0.00000000e+00    0.00000000e+00    0.00000000e+00    0.00000000e+00    1.80000000e+00
1589     4.60419430e-07    0.00000000e+00    1.80000000e+00    0.00000000e+00    0.00000000e+00    0.00000000e+00    0.00000000e+00    1.80000000e+00
1590     4.60838860e-07    0.00000000e+00    1.80000000e+00    0.00000000e+00    0.00000000e+00    0.00000000e+00    0.00000000e+00    1.80000000e+00
1591     4.61677721e-07    0.00000000e+00    1.80000000e+00    0.00000000e+00    0.00000000e+00    0.00000000e+00    0.00000000e+00    1.80000000e+00
1592     4.63355442e-07    0.00000000e+00    1.80000000e+00    0.00000000e+00    0.00000000e+00    0.00000000e+00    0.00000000e+00    1.80000000e+00
1593     4.66710886e-07    0.00000000e+00    1.80000000e+00    0.00000000e+00    0.00000000e+00    0.00000000e+00    0.00000000e+00    1.80000000e+00
1594     4.69999990e-07    0.00000000e+00    1.80000000e+00    0.00000000e+00    0.00000000e+00    0.00000000e+00    0.00000000e+00    1.80000000e+00
1595     4.69999990e-07    1.12500036e-02    1.80000000e+00    0.00000000e+00    0.00000000e+00    0.00000000e+00    0.00000000e+00    1.80000000e+00
1596     4.69999990e-07    3.37500014e-02    1.80000000e+00    0.00000000e+00    0.00000000e+00    0.00000000e+00    0.00000000e+00    1.80000000e+00
1597     4.69999990e-07    7.87499968e-02    1.80000000e+00    0.00000000e+00    0.00000000e+00    0.00000000e+00    0.00000000e+00    1.80000000e+00
1598     4.69999991e-07    1.68749997e-01    1.80000000e+00    0.00000000e+00    0.00000000e+00    0.00000000e+00    0.00000000e+00    1.80000000e+00
1599     4.69999992e-07    3.48749998e-01    1.80000000e+00    0.00000000e+00    0.00000000e+00    0.00000000e+00    0.00000000e+00    1.80000000e+00
1600     4.69999994e-07    7.08750000e-01    1.80000000e+00    0.00000000e+00    0.00000000e+00    0.00000000e+00    0.00000000e+00    1.80000000e+00
1601     4.69999998e-07    1.42875000e+00    1.80000000e+00    0.00000000e+00    0.00000000e+00    0.00000000e+00    0.00000000e+00    1.80000000e+00
1602     4.70000000e-07    1.80000000e+00    1.80000000e+00    0.00000000e+00    0.00000000e+00    0.00000000e+00    0.00000000e+00    1.80000000e+00
1603     4.70000001e-07    1.80000000e+00    1.80000000e+00    0.00000000e+00    0.00000000e+00    0.00000000e+00    0.00000000e+00    1.80000000e+00
1604     4.70000002e-07    1.80000000e+00    1.80000000e+00    0.00000000e+00    0.00000000e+00    0.00000000e+00    0.00000000e+00    1.80000000e+00
1605     4.70000006e-07    1.80000000e+00    1.80000000e+00    0.00000000e+00    0.00000000e+00    0.00000000e+00    0.00000000e+00    1.80000000e+00
1606     4.70000012e-07    1.80000000e+00    1.80000000e+00    0.00000000e+00    0.00000000e+00    0.00000000e+00    0.00000000e+00    1.80000000e+00
1607     4.70000025e-07    1.80000000e+00    1.80000000e+00    0.00000000e+00    0.00000000e+00    0.00000000e+00    0.00000000e+00    1.80000000e+00
1608     4.70000050e-07    1.80000000e+00    1.80000000e+00    0.00000000e+00    0.00000000e+00    0.00000000e+00    0.00000000e+00    1.80000000e+00
1609     4.70000102e-07    1.80000000e+00    1.80000000e+00    0.00000000e+00    0.00000000e+00    0.00000000e+00    0.00000000e+00    1.80000000e+00
1610     4.70000204e-07    1.80000000e+00    1.80000000e+00    0.00000000e+00    0.00000000e+00    0.00000000e+00    0.00000000e+00    1.80000000e+00
1611     4.70000409e-07    1.80000000e+00    1.80000000e+00    0.00000000e+00    0.00000000e+00    0.00000000e+00    0.00000000e+00    1.80000000e+00
1612     4.70000818e-07    1.80000000e+00    1.80000000e+00    0.00000000e+00    0.00000000e+00    0.00000000e+00    0.00000000e+00    1.80000000e+00
1613     4.70001638e-07    1.80000000e+00    1.80000000e+00    0.00000000e+00    0.00000000e+00    0.00000000e+00    0.00000000e+00    1.80000000e+00
1614     4.70003276e-07    1.80000000e+00    1.80000000e+00    0.00000000e+00    0.00000000e+00    0.00000000e+00    0.00000000e+00    1.80000000e+00
1615     4.70006553e-07    1.80000000e+00    1.80000000e+00    0.00000000e+00    0.00000000e+00    0.00000000e+00    0.00000000e+00    1.80000000e+00
1616     4.70013106e-07    1.80000000e+00    1.80000000e+00    0.00000000e+00    0.00000000e+00    0.00000000e+00    0.00000000e+00    1.80000000e+00
1617     4.70026214e-07    1.80000000e+00    1.80000000e+00    0.00000000e+00    0.00000000e+00    0.00000000e+00    0.00000000e+00    1.80000000e+00
1618     4.70052428e-07    1.80000000e+00    1.80000000e+00    0.00000000e+00    0.00000000e+00    0.00000000e+00    0.00000000e+00    1.80000000e+00
1619     4.70104857e-07    1.80000000e+00    1.80000000e+00    0.00000000e+00    0.00000000e+00    0.00000000e+00    0.00000000e+00    1.80000000e+00
1620     4.70209714e-07    1.80000000e+00    1.80000000e+00    0.00000000e+00    0.00000000e+00    0.00000000e+00    0.00000000e+00    1.80000000e+00
1621     4.70419430e-07    1.80000000e+00    1.80000000e+00    0.00000000e+00    0.00000000e+00    0.00000000e+00    0.00000000e+00    1.80000000e+00
1622     4.70838860e-07    1.80000000e+00    1.80000000e+00    0.00000000e+00    0.00000000e+00    0.00000000e+00    0.00000000e+00    1.80000000e+00
1623     4.71677721e-07    1.80000000e+00    1.80000000e+00    0.00000000e+00    0.00000000e+00    0.00000000e+00    0.00000000e+00    1.80000000e+00
1624     4.73355442e-07    1.80000000e+00    1.80000000e+00    0.00000000e+00    0.00000000e+00    0.00000000e+00    0.00000000e+00    1.80000000e+00
1625     4.76710886e-07    1.80000000e+00    1.80000000e+00    0.00000000e+00    0.00000000e+00    0.00000000e+00    0.00000000e+00    1.80000000e+00
1626     4.79999990e-07    1.80000000e+00    1.80000000e+00    0.00000000e+00    0.00000000e+00    0.00000000e+00    0.00000000e+00    1.80000000e+00
1627     4.79999990e-07    1.78875000e+00    1.80000000e+00    0.00000000e+00    0.00000000e+00    0.00000000e+00    0.00000000e+00    1.80000000e+00
1628     4.79999990e-07    1.76624999e+00    1.80000000e+00    0.00000000e+00    0.00000000e+00    0.00000000e+00    0.00000000e+00    1.80000000e+00
1629     4.79999990e-07    1.72124999e+00    1.80000000e+00    0.00000000e+00    0.00000000e+00    0.00000000e+00    0.00000000e+00    1.80000000e+00
1630     4.79999991e-07    1.63125000e+00    1.80000000e+00    0.00000000e+00    0.00000000e+00    0.00000000e+00    0.00000000e+00    1.80000000e+00
1631     4.79999992e-07    1.45125000e+00    1.80000000e+00    0.00000000e+00    0.00000000e+00    0.00000000e+00    0.00000000e+00    1.80000000e+00
1632     4.79999994e-07    1.09125000e+00    1.80000000e+00    0.00000000e+00    0.00000000e+00    0.00000000e+00    0.00000000e+00    1.80000000e+00
1633     4.79999998e-07    3.71250004e-01    1.80000000e+00    0.00000000e+00    0.00000000e+00    0.00000000e+00    0.00000000e+00    1.80000000e+00
1634     4.80000000e-07    0.00000000e+00    1.80000000e+00    0.00000000e+00    0.00000000e+00    0.00000000e+00    0.00000000e+00    1.80000000e+00
1635     4.80000001e-07    0.00000000e+00    1.80000000e+00    0.00000000e+00    0.00000000e+00    0.00000000e+00    0.00000000e+00    1.80000000e+00
1636     4.80000002e-07    0.00000000e+00    1.80000000e+00    0.00000000e+00    0.00000000e+00    0.00000000e+00    0.00000000e+00    1.80000000e+00
1637     4.80000006e-07    0.00000000e+00    1.80000000e+00    0.00000000e+00    0.00000000e+00    0.00000000e+00    0.00000000e+00    1.80000000e+00
1638     4.80000012e-07    0.00000000e+00    1.80000000e+00    0.00000000e+00    0.00000000e+00    0.00000000e+00    0.00000000e+00    1.80000000e+00
1639     4.80000025e-07    0.00000000e+00    1.80000000e+00    0.00000000e+00    0.00000000e+00    0.00000000e+00    0.00000000e+00    1.80000000e+00
1640     4.80000050e-07    0.00000000e+00    1.80000000e+00    0.00000000e+00    0.00000000e+00    0.00000000e+00    0.00000000e+00    1.80000000e+00
1641     4.80000102e-07    0.00000000e+00    1.80000000e+00    0.00000000e+00    0.00000000e+00    0.00000000e+00    0.00000000e+00    1.80000000e+00
1642     4.80000204e-07    0.00000000e+00    1.80000000e+00    0.00000000e+00    0.00000000e+00    0.00000000e+00    0.00000000e+00    1.80000000e+00
1643     4.80000409e-07    0.00000000e+00    1.80000000e+00    0.00000000e+00    0.00000000e+00    0.00000000e+00    0.00000000e+00    1.80000000e+00
1644     4.80000818e-07    0.00000000e+00    1.80000000e+00    0.00000000e+00    0.00000000e+00    0.00000000e+00    0.00000000e+00    1.80000000e+00
1645     4.80001638e-07    0.00000000e+00    1.80000000e+00    0.00000000e+00    0.00000000e+00    0.00000000e+00    0.00000000e+00    1.80000000e+00
1646     4.80003276e-07    0.00000000e+00    1.80000000e+00    0.00000000e+00    0.00000000e+00    0.00000000e+00    0.00000000e+00    1.80000000e+00
1647     4.80006553e-07    0.00000000e+00    1.80000000e+00    0.00000000e+00    0.00000000e+00    0.00000000e+00    0.00000000e+00    1.80000000e+00
1648     4.80013106e-07    0.00000000e+00    1.80000000e+00    0.00000000e+00    0.00000000e+00    0.00000000e+00    0.00000000e+00    1.80000000e+00
1649     4.80026214e-07    0.00000000e+00    1.80000000e+00    0.00000000e+00    0.00000000e+00    0.00000000e+00    0.00000000e+00    1.80000000e+00
1650     4.80052428e-07    0.00000000e+00    1.80000000e+00    0.00000000e+00    0.00000000e+00    0.00000000e+00    0.00000000e+00    1.80000000e+00
1651     4.80104857e-07    0.00000000e+00    1.80000000e+00    0.00000000e+00    0.00000000e+00    0.00000000e+00    0.00000000e+00    1.80000000e+00
1652     4.80209714e-07    0.00000000e+00    1.80000000e+00    0.00000000e+00    0.00000000e+00    0.00000000e+00    0.00000000e+00    1.80000000e+00
1653     4.80419430e-07    0.00000000e+00    1.80000000e+00    0.00000000e+00    0.00000000e+00    0.00000000e+00    0.00000000e+00    1.80000000e+00
1654     4.80838860e-07    0.00000000e+00    1.80000000e+00    0.00000000e+00    0.00000000e+00    0.00000000e+00    0.00000000e+00    1.80000000e+00
1655     4.81677721e-07    0.00000000e+00    1.80000000e+00    0.00000000e+00    0.00000000e+00    0.00000000e+00    0.00000000e+00    1.80000000e+00
1656     4.83355442e-07    0.00000000e+00    1.80000000e+00    0.00000000e+00    0.00000000e+00    0.00000000e+00    0.00000000e+00    1.80000000e+00
1657     4.86710886e-07    0.00000000e+00    1.80000000e+00    0.00000000e+00    0.00000000e+00    0.00000000e+00    0.00000000e+00    1.80000000e+00
1658     4.89999990e-07    0.00000000e+00    1.80000000e+00    0.00000000e+00    0.00000000e+00    0.00000000e+00    0.00000000e+00    1.80000000e+00
1659     4.89999990e-07    1.12500036e-02    1.80000000e+00    0.00000000e+00    0.00000000e+00    0.00000000e+00    0.00000000e+00    1.80000000e+00
1660     4.89999990e-07    3.37500107e-02    1.80000000e+00    0.00000000e+00    0.00000000e+00    0.00000000e+00    0.00000000e+00    1.80000000e+00
1661     4.89999990e-07    7.87500060e-02    1.80000000e+00    0.00000000e+00    0.00000000e+00    0.00000000e+00    0.00000000e+00    1.80000000e+00
1662     4.89999991e-07    1.68750015e-01    1.80000000e+00    0.00000000e+00    0.00000000e+00    0.00000000e+00    0.00000000e+00    1.80000000e+00
1663     4.89999992e-07    3.48750015e-01    1.80000000e+00    0.00000000e+00    0.00000000e+00    0.00000000e+00    0.00000000e+00    1.80000000e+00
1664     4.89999994e-07    7.08750015e-01    1.80000000e+00    0.00000000e+00    0.00000000e+00    0.00000000e+00    0.00000000e+00    1.80000000e+00
1665     4.89999998e-07    1.42875002e+00    1.80000000e+00    0.00000000e+00    0.00000000e+00    0.00000000e+00    0.00000000e+00    1.80000000e+00
1666     4.90000000e-07    1.80000000e+00    1.80000000e+00    0.00000000e+00    0.00000000e+00    0.00000000e+00    0.00000000e+00    1.80000000e+00
1667     4.90000001e-07    1.80000000e+00    1.80000000e+00    0.00000000e+00    0.00000000e+00    0.00000000e+00    0.00000000e+00    1.80000000e+00
1668     4.90000002e-07    1.80000000e+00    1.80000000e+00    0.00000000e+00    0.00000000e+00    0.00000000e+00    0.00000000e+00    1.80000000e+00
1669     4.90000006e-07    1.80000000e+00    1.80000000e+00    0.00000000e+00    0.00000000e+00    0.00000000e+00    0.00000000e+00    1.80000000e+00
1670     4.90000012e-07    1.80000000e+00    1.80000000e+00    0.00000000e+00    0.00000000e+00    0.00000000e+00    0.00000000e+00    1.80000000e+00
1671     4.90000025e-07    1.80000000e+00    1.80000000e+00    0.00000000e+00    0.00000000e+00    0.00000000e+00    0.00000000e+00    1.80000000e+00
1672     4.90000050e-07    1.80000000e+00    1.80000000e+00    0.00000000e+00    0.00000000e+00    0.00000000e+00    0.00000000e+00    1.80000000e+00
1673     4.90000102e-07    1.80000000e+00    1.80000000e+00    0.00000000e+00    0.00000000e+00    0.00000000e+00    0.00000000e+00    1.80000000e+00
1674     4.90000204e-07    1.80000000e+00    1.80000000e+00    0.00000000e+00    0.00000000e+00    0.00000000e+00    0.00000000e+00    1.80000000e+00
1675     4.90000409e-07    1.80000000e+00    1.80000000e+00    0.00000000e+00    0.00000000e+00    0.00000000e+00    0.00000000e+00    1.80000000e+00
1676     4.90000818e-07    1.80000000e+00    1.80000000e+00    0.00000000e+00    0.00000000e+00    0.00000000e+00    0.00000000e+00    1.80000000e+00
1677     4.90001638e-07    1.80000000e+00    1.80000000e+00    0.00000000e+00    0.00000000e+00    0.00000000e+00    0.00000000e+00    1.80000000e+00
1678     4.90003276e-07    1.80000000e+00    1.80000000e+00    0.00000000e+00    0.00000000e+00    0.00000000e+00    0.00000000e+00    1.80000000e+00
1679     4.90006553e-07    1.80000000e+00    1.80000000e+00    0.00000000e+00    0.00000000e+00    0.00000000e+00    0.00000000e+00    1.80000000e+00
1680     4.90013106e-07    1.80000000e+00    1.80000000e+00    0.00000000e+00    0.00000000e+00    0.00000000e+00    0.00000000e+00    1.80000000e+00
1681     4.90026214e-07    1.80000000e+00    1.80000000e+00    0.00000000e+00    0.00000000e+00    0.00000000e+00    0.00000000e+00    1.80000000e+00
1682     4.90052428e-07    1.80000000e+00    1.80000000e+00    0.00000000e+00    0.00000000e+00    0.00000000e+00    0.00000000e+00    1.80000000e+00
1683     4.90104857e-07    1.80000000e+00    1.80000000e+00    0.00000000e+00    0.00000000e+00    0.00000000e+00    0.00000000e+00    1.80000000e+00
1684     4.90209714e-07    1.80000000e+00    1.80000000e+00    0.00000000e+00    0.00000000e+00    0.00000000e+00    0.00000000e+00    1.80000000e+00
1685     4.90419430e-07    1.80000000e+00    1.80000000e+00    0.00000000e+00    0.00000000e+00    0.00000000e+00    0.00000000e+00    1.80000000e+00
1686     4.90838860e-07    1.80000000e+00    1.80000000e+00    0.00000000e+00    0.00000000e+00    0.00000000e+00    0.00000000e+00    1.80000000e+00
1687     4.91677721e-07    1.80000000e+00    1.80000000e+00    0.00000000e+00    0.00000000e+00    0.00000000e+00    0.00000000e+00    1.80000000e+00
1688     4.93355442e-07    1.80000000e+00    1.80000000e+00    0.00000000e+00    0.00000000e+00    0.00000000e+00    0.00000000e+00    1.80000000e+00
1689     4.96710886e-07    1.80000000e+00    1.80000000e+00    0.00000000e+00    0.00000000e+00    0.00000000e+00    0.00000000e+00    1.80000000e+00
1690     4.99999990e-07    1.80000000e+00    1.80000000e+00    0.00000000e+00    0.00000000e+00    0.00000000e+00    0.00000000e+00    1.80000000e+00
1691     4.99999990e-07    1.78875000e+00    1.80000000e+00    0.00000000e+00    0.00000000e+00    0.00000000e+00    0.00000000e+00    1.80000000e+00
1692     4.99999990e-07    1.76624999e+00    1.80000000e+00    0.00000000e+00    0.00000000e+00    0.00000000e+00    0.00000000e+00    1.80000000e+00
1693     4.99999990e-07    1.72124999e+00    1.80000000e+00    0.00000000e+00    0.00000000e+00    0.00000000e+00    0.00000000e+00    1.80000000e+00
1694     4.99999991e-07    1.63125000e+00    1.80000000e+00    0.00000000e+00    0.00000000e+00    0.00000000e+00    0.00000000e+00    1.80000000e+00
1695     4.99999992e-07    1.45125000e+00    1.80000000e+00    0.00000000e+00    0.00000000e+00    0.00000000e+00    0.00000000e+00    1.80000000e+00
1696     4.99999994e-07    1.09125000e+00    1.80000000e+00    0.00000000e+00    0.00000000e+00    0.00000000e+00    0.00000000e+00    1.80000000e+00
1697     4.99999998e-07    3.71250004e-01    1.80000000e+00    0.00000000e+00    0.00000000e+00    0.00000000e+00    0.00000000e+00    1.80000000e+00
1698     5.00000000e-07    0.00000000e+00    1.80000000e+00    0.00000000e+00    0.00000000e+00    0.00000000e+00    0.00000000e+00    1.80000000e+00
1699     5.00000001e-07    0.00000000e+00    1.80000000e+00    0.00000000e+00    0.00000000e+00    0.00000000e+00    0.00000000e+00    1.80000000e+00
1700     5.00000002e-07    0.00000000e+00    1.80000000e+00    0.00000000e+00    0.00000000e+00    0.00000000e+00    0.00000000e+00    1.80000000e+00
1701     5.00000006e-07    0.00000000e+00    1.80000000e+00    0.00000000e+00    0.00000000e+00    0.00000000e+00    0.00000000e+00    1.80000000e+00
1702     5.00000012e-07    0.00000000e+00    1.80000000e+00    0.00000000e+00    0.00000000e+00    0.00000000e+00    0.00000000e+00    1.80000000e+00
1703     5.00000025e-07    0.00000000e+00    1.80000000e+00    0.00000000e+00    0.00000000e+00    0.00000000e+00    0.00000000e+00    1.80000000e+00
1704     5.00000050e-07    0.00000000e+00    1.80000000e+00    0.00000000e+00    0.00000000e+00    0.00000000e+00    0.00000000e+00    1.80000000e+00
1705     5.00000102e-07    0.00000000e+00    1.80000000e+00    0.00000000e+00    0.00000000e+00    0.00000000e+00    0.00000000e+00    1.80000000e+00
1706     5.00000204e-07    0.00000000e+00    1.80000000e+00    0.00000000e+00    0.00000000e+00    0.00000000e+00    0.00000000e+00    1.80000000e+00
1707     5.00000409e-07    0.00000000e+00    1.80000000e+00    0.00000000e+00    0.00000000e+00    0.00000000e+00    0.00000000e+00    1.80000000e+00
1708     5.00000818e-07    0.00000000e+00    1.80000000e+00    0.00000000e+00    0.00000000e+00    0.00000000e+00    0.00000000e+00    1.80000000e+00
1709     5.00001638e-07    0.00000000e+00    1.80000000e+00    0.00000000e+00    0.00000000e+00    0.00000000e+00    0.00000000e+00    1.80000000e+00
1710     5.00003276e-07    0.00000000e+00    1.80000000e+00    0.00000000e+00    0.00000000e+00    0.00000000e+00    0.00000000e+00    1.80000000e+00
1711     5.00006553e-07    0.00000000e+00    1.80000000e+00    0.00000000e+00    0.00000000e+00    0.00000000e+00    0.00000000e+00    1.80000000e+00
1712     5.00013106e-07    0.00000000e+00    1.80000000e+00    0.00000000e+00    0.00000000e+00    0.00000000e+00    0.00000000e+00    1.80000000e+00
1713     5.00026214e-07    0.00000000e+00    1.80000000e+00    0.00000000e+00    0.00000000e+00    0.00000000e+00    0.00000000e+00    1.80000000e+00
1714     5.00052428e-07    0.00000000e+00    1.80000000e+00    0.00000000e+00    0.00000000e+00    0.00000000e+00    0.00000000e+00    1.80000000e+00
1715     5.00104857e-07    0.00000000e+00    1.80000000e+00    0.00000000e+00    0.00000000e+00    0.00000000e+00    0.00000000e+00    1.80000000e+00
1716     5.00209714e-07    0.00000000e+00    1.80000000e+00    0.00000000e+00    0.00000000e+00    0.00000000e+00    0.00000000e+00    1.80000000e+00
1717     5.00419430e-07    0.00000000e+00    1.80000000e+00    0.00000000e+00    0.00000000e+00    0.00000000e+00    0.00000000e+00    1.80000000e+00
1718     5.00838860e-07    0.00000000e+00    1.80000000e+00    0.00000000e+00    0.00000000e+00    0.00000000e+00    0.00000000e+00    1.80000000e+00
1719     5.01677721e-07    0.00000000e+00    1.80000000e+00    0.00000000e+00    0.00000000e+00    0.00000000e+00    0.00000000e+00    1.80000000e+00
1720     5.03355442e-07    0.00000000e+00    1.80000000e+00    0.00000000e+00    0.00000000e+00    0.00000000e+00    0.00000000e+00    1.80000000e+00
1721     5.06710886e-07    0.00000000e+00    1.80000000e+00    0.00000000e+00    0.00000000e+00    0.00000000e+00    0.00000000e+00    1.80000000e+00
1722     5.09999990e-07    0.00000000e+00    1.80000000e+00    0.00000000e+00    0.00000000e+00    0.00000000e+00    0.00000000e+00    1.80000000e+00
1723     5.09999990e-07    1.12500036e-02    1.80000000e+00    0.00000000e+00    0.00000000e+00    0.00000000e+00    0.00000000e+00    1.80000000e+00
1724     5.09999990e-07    3.37500107e-02    1.80000000e+00    0.00000000e+00    0.00000000e+00    0.00000000e+00    0.00000000e+00    1.80000000e+00
1725     5.09999990e-07    7.87500060e-02    1.80000000e+00    0.00000000e+00    0.00000000e+00    0.00000000e+00    0.00000000e+00    1.80000000e+00
1726     5.09999991e-07    1.68750015e-01    1.80000000e+00    0.00000000e+00    0.00000000e+00    0.00000000e+00    0.00000000e+00    1.80000000e+00
1727     5.09999992e-07    3.48750015e-01    1.80000000e+00    0.00000000e+00    0.00000000e+00    0.00000000e+00    0.00000000e+00    1.80000000e+00
1728     5.09999994e-07    7.08750015e-01    1.80000000e+00    0.00000000e+00    0.00000000e+00    0.00000000e+00    0.00000000e+00    1.80000000e+00
1729     5.09999998e-07    1.42875002e+00    1.80000000e+00    0.00000000e+00    0.00000000e+00    0.00000000e+00    0.00000000e+00    1.80000000e+00
1730     5.10000000e-07    1.80000000e+00    1.80000000e+00    0.00000000e+00    0.00000000e+00    0.00000000e+00    0.00000000e+00    1.80000000e+00
1731     5.10000001e-07    1.80000000e+00    1.80000000e+00    0.00000000e+00    0.00000000e+00    0.00000000e+00    0.00000000e+00    1.80000000e+00
1732     5.10000002e-07    1.80000000e+00    1.80000000e+00    0.00000000e+00    0.00000000e+00    0.00000000e+00    0.00000000e+00    1.80000000e+00
1733     5.10000006e-07    1.80000000e+00    1.80000000e+00    0.00000000e+00    0.00000000e+00    0.00000000e+00    0.00000000e+00    1.80000000e+00
1734     5.10000012e-07    1.80000000e+00    1.80000000e+00    0.00000000e+00    0.00000000e+00    0.00000000e+00    0.00000000e+00    1.80000000e+00
1735     5.10000025e-07    1.80000000e+00    1.80000000e+00    0.00000000e+00    0.00000000e+00    0.00000000e+00    0.00000000e+00    1.80000000e+00
1736     5.10000050e-07    1.80000000e+00    1.80000000e+00    0.00000000e+00    0.00000000e+00    0.00000000e+00    0.00000000e+00    1.80000000e+00
1737     5.10000102e-07    1.80000000e+00    1.80000000e+00    0.00000000e+00    0.00000000e+00    0.00000000e+00    0.00000000e+00    1.80000000e+00
1738     5.10000204e-07    1.80000000e+00    1.80000000e+00    0.00000000e+00    0.00000000e+00    0.00000000e+00    0.00000000e+00    1.80000000e+00
1739     5.10000409e-07    1.80000000e+00    1.80000000e+00    0.00000000e+00    0.00000000e+00    0.00000000e+00    0.00000000e+00    1.80000000e+00
1740     5.10000818e-07    1.80000000e+00    1.80000000e+00    0.00000000e+00    0.00000000e+00    0.00000000e+00    0.00000000e+00    1.80000000e+00
1741     5.10001638e-07    1.80000000e+00    1.80000000e+00    0.00000000e+00    0.00000000e+00    0.00000000e+00    0.00000000e+00    1.80000000e+00
1742     5.10003276e-07    1.80000000e+00    1.80000000e+00    0.00000000e+00    0.00000000e+00    0.00000000e+00    0.00000000e+00    1.80000000e+00
1743     5.10006553e-07    1.80000000e+00    1.80000000e+00    0.00000000e+00    0.00000000e+00    0.00000000e+00    0.00000000e+00    1.80000000e+00
1744     5.10013106e-07    1.80000000e+00    1.80000000e+00    0.00000000e+00    0.00000000e+00    0.00000000e+00    0.00000000e+00    1.80000000e+00
1745     5.10026214e-07    1.80000000e+00    1.80000000e+00    0.00000000e+00    0.00000000e+00    0.00000000e+00    0.00000000e+00    1.80000000e+00
1746     5.10052428e-07    1.80000000e+00    1.80000000e+00    0.00000000e+00    0.00000000e+00    0.00000000e+00    0.00000000e+00    1.80000000e+00
1747     5.10104857e-07    1.80000000e+00    1.80000000e+00    0.00000000e+00    0.00000000e+00    0.00000000e+00    0.00000000e+00    1.80000000e+00
1748     5.10209714e-07    1.80000000e+00    1.80000000e+00    0.00000000e+00    0.00000000e+00    0.00000000e+00    0.00000000e+00    1.80000000e+00
1749     5.10419430e-07    1.80000000e+00    1.80000000e+00    0.00000000e+00    0.00000000e+00    0.00000000e+00    0.00000000e+00    1.80000000e+00
1750     5.10838860e-07    1.80000000e+00    1.80000000e+00    0.00000000e+00    0.00000000e+00    0.00000000e+00    0.00000000e+00    1.80000000e+00
1751     5.11677721e-07    1.80000000e+00    1.80000000e+00    0.00000000e+00    0.00000000e+00    0.00000000e+00    0.00000000e+00    1.80000000e+00
1752     5.13355442e-07    1.80000000e+00    1.80000000e+00    0.00000000e+00    0.00000000e+00    0.00000000e+00    0.00000000e+00    1.80000000e+00
1753     5.16710886e-07    1.80000000e+00    1.80000000e+00    0.00000000e+00    0.00000000e+00    0.00000000e+00    0.00000000e+00    1.80000000e+00
1754     5.19999990e-07    1.80000000e+00    1.80000000e+00    0.00000000e+00    0.00000000e+00    0.00000000e+00    0.00000000e+00    1.80000000e+00
1755     5.19999990e-07    1.78875000e+00    1.80000000e+00    0.00000000e+00    0.00000000e+00    0.00000000e+00    0.00000000e+00    1.80000000e+00
1756     5.19999990e-07    1.76624999e+00    1.80000000e+00    0.00000000e+00    0.00000000e+00    0.00000000e+00    0.00000000e+00    1.80000000e+00
1757     5.19999990e-07    1.72124999e+00    1.80000000e+00    0.00000000e+00    0.00000000e+00    0.00000000e+00    0.00000000e+00    1.80000000e+00
1758     5.19999991e-07    1.63125000e+00    1.80000000e+00    0.00000000e+00    0.00000000e+00    0.00000000e+00    0.00000000e+00    1.80000000e+00
1759     5.19999992e-07    1.45125000e+00    1.80000000e+00    0.00000000e+00    0.00000000e+00    0.00000000e+00    0.00000000e+00    1.80000000e+00
1760     5.19999994e-07    1.09125000e+00    1.80000000e+00    0.00000000e+00    0.00000000e+00    0.00000000e+00    0.00000000e+00    1.80000000e+00
1761     5.19999998e-07    3.71250004e-01    1.80000000e+00    0.00000000e+00    0.00000000e+00    0.00000000e+00    0.00000000e+00    1.80000000e+00
1762     5.20000000e-07    0.00000000e+00    1.80000000e+00    0.00000000e+00    0.00000000e+00    0.00000000e+00    0.00000000e+00    1.80000000e+00
1763     5.20000001e-07    0.00000000e+00    1.80000000e+00    0.00000000e+00    0.00000000e+00    0.00000000e+00    0.00000000e+00    1.80000000e+00
1764     5.20000002e-07    0.00000000e+00    1.80000000e+00    0.00000000e+00    0.00000000e+00    0.00000000e+00    0.00000000e+00    1.80000000e+00
1765     5.20000006e-07    0.00000000e+00    1.80000000e+00    0.00000000e+00    0.00000000e+00    0.00000000e+00    0.00000000e+00    1.80000000e+00
1766     5.20000012e-07    0.00000000e+00    1.80000000e+00    0.00000000e+00    0.00000000e+00    0.00000000e+00    0.00000000e+00    1.80000000e+00
1767     5.20000025e-07    0.00000000e+00    1.80000000e+00    0.00000000e+00    0.00000000e+00    0.00000000e+00    0.00000000e+00    1.80000000e+00
1768     5.20000050e-07    0.00000000e+00    1.80000000e+00    0.00000000e+00    0.00000000e+00    0.00000000e+00    0.00000000e+00    1.80000000e+00
1769     5.20000102e-07    0.00000000e+00    1.80000000e+00    0.00000000e+00    0.00000000e+00    0.00000000e+00    0.00000000e+00    1.80000000e+00
1770     5.20000204e-07    0.00000000e+00    1.80000000e+00    0.00000000e+00    0.00000000e+00    0.00000000e+00    0.00000000e+00    1.80000000e+00
1771     5.20000409e-07    0.00000000e+00    1.80000000e+00    0.00000000e+00    0.00000000e+00    0.00000000e+00    0.00000000e+00    1.80000000e+00
1772     5.20000818e-07    0.00000000e+00    1.80000000e+00    0.00000000e+00    0.00000000e+00    0.00000000e+00    0.00000000e+00    1.80000000e+00
1773     5.20001638e-07    0.00000000e+00    1.80000000e+00    0.00000000e+00    0.00000000e+00    0.00000000e+00    0.00000000e+00    1.80000000e+00
1774     5.20003276e-07    0.00000000e+00    1.80000000e+00    0.00000000e+00    0.00000000e+00    0.00000000e+00    0.00000000e+00    1.80000000e+00
1775     5.20006553e-07    0.00000000e+00    1.80000000e+00    0.00000000e+00    0.00000000e+00    0.00000000e+00    0.00000000e+00    1.80000000e+00
1776     5.20013106e-07    0.00000000e+00    1.80000000e+00    0.00000000e+00    0.00000000e+00    0.00000000e+00    0.00000000e+00    1.80000000e+00
1777     5.20026214e-07    0.00000000e+00    1.80000000e+00    0.00000000e+00    0.00000000e+00    0.00000000e+00    0.00000000e+00    1.80000000e+00
1778     5.20052428e-07    0.00000000e+00    1.80000000e+00    0.00000000e+00    0.00000000e+00    0.00000000e+00    0.00000000e+00    1.80000000e+00
1779     5.20104857e-07    0.00000000e+00    1.80000000e+00    0.00000000e+00    0.00000000e+00    0.00000000e+00    0.00000000e+00    1.80000000e+00
1780     5.20209714e-07    0.00000000e+00    1.80000000e+00    0.00000000e+00    0.00000000e+00    0.00000000e+00    0.00000000e+00    1.80000000e+00
1781     5.20419430e-07    0.00000000e+00    1.80000000e+00    0.00000000e+00    0.00000000e+00    0.00000000e+00    0.00000000e+00    1.80000000e+00
1782     5.20838860e-07    0.00000000e+00    1.80000000e+00    0.00000000e+00    0.00000000e+00    0.00000000e+00    0.00000000e+00    1.80000000e+00
1783     5.21677721e-07    0.00000000e+00    1.80000000e+00    0.00000000e+00    0.00000000e+00    0.00000000e+00    0.00000000e+00    1.80000000e+00
1784     5.23355442e-07    0.00000000e+00    1.80000000e+00    0.00000000e+00    0.00000000e+00    0.00000000e+00    0.00000000e+00    1.80000000e+00
1785     5.26710886e-07    0.00000000e+00    1.80000000e+00    0.00000000e+00    0.00000000e+00    0.00000000e+00    0.00000000e+00    1.80000000e+00
1786     5.29999990e-07    0.00000000e+00    1.80000000e+00    0.00000000e+00    0.00000000e+00    0.00000000e+00    0.00000000e+00    1.80000000e+00
1787     5.29999990e-07    1.12500036e-02    1.80000000e+00    0.00000000e+00    0.00000000e+00    0.00000000e+00    0.00000000e+00    1.80000000e+00
1788     5.29999990e-07    3.37500107e-02    1.80000000e+00    0.00000000e+00    0.00000000e+00    0.00000000e+00    0.00000000e+00    1.80000000e+00
1789     5.29999990e-07    7.87500060e-02    1.80000000e+00    0.00000000e+00    0.00000000e+00    0.00000000e+00    0.00000000e+00    1.80000000e+00
1790     5.29999991e-07    1.68750015e-01    1.80000000e+00    0.00000000e+00    0.00000000e+00    0.00000000e+00    0.00000000e+00    1.80000000e+00
1791     5.29999992e-07    3.48750015e-01    1.80000000e+00    0.00000000e+00    0.00000000e+00    0.00000000e+00    0.00000000e+00    1.80000000e+00
1792     5.29999994e-07    7.08750015e-01    1.80000000e+00    0.00000000e+00    0.00000000e+00    0.00000000e+00    0.00000000e+00    1.80000000e+00
1793     5.29999998e-07    1.42875002e+00    1.80000000e+00    0.00000000e+00    0.00000000e+00    0.00000000e+00    0.00000000e+00    1.80000000e+00
1794     5.30000000e-07    1.80000000e+00    1.80000000e+00    0.00000000e+00    0.00000000e+00    0.00000000e+00    0.00000000e+00    1.80000000e+00
1795     5.30000001e-07    1.80000000e+00    1.80000000e+00    0.00000000e+00    0.00000000e+00    0.00000000e+00    0.00000000e+00    1.80000000e+00
1796     5.30000002e-07    1.80000000e+00    1.80000000e+00    0.00000000e+00    0.00000000e+00    0.00000000e+00    0.00000000e+00    1.80000000e+00
1797     5.30000006e-07    1.80000000e+00    1.80000000e+00    0.00000000e+00    0.00000000e+00    0.00000000e+00    0.00000000e+00    1.80000000e+00
1798     5.30000012e-07    1.80000000e+00    1.80000000e+00    0.00000000e+00    0.00000000e+00    0.00000000e+00    0.00000000e+00    1.80000000e+00
1799     5.30000025e-07    1.80000000e+00    1.80000000e+00    0.00000000e+00    0.00000000e+00    0.00000000e+00    0.00000000e+00    1.80000000e+00
1800     5.30000050e-07    1.80000000e+00    1.80000000e+00    0.00000000e+00    0.00000000e+00    0.00000000e+00    0.00000000e+00    1.80000000e+00
1801     5.30000102e-07    1.80000000e+00    1.80000000e+00    0.00000000e+00    0.00000000e+00    0.00000000e+00    0.00000000e+00    1.80000000e+00
1802     5.30000204e-07    1.80000000e+00    1.80000000e+00    0.00000000e+00    0.00000000e+00    0.00000000e+00    0.00000000e+00    1.80000000e+00
1803     5.30000409e-07    1.80000000e+00    1.80000000e+00    0.00000000e+00    0.00000000e+00    0.00000000e+00    0.00000000e+00    1.80000000e+00
1804     5.30000818e-07    1.80000000e+00    1.80000000e+00    0.00000000e+00    0.00000000e+00    0.00000000e+00    0.00000000e+00    1.80000000e+00
1805     5.30001638e-07    1.80000000e+00    1.80000000e+00    0.00000000e+00    0.00000000e+00    0.00000000e+00    0.00000000e+00    1.80000000e+00
1806     5.30003276e-07    1.80000000e+00    1.80000000e+00    0.00000000e+00    0.00000000e+00    0.00000000e+00    0.00000000e+00    1.80000000e+00
1807     5.30006553e-07    1.80000000e+00    1.80000000e+00    0.00000000e+00    0.00000000e+00    0.00000000e+00    0.00000000e+00    1.80000000e+00
1808     5.30013106e-07    1.80000000e+00    1.80000000e+00    0.00000000e+00    0.00000000e+00    0.00000000e+00    0.00000000e+00    1.80000000e+00
1809     5.30026214e-07    1.80000000e+00    1.80000000e+00    0.00000000e+00    0.00000000e+00    0.00000000e+00    0.00000000e+00    1.80000000e+00
1810     5.30052428e-07    1.80000000e+00    1.80000000e+00    0.00000000e+00    0.00000000e+00    0.00000000e+00    0.00000000e+00    1.80000000e+00
1811     5.30104857e-07    1.80000000e+00    1.80000000e+00    0.00000000e+00    0.00000000e+00    0.00000000e+00    0.00000000e+00    1.80000000e+00
1812     5.30209714e-07    1.80000000e+00    1.80000000e+00    0.00000000e+00    0.00000000e+00    0.00000000e+00    0.00000000e+00    1.80000000e+00
1813     5.30419430e-07    1.80000000e+00    1.80000000e+00    0.00000000e+00    0.00000000e+00    0.00000000e+00    0.00000000e+00    1.80000000e+00
1814     5.30838860e-07    1.80000000e+00    1.80000000e+00    0.00000000e+00    0.00000000e+00    0.00000000e+00    0.00000000e+00    1.80000000e+00
1815     5.31677721e-07    1.80000000e+00    1.80000000e+00    0.00000000e+00    0.00000000e+00    0.00000000e+00    0.00000000e+00    1.80000000e+00
1816     5.33355442e-07    1.80000000e+00    1.80000000e+00    0.00000000e+00    0.00000000e+00    0.00000000e+00    0.00000000e+00    1.80000000e+00
1817     5.36710886e-07    1.80000000e+00    1.80000000e+00    0.00000000e+00    0.00000000e+00    0.00000000e+00    0.00000000e+00    1.80000000e+00
1818     5.39999990e-07    1.80000000e+00    1.80000000e+00    0.00000000e+00    0.00000000e+00    0.00000000e+00    0.00000000e+00    1.80000000e+00
1819     5.39999990e-07    1.78875000e+00    1.80000000e+00    0.00000000e+00    0.00000000e+00    0.00000000e+00    0.00000000e+00    1.80000000e+00
1820     5.39999990e-07    1.76624999e+00    1.80000000e+00    0.00000000e+00    0.00000000e+00    0.00000000e+00    0.00000000e+00    1.80000000e+00
1821     5.39999990e-07    1.72124999e+00    1.80000000e+00    0.00000000e+00    0.00000000e+00    0.00000000e+00    0.00000000e+00    1.80000000e+00
1822     5.39999991e-07    1.63125000e+00    1.80000000e+00    0.00000000e+00    0.00000000e+00    0.00000000e+00    0.00000000e+00    1.80000000e+00
1823     5.39999992e-07    1.45125000e+00    1.80000000e+00    0.00000000e+00    0.00000000e+00    0.00000000e+00    0.00000000e+00    1.80000000e+00
1824     5.39999994e-07    1.09125000e+00    1.80000000e+00    0.00000000e+00    0.00000000e+00    0.00000000e+00    0.00000000e+00    1.80000000e+00
1825     5.39999998e-07    3.71250004e-01    1.80000000e+00    0.00000000e+00    0.00000000e+00    0.00000000e+00    0.00000000e+00    1.80000000e+00
1826     5.40000000e-07    0.00000000e+00    1.80000000e+00    0.00000000e+00    0.00000000e+00    0.00000000e+00    0.00000000e+00    1.80000000e+00
1827     5.40000001e-07    0.00000000e+00    1.80000000e+00    0.00000000e+00    0.00000000e+00    0.00000000e+00    0.00000000e+00    1.80000000e+00
1828     5.40000002e-07    0.00000000e+00    1.80000000e+00    0.00000000e+00    0.00000000e+00    0.00000000e+00    0.00000000e+00    1.80000000e+00
1829     5.40000006e-07    0.00000000e+00    1.80000000e+00    0.00000000e+00    0.00000000e+00    0.00000000e+00    0.00000000e+00    1.80000000e+00
1830     5.40000012e-07    0.00000000e+00    1.80000000e+00    0.00000000e+00    0.00000000e+00    0.00000000e+00    0.00000000e+00    1.80000000e+00
1831     5.40000025e-07    0.00000000e+00    1.80000000e+00    0.00000000e+00    0.00000000e+00    0.00000000e+00    0.00000000e+00    1.80000000e+00
1832     5.40000050e-07    0.00000000e+00    1.80000000e+00    0.00000000e+00    0.00000000e+00    0.00000000e+00    0.00000000e+00    1.80000000e+00
1833     5.40000102e-07    0.00000000e+00    1.80000000e+00    0.00000000e+00    0.00000000e+00    0.00000000e+00    0.00000000e+00    1.80000000e+00
1834     5.40000204e-07    0.00000000e+00    1.80000000e+00    0.00000000e+00    0.00000000e+00    0.00000000e+00    0.00000000e+00    1.80000000e+00
1835     5.40000409e-07    0.00000000e+00    1.80000000e+00    0.00000000e+00    0.00000000e+00    0.00000000e+00    0.00000000e+00    1.80000000e+00
1836     5.40000818e-07    0.00000000e+00    1.80000000e+00    0.00000000e+00    0.00000000e+00    0.00000000e+00    0.00000000e+00    1.80000000e+00
1837     5.40001638e-07    0.00000000e+00    1.80000000e+00    0.00000000e+00    0.00000000e+00    0.00000000e+00    0.00000000e+00    1.80000000e+00
1838     5.40003276e-07    0.00000000e+00    1.80000000e+00    0.00000000e+00    0.00000000e+00    0.00000000e+00    0.00000000e+00    1.80000000e+00
1839     5.40006553e-07    0.00000000e+00    1.80000000e+00    0.00000000e+00    0.00000000e+00    0.00000000e+00    0.00000000e+00    1.80000000e+00
1840     5.40013106e-07    0.00000000e+00    1.80000000e+00    0.00000000e+00    0.00000000e+00    0.00000000e+00    0.00000000e+00    1.80000000e+00
1841     5.40026214e-07    0.00000000e+00    1.80000000e+00    0.00000000e+00    0.00000000e+00    0.00000000e+00    0.00000000e+00    1.80000000e+00
1842     5.40052428e-07    0.00000000e+00    1.80000000e+00    0.00000000e+00    0.00000000e+00    0.00000000e+00    0.00000000e+00    1.80000000e+00
1843     5.40104857e-07    0.00000000e+00    1.80000000e+00    0.00000000e+00    0.00000000e+00    0.00000000e+00    0.00000000e+00    1.80000000e+00
1844     5.40209714e-07    0.00000000e+00    1.80000000e+00    0.00000000e+00    0.00000000e+00    0.00000000e+00    0.00000000e+00    1.80000000e+00
1845     5.40419430e-07    0.00000000e+00    1.80000000e+00    0.00000000e+00    0.00000000e+00    0.00000000e+00    0.00000000e+00    1.80000000e+00
1846     5.40838860e-07    0.00000000e+00    1.80000000e+00    0.00000000e+00    0.00000000e+00    0.00000000e+00    0.00000000e+00    1.80000000e+00
1847     5.41677721e-07    0.00000000e+00    1.80000000e+00    0.00000000e+00    0.00000000e+00    0.00000000e+00    0.00000000e+00    1.80000000e+00
1848     5.43355442e-07    0.00000000e+00    1.80000000e+00    0.00000000e+00    0.00000000e+00    0.00000000e+00    0.00000000e+00    1.80000000e+00
1849     5.46710886e-07    0.00000000e+00    1.80000000e+00    0.00000000e+00    0.00000000e+00    0.00000000e+00    0.00000000e+00    1.80000000e+00
1850     5.49999990e-07    0.00000000e+00    1.80000000e+00    0.00000000e+00    0.00000000e+00    0.00000000e+00    0.00000000e+00    1.80000000e+00
1851     5.49999990e-07    1.12500036e-02    1.80000000e+00    0.00000000e+00    0.00000000e+00    0.00000000e+00    0.00000000e+00    1.80000000e+00
1852     5.49999990e-07    3.37500107e-02    1.80000000e+00    0.00000000e+00    0.00000000e+00    0.00000000e+00    0.00000000e+00    1.80000000e+00
1853     5.49999990e-07    7.87500060e-02    1.80000000e+00    0.00000000e+00    0.00000000e+00    0.00000000e+00    0.00000000e+00    1.80000000e+00
1854     5.49999991e-07    1.68750015e-01    1.80000000e+00    0.00000000e+00    0.00000000e+00    0.00000000e+00    0.00000000e+00    1.80000000e+00
1855     5.49999992e-07    3.48750015e-01    1.80000000e+00    0.00000000e+00    0.00000000e+00    0.00000000e+00    0.00000000e+00    1.80000000e+00
1856     5.49999994e-07    7.08750015e-01    1.80000000e+00    0.00000000e+00    0.00000000e+00    0.00000000e+00    0.00000000e+00    1.80000000e+00
1857     5.49999998e-07    1.42875002e+00    1.80000000e+00    0.00000000e+00    0.00000000e+00    0.00000000e+00    0.00000000e+00    1.80000000e+00
1858     5.50000000e-07    1.80000000e+00    1.80000000e+00    0.00000000e+00    0.00000000e+00    0.00000000e+00    0.00000000e+00    1.80000000e+00
1859     5.50000001e-07    1.80000000e+00    1.80000000e+00    0.00000000e+00    0.00000000e+00    0.00000000e+00    0.00000000e+00    1.80000000e+00
1860     5.50000002e-07    1.80000000e+00    1.80000000e+00    0.00000000e+00    0.00000000e+00    0.00000000e+00    0.00000000e+00    1.80000000e+00
1861     5.50000006e-07    1.80000000e+00    1.80000000e+00    0.00000000e+00    0.00000000e+00    0.00000000e+00    0.00000000e+00    1.80000000e+00
1862     5.50000012e-07    1.80000000e+00    1.80000000e+00    0.00000000e+00    0.00000000e+00    0.00000000e+00    0.00000000e+00    1.80000000e+00
1863     5.50000025e-07    1.80000000e+00    1.80000000e+00    0.00000000e+00    0.00000000e+00    0.00000000e+00    0.00000000e+00    1.80000000e+00
1864     5.50000050e-07    1.80000000e+00    1.80000000e+00    0.00000000e+00    0.00000000e+00    0.00000000e+00    0.00000000e+00    1.80000000e+00
1865     5.50000102e-07    1.80000000e+00    1.80000000e+00    0.00000000e+00    0.00000000e+00    0.00000000e+00    0.00000000e+00    1.80000000e+00
1866     5.50000204e-07    1.80000000e+00    1.80000000e+00    0.00000000e+00    0.00000000e+00    0.00000000e+00    0.00000000e+00    1.80000000e+00
1867     5.50000409e-07    1.80000000e+00    1.80000000e+00    0.00000000e+00    0.00000000e+00    0.00000000e+00    0.00000000e+00    1.80000000e+00
1868     5.50000818e-07    1.80000000e+00    1.80000000e+00    0.00000000e+00    0.00000000e+00    0.00000000e+00    0.00000000e+00    1.80000000e+00
1869     5.50001638e-07    1.80000000e+00    1.80000000e+00    0.00000000e+00    0.00000000e+00    0.00000000e+00    0.00000000e+00    1.80000000e+00
1870     5.50003276e-07    1.80000000e+00    1.80000000e+00    0.00000000e+00    0.00000000e+00    0.00000000e+00    0.00000000e+00    1.80000000e+00
1871     5.50006553e-07    1.80000000e+00    1.80000000e+00    0.00000000e+00    0.00000000e+00    0.00000000e+00    0.00000000e+00    1.80000000e+00
1872     5.50013106e-07    1.80000000e+00    1.80000000e+00    0.00000000e+00    0.00000000e+00    0.00000000e+00    0.00000000e+00    1.80000000e+00
1873     5.50026214e-07    1.80000000e+00    1.80000000e+00    0.00000000e+00    0.00000000e+00    0.00000000e+00    0.00000000e+00    1.80000000e+00
1874     5.50052428e-07    1.80000000e+00    1.80000000e+00    0.00000000e+00    0.00000000e+00    0.00000000e+00    0.00000000e+00    1.80000000e+00
1875     5.50104857e-07    1.80000000e+00    1.80000000e+00    0.00000000e+00    0.00000000e+00    0.00000000e+00    0.00000000e+00    1.80000000e+00
1876     5.50209714e-07    1.80000000e+00    1.80000000e+00    0.00000000e+00    0.00000000e+00    0.00000000e+00    0.00000000e+00    1.80000000e+00
1877     5.50419430e-07    1.80000000e+00    1.80000000e+00    0.00000000e+00    0.00000000e+00    0.00000000e+00    0.00000000e+00    1.80000000e+00
1878     5.50838860e-07    1.80000000e+00    1.80000000e+00    0.00000000e+00    0.00000000e+00    0.00000000e+00    0.00000000e+00    1.80000000e+00
1879     5.51677721e-07    1.80000000e+00    1.80000000e+00    0.00000000e+00    0.00000000e+00    0.00000000e+00    0.00000000e+00    1.80000000e+00
1880     5.53355442e-07    1.80000000e+00    1.80000000e+00    0.00000000e+00    0.00000000e+00    0.00000000e+00    0.00000000e+00    1.80000000e+00
1881     5.56710886e-07    1.80000000e+00    1.80000000e+00    0.00000000e+00    0.00000000e+00    0.00000000e+00    0.00000000e+00    1.80000000e+00
1882     5.59999990e-07    1.80000000e+00    1.80000000e+00    0.00000000e+00    0.00000000e+00    0.00000000e+00    0.00000000e+00    1.80000000e+00
1883     5.59999990e-07    1.78875000e+00    1.80000000e+00    0.00000000e+00    0.00000000e+00    0.00000000e+00    0.00000000e+00    1.80000000e+00
1884     5.59999990e-07    1.76624999e+00    1.80000000e+00    0.00000000e+00    0.00000000e+00    0.00000000e+00    0.00000000e+00    1.80000000e+00
1885     5.59999990e-07    1.72124999e+00    1.80000000e+00    0.00000000e+00    0.00000000e+00    0.00000000e+00    0.00000000e+00    1.80000000e+00
1886     5.59999991e-07    1.63125000e+00    1.80000000e+00    0.00000000e+00    0.00000000e+00    0.00000000e+00    0.00000000e+00    1.80000000e+00
1887     5.59999992e-07    1.45125000e+00    1.80000000e+00    0.00000000e+00    0.00000000e+00    0.00000000e+00    0.00000000e+00    1.80000000e+00
1888     5.59999994e-07    1.09125000e+00    1.80000000e+00    0.00000000e+00    0.00000000e+00    0.00000000e+00    0.00000000e+00    1.80000000e+00
1889     5.59999998e-07    3.71250004e-01    1.80000000e+00    0.00000000e+00    0.00000000e+00    0.00000000e+00    0.00000000e+00    1.80000000e+00
1890     5.60000000e-07    0.00000000e+00    1.80000000e+00    0.00000000e+00    0.00000000e+00    0.00000000e+00    0.00000000e+00    1.80000000e+00
1891     5.60000001e-07    0.00000000e+00    1.80000000e+00    0.00000000e+00    0.00000000e+00    0.00000000e+00    0.00000000e+00    1.80000000e+00
1892     5.60000002e-07    0.00000000e+00    1.80000000e+00    0.00000000e+00    0.00000000e+00    0.00000000e+00    0.00000000e+00    1.80000000e+00
1893     5.60000006e-07    0.00000000e+00    1.80000000e+00    0.00000000e+00    0.00000000e+00    0.00000000e+00    0.00000000e+00    1.80000000e+00
1894     5.60000012e-07    0.00000000e+00    1.80000000e+00    0.00000000e+00    0.00000000e+00    0.00000000e+00    0.00000000e+00    1.80000000e+00
1895     5.60000025e-07    0.00000000e+00    1.80000000e+00    0.00000000e+00    0.00000000e+00    0.00000000e+00    0.00000000e+00    1.80000000e+00
1896     5.60000050e-07    0.00000000e+00    1.80000000e+00    0.00000000e+00    0.00000000e+00    0.00000000e+00    0.00000000e+00    1.80000000e+00
1897     5.60000102e-07    0.00000000e+00    1.80000000e+00    0.00000000e+00    0.00000000e+00    0.00000000e+00    0.00000000e+00    1.80000000e+00
1898     5.60000204e-07    0.00000000e+00    1.80000000e+00    0.00000000e+00    0.00000000e+00    0.00000000e+00    0.00000000e+00    1.80000000e+00
1899     5.60000409e-07    0.00000000e+00    1.80000000e+00    0.00000000e+00    0.00000000e+00    0.00000000e+00    0.00000000e+00    1.80000000e+00
1900     5.60000818e-07    0.00000000e+00    1.80000000e+00    0.00000000e+00    0.00000000e+00    0.00000000e+00    0.00000000e+00    1.80000000e+00
1901     5.60001638e-07    0.00000000e+00    1.80000000e+00    0.00000000e+00    0.00000000e+00    0.00000000e+00    0.00000000e+00    1.80000000e+00
1902     5.60003276e-07    0.00000000e+00    1.80000000e+00    0.00000000e+00    0.00000000e+00    0.00000000e+00    0.00000000e+00    1.80000000e+00
1903     5.60006553e-07    0.00000000e+00    1.80000000e+00    0.00000000e+00    0.00000000e+00    0.00000000e+00    0.00000000e+00    1.80000000e+00
1904     5.60013106e-07    0.00000000e+00    1.80000000e+00    0.00000000e+00    0.00000000e+00    0.00000000e+00    0.00000000e+00    1.80000000e+00
1905     5.60026214e-07    0.00000000e+00    1.80000000e+00    0.00000000e+00    0.00000000e+00    0.00000000e+00    0.00000000e+00    1.80000000e+00
1906     5.60052428e-07    0.00000000e+00    1.80000000e+00    0.00000000e+00    0.00000000e+00    0.00000000e+00    0.00000000e+00    1.80000000e+00
1907     5.60104857e-07    0.00000000e+00    1.80000000e+00    0.00000000e+00    0.00000000e+00    0.00000000e+00    0.00000000e+00    1.80000000e+00
1908     5.60209714e-07    0.00000000e+00    1.80000000e+00    0.00000000e+00    0.00000000e+00    0.00000000e+00    0.00000000e+00    1.80000000e+00
1909     5.60419430e-07    0.00000000e+00    1.80000000e+00    0.00000000e+00    0.00000000e+00    0.00000000e+00    0.00000000e+00    1.80000000e+00
1910     5.60838860e-07    0.00000000e+00    1.80000000e+00    0.00000000e+00    0.00000000e+00    0.00000000e+00    0.00000000e+00    1.80000000e+00
1911     5.61677721e-07    0.00000000e+00    1.80000000e+00    0.00000000e+00    0.00000000e+00    0.00000000e+00    0.00000000e+00    1.80000000e+00
1912     5.63355442e-07    0.00000000e+00    1.80000000e+00    0.00000000e+00    0.00000000e+00    0.00000000e+00    0.00000000e+00    1.80000000e+00
1913     5.66710886e-07    0.00000000e+00    1.80000000e+00    0.00000000e+00    0.00000000e+00    0.00000000e+00    0.00000000e+00    1.80000000e+00
1914     5.69999990e-07    0.00000000e+00    1.80000000e+00    0.00000000e+00    0.00000000e+00    0.00000000e+00    0.00000000e+00    1.80000000e+00
1915     5.69999990e-07    1.12500036e-02    1.80000000e+00    0.00000000e+00    0.00000000e+00    0.00000000e+00    0.00000000e+00    1.80000000e+00
1916     5.69999990e-07    3.37500107e-02    1.80000000e+00    0.00000000e+00    0.00000000e+00    0.00000000e+00    0.00000000e+00    1.80000000e+00
1917     5.69999990e-07    7.87500060e-02    1.80000000e+00    0.00000000e+00    0.00000000e+00    0.00000000e+00    0.00000000e+00    1.80000000e+00
1918     5.69999991e-07    1.68749996e-01    1.80000000e+00    0.00000000e+00    0.00000000e+00    0.00000000e+00    0.00000000e+00    1.80000000e+00
1919     5.69999992e-07    3.48749996e-01    1.80000000e+00    0.00000000e+00    0.00000000e+00    0.00000000e+00    0.00000000e+00    1.80000000e+00
1920     5.69999994e-07    7.08749996e-01    1.80000000e+00    0.00000000e+00    0.00000000e+00    0.00000000e+00    0.00000000e+00    1.80000000e+00
1921     5.69999998e-07    1.42875000e+00    1.80000000e+00    0.00000000e+00    0.00000000e+00    0.00000000e+00    0.00000000e+00    1.80000000e+00
1922     5.70000000e-07    1.80000000e+00    1.80000000e+00    0.00000000e+00    0.00000000e+00    0.00000000e+00    0.00000000e+00    1.80000000e+00
1923     5.70000001e-07    1.80000000e+00    1.80000000e+00    0.00000000e+00    0.00000000e+00    0.00000000e+00    0.00000000e+00    1.80000000e+00
1924     5.70000002e-07    1.80000000e+00    1.80000000e+00    0.00000000e+00    0.00000000e+00    0.00000000e+00    0.00000000e+00    1.80000000e+00
1925     5.70000006e-07    1.80000000e+00    1.80000000e+00    0.00000000e+00    0.00000000e+00    0.00000000e+00    0.00000000e+00    1.80000000e+00
1926     5.70000012e-07    1.80000000e+00    1.80000000e+00    0.00000000e+00    0.00000000e+00    0.00000000e+00    0.00000000e+00    1.80000000e+00
1927     5.70000025e-07    1.80000000e+00    1.80000000e+00    0.00000000e+00    0.00000000e+00    0.00000000e+00    0.00000000e+00    1.80000000e+00
1928     5.70000050e-07    1.80000000e+00    1.80000000e+00    0.00000000e+00    0.00000000e+00    0.00000000e+00    0.00000000e+00    1.80000000e+00
1929     5.70000102e-07    1.80000000e+00    1.80000000e+00    0.00000000e+00    0.00000000e+00    0.00000000e+00    0.00000000e+00    1.80000000e+00
1930     5.70000204e-07    1.80000000e+00    1.80000000e+00    0.00000000e+00    0.00000000e+00    0.00000000e+00    0.00000000e+00    1.80000000e+00
1931     5.70000409e-07    1.80000000e+00    1.80000000e+00    0.00000000e+00    0.00000000e+00    0.00000000e+00    0.00000000e+00    1.80000000e+00
1932     5.70000818e-07    1.80000000e+00    1.80000000e+00    0.00000000e+00    0.00000000e+00    0.00000000e+00    0.00000000e+00    1.80000000e+00
1933     5.70001638e-07    1.80000000e+00    1.80000000e+00    0.00000000e+00    0.00000000e+00    0.00000000e+00    0.00000000e+00    1.80000000e+00
1934     5.70003276e-07    1.80000000e+00    1.80000000e+00    0.00000000e+00    0.00000000e+00    0.00000000e+00    0.00000000e+00    1.80000000e+00
1935     5.70006553e-07    1.80000000e+00    1.80000000e+00    0.00000000e+00    0.00000000e+00    0.00000000e+00    0.00000000e+00    1.80000000e+00
1936     5.70013106e-07    1.80000000e+00    1.80000000e+00    0.00000000e+00    0.00000000e+00    0.00000000e+00    0.00000000e+00    1.80000000e+00
1937     5.70026214e-07    1.80000000e+00    1.80000000e+00    0.00000000e+00    0.00000000e+00    0.00000000e+00    0.00000000e+00    1.80000000e+00
1938     5.70052428e-07    1.80000000e+00    1.80000000e+00    0.00000000e+00    0.00000000e+00    0.00000000e+00    0.00000000e+00    1.80000000e+00
1939     5.70104857e-07    1.80000000e+00    1.80000000e+00    0.00000000e+00    0.00000000e+00    0.00000000e+00    0.00000000e+00    1.80000000e+00
1940     5.70209714e-07    1.80000000e+00    1.80000000e+00    0.00000000e+00    0.00000000e+00    0.00000000e+00    0.00000000e+00    1.80000000e+00
1941     5.70419430e-07    1.80000000e+00    1.80000000e+00    0.00000000e+00    0.00000000e+00    0.00000000e+00    0.00000000e+00    1.80000000e+00
1942     5.70838860e-07    1.80000000e+00    1.80000000e+00    0.00000000e+00    0.00000000e+00    0.00000000e+00    0.00000000e+00    1.80000000e+00
1943     5.71677721e-07    1.80000000e+00    1.80000000e+00    0.00000000e+00    0.00000000e+00    0.00000000e+00    0.00000000e+00    1.80000000e+00
1944     5.73355442e-07    1.80000000e+00    1.80000000e+00    0.00000000e+00    0.00000000e+00    0.00000000e+00    0.00000000e+00    1.80000000e+00
1945     5.76710886e-07    1.80000000e+00    1.80000000e+00    0.00000000e+00    0.00000000e+00    0.00000000e+00    0.00000000e+00    1.80000000e+00
1946     5.79999990e-07    1.80000000e+00    1.80000000e+00    0.00000000e+00    0.00000000e+00    0.00000000e+00    0.00000000e+00    1.80000000e+00
1947     5.79999990e-07    1.78875000e+00    1.80000000e+00    0.00000000e+00    0.00000000e+00    0.00000000e+00    0.00000000e+00    1.80000000e+00
1948     5.79999990e-07    1.76624999e+00    1.80000000e+00    0.00000000e+00    0.00000000e+00    0.00000000e+00    0.00000000e+00    1.80000000e+00
1949     5.79999990e-07    1.72124999e+00    1.80000000e+00    0.00000000e+00    0.00000000e+00    0.00000000e+00    0.00000000e+00    1.80000000e+00
1950     5.79999991e-07    1.63124998e+00    1.80000000e+00    0.00000000e+00    0.00000000e+00    0.00000000e+00    0.00000000e+00    1.80000000e+00
1951     5.79999992e-07    1.45124998e+00    1.80000000e+00    0.00000000e+00    0.00000000e+00    0.00000000e+00    0.00000000e+00    1.80000000e+00
1952     5.79999994e-07    1.09124998e+00    1.80000000e+00    0.00000000e+00    0.00000000e+00    0.00000000e+00    0.00000000e+00    1.80000000e+00
1953     5.79999998e-07    3.71249985e-01    1.80000000e+00    0.00000000e+00    0.00000000e+00    0.00000000e+00    0.00000000e+00    1.80000000e+00
1954     5.80000000e-07    0.00000000e+00    1.80000000e+00    0.00000000e+00    0.00000000e+00    0.00000000e+00    0.00000000e+00    1.80000000e+00
1955     5.80000001e-07    0.00000000e+00    1.80000000e+00    0.00000000e+00    0.00000000e+00    0.00000000e+00    0.00000000e+00    1.80000000e+00
1956     5.80000002e-07    0.00000000e+00    1.80000000e+00    0.00000000e+00    0.00000000e+00    0.00000000e+00    0.00000000e+00    1.80000000e+00
1957     5.80000006e-07    0.00000000e+00    1.80000000e+00    0.00000000e+00    0.00000000e+00    0.00000000e+00    0.00000000e+00    1.80000000e+00
1958     5.80000012e-07    0.00000000e+00    1.80000000e+00    0.00000000e+00    0.00000000e+00    0.00000000e+00    0.00000000e+00    1.80000000e+00
1959     5.80000025e-07    0.00000000e+00    1.80000000e+00    0.00000000e+00    0.00000000e+00    0.00000000e+00    0.00000000e+00    1.80000000e+00
1960     5.80000050e-07    0.00000000e+00    1.80000000e+00    0.00000000e+00    0.00000000e+00    0.00000000e+00    0.00000000e+00    1.80000000e+00
1961     5.80000102e-07    0.00000000e+00    1.80000000e+00    0.00000000e+00    0.00000000e+00    0.00000000e+00    0.00000000e+00    1.80000000e+00
1962     5.80000204e-07    0.00000000e+00    1.80000000e+00    0.00000000e+00    0.00000000e+00    0.00000000e+00    0.00000000e+00    1.80000000e+00
1963     5.80000409e-07    0.00000000e+00    1.80000000e+00    0.00000000e+00    0.00000000e+00    0.00000000e+00    0.00000000e+00    1.80000000e+00
1964     5.80000818e-07    0.00000000e+00    1.80000000e+00    0.00000000e+00    0.00000000e+00    0.00000000e+00    0.00000000e+00    1.80000000e+00
1965     5.80001638e-07    0.00000000e+00    1.80000000e+00    0.00000000e+00    0.00000000e+00    0.00000000e+00    0.00000000e+00    1.80000000e+00
1966     5.80003276e-07    0.00000000e+00    1.80000000e+00    0.00000000e+00    0.00000000e+00    0.00000000e+00    0.00000000e+00    1.80000000e+00
1967     5.80006553e-07    0.00000000e+00    1.80000000e+00    0.00000000e+00    0.00000000e+00    0.00000000e+00    0.00000000e+00    1.80000000e+00
1968     5.80013106e-07    0.00000000e+00    1.80000000e+00    0.00000000e+00    0.00000000e+00    0.00000000e+00    0.00000000e+00    1.80000000e+00
1969     5.80026214e-07    0.00000000e+00    1.80000000e+00    0.00000000e+00    0.00000000e+00    0.00000000e+00    0.00000000e+00    1.80000000e+00
1970     5.80052428e-07    0.00000000e+00    1.80000000e+00    0.00000000e+00    0.00000000e+00    0.00000000e+00    0.00000000e+00    1.80000000e+00
1971     5.80104857e-07    0.00000000e+00    1.80000000e+00    0.00000000e+00    0.00000000e+00    0.00000000e+00    0.00000000e+00    1.80000000e+00
1972     5.80209714e-07    0.00000000e+00    1.80000000e+00    0.00000000e+00    0.00000000e+00    0.00000000e+00    0.00000000e+00    1.80000000e+00
1973     5.80419430e-07    0.00000000e+00    1.80000000e+00    0.00000000e+00    0.00000000e+00    0.00000000e+00    0.00000000e+00    1.80000000e+00
1974     5.80838860e-07    0.00000000e+00    1.80000000e+00    0.00000000e+00    0.00000000e+00    0.00000000e+00    0.00000000e+00    1.80000000e+00
1975     5.81677721e-07    0.00000000e+00    1.80000000e+00    0.00000000e+00    0.00000000e+00    0.00000000e+00    0.00000000e+00    1.80000000e+00
1976     5.83355442e-07    0.00000000e+00    1.80000000e+00    0.00000000e+00    0.00000000e+00    0.00000000e+00    0.00000000e+00    1.80000000e+00
1977     5.86710886e-07    0.00000000e+00    1.80000000e+00    0.00000000e+00    0.00000000e+00    0.00000000e+00    0.00000000e+00    1.80000000e+00
1978     5.89999990e-07    0.00000000e+00    1.80000000e+00    0.00000000e+00    0.00000000e+00    0.00000000e+00    0.00000000e+00    1.80000000e+00
1979     5.89999990e-07    1.12500036e-02    1.80000000e+00    0.00000000e+00    0.00000000e+00    0.00000000e+00    0.00000000e+00    1.80000000e+00
1980     5.89999990e-07    3.37500107e-02    1.80000000e+00    0.00000000e+00    0.00000000e+00    0.00000000e+00    0.00000000e+00    1.80000000e+00
1981     5.89999990e-07    7.87500060e-02    1.80000000e+00    0.00000000e+00    0.00000000e+00    0.00000000e+00    0.00000000e+00    1.80000000e+00
1982     5.89999991e-07    1.68749996e-01    1.80000000e+00    0.00000000e+00    0.00000000e+00    0.00000000e+00    0.00000000e+00    1.80000000e+00
1983     5.89999992e-07    3.48749996e-01    1.80000000e+00    0.00000000e+00    0.00000000e+00    0.00000000e+00    0.00000000e+00    1.80000000e+00
1984     5.89999994e-07    7.08749996e-01    1.80000000e+00    0.00000000e+00    0.00000000e+00    0.00000000e+00    0.00000000e+00    1.80000000e+00
1985     5.89999998e-07    1.42875000e+00    1.80000000e+00    0.00000000e+00    0.00000000e+00    0.00000000e+00    0.00000000e+00    1.80000000e+00
1986     5.90000000e-07    1.80000000e+00    1.80000000e+00    0.00000000e+00    0.00000000e+00    0.00000000e+00    0.00000000e+00    1.80000000e+00
1987     5.90000001e-07    1.80000000e+00    1.80000000e+00    0.00000000e+00    0.00000000e+00    0.00000000e+00    0.00000000e+00    1.80000000e+00
1988     5.90000002e-07    1.80000000e+00    1.80000000e+00    0.00000000e+00    0.00000000e+00    0.00000000e+00    0.00000000e+00    1.80000000e+00
1989     5.90000006e-07    1.80000000e+00    1.80000000e+00    0.00000000e+00    0.00000000e+00    0.00000000e+00    0.00000000e+00    1.80000000e+00
1990     5.90000012e-07    1.80000000e+00    1.80000000e+00    0.00000000e+00    0.00000000e+00    0.00000000e+00    0.00000000e+00    1.80000000e+00
1991     5.90000025e-07    1.80000000e+00    1.80000000e+00    0.00000000e+00    0.00000000e+00    0.00000000e+00    0.00000000e+00    1.80000000e+00
1992     5.90000050e-07    1.80000000e+00    1.80000000e+00    0.00000000e+00    0.00000000e+00    0.00000000e+00    0.00000000e+00    1.80000000e+00
1993     5.90000102e-07    1.80000000e+00    1.80000000e+00    0.00000000e+00    0.00000000e+00    0.00000000e+00    0.00000000e+00    1.80000000e+00
1994     5.90000204e-07    1.80000000e+00    1.80000000e+00    0.00000000e+00    0.00000000e+00    0.00000000e+00    0.00000000e+00    1.80000000e+00
1995     5.90000409e-07    1.80000000e+00    1.80000000e+00    0.00000000e+00    0.00000000e+00    0.00000000e+00    0.00000000e+00    1.80000000e+00
1996     5.90000818e-07    1.80000000e+00    1.80000000e+00    0.00000000e+00    0.00000000e+00    0.00000000e+00    0.00000000e+00    1.80000000e+00
1997     5.90001638e-07    1.80000000e+00    1.80000000e+00    0.00000000e+00    0.00000000e+00    0.00000000e+00    0.00000000e+00    1.80000000e+00
1998     5.90003276e-07    1.80000000e+00    1.80000000e+00    0.00000000e+00    0.00000000e+00    0.00000000e+00    0.00000000e+00    1.80000000e+00
1999     5.90006553e-07    1.80000000e+00    1.80000000e+00    0.00000000e+00    0.00000000e+00    0.00000000e+00    0.00000000e+00    1.80000000e+00
2000     5.90013106e-07    1.80000000e+00    1.80000000e+00    0.00000000e+00    0.00000000e+00    0.00000000e+00    0.00000000e+00    1.80000000e+00
2001     5.90026214e-07    1.80000000e+00    1.80000000e+00    0.00000000e+00    0.00000000e+00    0.00000000e+00    0.00000000e+00    1.80000000e+00
2002     5.90052428e-07    1.80000000e+00    1.80000000e+00    0.00000000e+00    0.00000000e+00    0.00000000e+00    0.00000000e+00    1.80000000e+00
2003     5.90104857e-07    1.80000000e+00    1.80000000e+00    0.00000000e+00    0.00000000e+00    0.00000000e+00    0.00000000e+00    1.80000000e+00
2004     5.90209714e-07    1.80000000e+00    1.80000000e+00    0.00000000e+00    0.00000000e+00    0.00000000e+00    0.00000000e+00    1.80000000e+00
2005     5.90419430e-07    1.80000000e+00    1.80000000e+00    0.00000000e+00    0.00000000e+00    0.00000000e+00    0.00000000e+00    1.80000000e+00
2006     5.90838860e-07    1.80000000e+00    1.80000000e+00    0.00000000e+00    0.00000000e+00    0.00000000e+00    0.00000000e+00    1.80000000e+00
2007     5.91677721e-07    1.80000000e+00    1.80000000e+00    0.00000000e+00    0.00000000e+00    0.00000000e+00    0.00000000e+00    1.80000000e+00
2008     5.93355442e-07    1.80000000e+00    1.80000000e+00    0.00000000e+00    0.00000000e+00    0.00000000e+00    0.00000000e+00    1.80000000e+00
2009     5.96710886e-07    1.80000000e+00    1.80000000e+00    0.00000000e+00    0.00000000e+00    0.00000000e+00    0.00000000e+00    1.80000000e+00
2010     5.99999990e-07    1.80000000e+00    1.80000000e+00    0.00000000e+00    0.00000000e+00    0.00000000e+00    0.00000000e+00    1.80000000e+00
2011     5.99999990e-07    1.78875000e+00    1.80000000e+00    0.00000000e+00    0.00000000e+00    0.00000000e+00    0.00000000e+00    1.80000000e+00
2012     5.99999990e-07    1.76624999e+00    1.80000000e+00    0.00000000e+00    0.00000000e+00    0.00000000e+00    0.00000000e+00    1.80000000e+00
2013     5.99999990e-07    1.72124999e+00    1.80000000e+00    0.00000000e+00    0.00000000e+00    0.00000000e+00    0.00000000e+00    1.80000000e+00
2014     5.99999991e-07    1.63124998e+00    1.80000000e+00    0.00000000e+00    0.00000000e+00    0.00000000e+00    0.00000000e+00    1.80000000e+00
2015     5.99999992e-07    1.45124998e+00    1.80000000e+00    0.00000000e+00    0.00000000e+00    0.00000000e+00    0.00000000e+00    1.80000000e+00
2016     5.99999994e-07    1.09124998e+00    1.80000000e+00    0.00000000e+00    0.00000000e+00    0.00000000e+00    0.00000000e+00    1.80000000e+00
2017     5.99999998e-07    3.71249985e-01    1.80000000e+00    0.00000000e+00    0.00000000e+00    0.00000000e+00    0.00000000e+00    1.80000000e+00
2018     6.00000000e-07    0.00000000e+00    1.80000000e+00    0.00000000e+00    0.00000000e+00    0.00000000e+00    0.00000000e+00    1.80000000e+00
2019     6.00000001e-07    0.00000000e+00    1.80000000e+00    0.00000000e+00    0.00000000e+00    0.00000000e+00    0.00000000e+00    1.80000000e+00
2020     6.00000002e-07    0.00000000e+00    1.80000000e+00    0.00000000e+00    0.00000000e+00    0.00000000e+00    0.00000000e+00    1.80000000e+00
2021     6.00000006e-07    0.00000000e+00    1.80000000e+00    0.00000000e+00    0.00000000e+00    0.00000000e+00    0.00000000e+00    1.80000000e+00
2022     6.00000012e-07    0.00000000e+00    1.80000000e+00    0.00000000e+00    0.00000000e+00    0.00000000e+00    0.00000000e+00    1.80000000e+00
2023     6.00000025e-07    0.00000000e+00    1.80000000e+00    0.00000000e+00    0.00000000e+00    0.00000000e+00    0.00000000e+00    1.80000000e+00
2024     6.00000050e-07    0.00000000e+00    1.80000000e+00    0.00000000e+00    0.00000000e+00    0.00000000e+00    0.00000000e+00    1.80000000e+00
2025     6.00000102e-07    0.00000000e+00    1.80000000e+00    0.00000000e+00    0.00000000e+00    0.00000000e+00    0.00000000e+00    1.80000000e+00
2026     6.00000204e-07    0.00000000e+00    1.80000000e+00    0.00000000e+00    0.00000000e+00    0.00000000e+00    0.00000000e+00    1.80000000e+00
2027     6.00000409e-07    0.00000000e+00    1.80000000e+00    0.00000000e+00    0.00000000e+00    0.00000000e+00    0.00000000e+00    1.80000000e+00
2028     6.00000818e-07    0.00000000e+00    1.80000000e+00    0.00000000e+00    0.00000000e+00    0.00000000e+00    0.00000000e+00    1.80000000e+00
2029     6.00001638e-07    0.00000000e+00    1.80000000e+00    0.00000000e+00    0.00000000e+00    0.00000000e+00    0.00000000e+00    1.80000000e+00
2030     6.00003276e-07    0.00000000e+00    1.80000000e+00    0.00000000e+00    0.00000000e+00    0.00000000e+00    0.00000000e+00    1.80000000e+00
2031     6.00006553e-07    0.00000000e+00    1.80000000e+00    0.00000000e+00    0.00000000e+00    0.00000000e+00    0.00000000e+00    1.80000000e+00
2032     6.00013106e-07    0.00000000e+00    1.80000000e+00    0.00000000e+00    0.00000000e+00    0.00000000e+00    0.00000000e+00    1.80000000e+00
2033     6.00026214e-07    0.00000000e+00    1.80000000e+00    0.00000000e+00    0.00000000e+00    0.00000000e+00    0.00000000e+00    1.80000000e+00
2034     6.00052428e-07    0.00000000e+00    1.80000000e+00    0.00000000e+00    0.00000000e+00    0.00000000e+00    0.00000000e+00    1.80000000e+00
2035     6.00104857e-07    0.00000000e+00    1.80000000e+00    0.00000000e+00    0.00000000e+00    0.00000000e+00    0.00000000e+00    1.80000000e+00
2036     6.00209714e-07    0.00000000e+00    1.80000000e+00    0.00000000e+00    0.00000000e+00    0.00000000e+00    0.00000000e+00    1.80000000e+00
2037     6.00419430e-07    0.00000000e+00    1.80000000e+00    0.00000000e+00    0.00000000e+00    0.00000000e+00    0.00000000e+00    1.80000000e+00
2038     6.00838860e-07    0.00000000e+00    1.80000000e+00    0.00000000e+00    0.00000000e+00    0.00000000e+00    0.00000000e+00    1.80000000e+00
2039     6.01677721e-07    0.00000000e+00    1.80000000e+00    0.00000000e+00    0.00000000e+00    0.00000000e+00    0.00000000e+00    1.80000000e+00
2040     6.03355442e-07    0.00000000e+00    1.80000000e+00    0.00000000e+00    0.00000000e+00    0.00000000e+00    0.00000000e+00    1.80000000e+00
2041     6.06710886e-07    0.00000000e+00    1.80000000e+00    0.00000000e+00    0.00000000e+00    0.00000000e+00    0.00000000e+00    1.80000000e+00
2042     6.09999990e-07    0.00000000e+00    1.80000000e+00    0.00000000e+00    0.00000000e+00    0.00000000e+00    0.00000000e+00    1.80000000e+00
2043     6.09999990e-07    1.12500036e-02    1.80000000e+00    0.00000000e+00    0.00000000e+00    0.00000000e+00    0.00000000e+00    1.80000000e+00
2044     6.09999990e-07    3.37500107e-02    1.80000000e+00    0.00000000e+00    0.00000000e+00    0.00000000e+00    0.00000000e+00    1.80000000e+00
2045     6.09999990e-07    7.87500060e-02    1.80000000e+00    0.00000000e+00    0.00000000e+00    0.00000000e+00    0.00000000e+00    1.80000000e+00
2046     6.09999991e-07    1.68749996e-01    1.80000000e+00    0.00000000e+00    0.00000000e+00    0.00000000e+00    0.00000000e+00    1.80000000e+00
2047     6.09999992e-07    3.48749996e-01    1.80000000e+00    0.00000000e+00    0.00000000e+00    0.00000000e+00    0.00000000e+00    1.80000000e+00
2048     6.09999994e-07    7.08749996e-01    1.80000000e+00    0.00000000e+00    0.00000000e+00    0.00000000e+00    0.00000000e+00    1.80000000e+00
2049     6.09999998e-07    1.42875000e+00    1.80000000e+00    0.00000000e+00    0.00000000e+00    0.00000000e+00    0.00000000e+00    1.80000000e+00
2050     6.10000000e-07    1.80000000e+00    1.80000000e+00    0.00000000e+00    0.00000000e+00    0.00000000e+00    0.00000000e+00    1.80000000e+00
2051     6.10000001e-07    1.80000000e+00    1.80000000e+00    0.00000000e+00    0.00000000e+00    0.00000000e+00    0.00000000e+00    1.80000000e+00
2052     6.10000002e-07    1.80000000e+00    1.80000000e+00    0.00000000e+00    0.00000000e+00    0.00000000e+00    0.00000000e+00    1.80000000e+00
2053     6.10000006e-07    1.80000000e+00    1.80000000e+00    0.00000000e+00    0.00000000e+00    0.00000000e+00    0.00000000e+00    1.80000000e+00
2054     6.10000012e-07    1.80000000e+00    1.80000000e+00    0.00000000e+00    0.00000000e+00    0.00000000e+00    0.00000000e+00    1.80000000e+00
2055     6.10000025e-07    1.80000000e+00    1.80000000e+00    0.00000000e+00    0.00000000e+00    0.00000000e+00    0.00000000e+00    1.80000000e+00
2056     6.10000050e-07    1.80000000e+00    1.80000000e+00    0.00000000e+00    0.00000000e+00    0.00000000e+00    0.00000000e+00    1.80000000e+00
2057     6.10000102e-07    1.80000000e+00    1.80000000e+00    0.00000000e+00    0.00000000e+00    0.00000000e+00    0.00000000e+00    1.80000000e+00
2058     6.10000204e-07    1.80000000e+00    1.80000000e+00    0.00000000e+00    0.00000000e+00    0.00000000e+00    0.00000000e+00    1.80000000e+00
2059     6.10000409e-07    1.80000000e+00    1.80000000e+00    0.00000000e+00    0.00000000e+00    0.00000000e+00    0.00000000e+00    1.80000000e+00
2060     6.10000818e-07    1.80000000e+00    1.80000000e+00    0.00000000e+00    0.00000000e+00    0.00000000e+00    0.00000000e+00    1.80000000e+00
2061     6.10001638e-07    1.80000000e+00    1.80000000e+00    0.00000000e+00    0.00000000e+00    0.00000000e+00    0.00000000e+00    1.80000000e+00
2062     6.10003276e-07    1.80000000e+00    1.80000000e+00    0.00000000e+00    0.00000000e+00    0.00000000e+00    0.00000000e+00    1.80000000e+00
2063     6.10006553e-07    1.80000000e+00    1.80000000e+00    0.00000000e+00    0.00000000e+00    0.00000000e+00    0.00000000e+00    1.80000000e+00
2064     6.10013106e-07    1.80000000e+00    1.80000000e+00    0.00000000e+00    0.00000000e+00    0.00000000e+00    0.00000000e+00    1.80000000e+00
2065     6.10026214e-07    1.80000000e+00    1.80000000e+00    0.00000000e+00    0.00000000e+00    0.00000000e+00    0.00000000e+00    1.80000000e+00
2066     6.10052428e-07    1.80000000e+00    1.80000000e+00    0.00000000e+00    0.00000000e+00    0.00000000e+00    0.00000000e+00    1.80000000e+00
2067     6.10104857e-07    1.80000000e+00    1.80000000e+00    0.00000000e+00    0.00000000e+00    0.00000000e+00    0.00000000e+00    1.80000000e+00
2068     6.10209714e-07    1.80000000e+00    1.80000000e+00    0.00000000e+00    0.00000000e+00    0.00000000e+00    0.00000000e+00    1.80000000e+00
2069     6.10419430e-07    1.80000000e+00    1.80000000e+00    0.00000000e+00    0.00000000e+00    0.00000000e+00    0.00000000e+00    1.80000000e+00
2070     6.10838860e-07    1.80000000e+00    1.80000000e+00    0.00000000e+00    0.00000000e+00    0.00000000e+00    0.00000000e+00    1.80000000e+00
2071     6.10999990e-07    1.80000000e+00    1.80000000e+00    0.00000000e+00    0.00000000e+00    0.00000000e+00    0.00000000e+00    1.80000000e+00
2072     6.10999990e-07    1.80000000e+00    1.78875000e+00    0.00000000e+00    0.00000000e+00    0.00000000e+00    0.00000000e+00    1.80000000e+00
2073     6.10999990e-07    1.80000000e+00    1.76624999e+00    0.00000000e+00    0.00000000e+00    0.00000000e+00    0.00000000e+00    1.80000000e+00
2074     6.10999990e-07    1.80000000e+00    1.72124999e+00    0.00000000e+00    0.00000000e+00    0.00000000e+00    0.00000000e+00    1.80000000e+00
2075     6.10999991e-07    1.80000000e+00    1.63124998e+00    0.00000000e+00    0.00000000e+00    0.00000000e+00    0.00000000e+00    1.80000000e+00
2076     6.10999992e-07    1.80000000e+00    1.45124998e+00    0.00000000e+00    0.00000000e+00    0.00000000e+00    0.00000000e+00    1.80000000e+00
2077     6.10999994e-07    1.80000000e+00    1.09124998e+00    0.00000000e+00    0.00000000e+00    0.00000000e+00    0.00000000e+00    1.80000000e+00
2078     6.10999998e-07    1.80000000e+00    3.71249985e-01    0.00000000e+00    0.00000000e+00    0.00000000e+00    0.00000000e+00    1.80000000e+00
2079     6.11000000e-07    1.80000000e+00    0.00000000e+00    0.00000000e+00    0.00000000e+00    0.00000000e+00    0.00000000e+00    1.80000000e+00
2080     6.11000001e-07    1.80000000e+00    0.00000000e+00    0.00000000e+00    0.00000000e+00    0.00000000e+00    0.00000000e+00    1.80000000e+00
2081     6.11000002e-07    1.80000000e+00    0.00000000e+00    0.00000000e+00    0.00000000e+00    0.00000000e+00    0.00000000e+00    1.80000000e+00
2082     6.11000006e-07    1.80000000e+00    0.00000000e+00    0.00000000e+00    0.00000000e+00    0.00000000e+00    0.00000000e+00    1.80000000e+00
2083     6.11000012e-07    1.80000000e+00    0.00000000e+00    0.00000000e+00    0.00000000e+00    0.00000000e+00    0.00000000e+00    1.80000000e+00
2084     6.11000025e-07    1.80000000e+00    0.00000000e+00    0.00000000e+00    0.00000000e+00    0.00000000e+00    0.00000000e+00    1.80000000e+00
2085     6.11000050e-07    1.80000000e+00    0.00000000e+00    0.00000000e+00    0.00000000e+00    0.00000000e+00    0.00000000e+00    1.80000000e+00
2086     6.11000102e-07    1.80000000e+00    0.00000000e+00    0.00000000e+00    0.00000000e+00    0.00000000e+00    0.00000000e+00    1.80000000e+00
2087     6.11000204e-07    1.80000000e+00    0.00000000e+00    0.00000000e+00    0.00000000e+00    0.00000000e+00    0.00000000e+00    1.80000000e+00
2088     6.11000409e-07    1.80000000e+00    0.00000000e+00    0.00000000e+00    0.00000000e+00    0.00000000e+00    0.00000000e+00    1.80000000e+00
2089     6.11000818e-07    1.80000000e+00    0.00000000e+00    0.00000000e+00    0.00000000e+00    0.00000000e+00    0.00000000e+00    1.80000000e+00
2090     6.11001638e-07    1.80000000e+00    0.00000000e+00    0.00000000e+00    0.00000000e+00    0.00000000e+00    0.00000000e+00    1.80000000e+00
2091     6.11003276e-07    1.80000000e+00    0.00000000e+00    0.00000000e+00    0.00000000e+00    0.00000000e+00    0.00000000e+00    1.80000000e+00
2092     6.11006553e-07    1.80000000e+00    0.00000000e+00    0.00000000e+00    0.00000000e+00    0.00000000e+00    0.00000000e+00    1.80000000e+00
2093     6.11013106e-07    1.80000000e+00    0.00000000e+00    0.00000000e+00    0.00000000e+00    0.00000000e+00    0.00000000e+00    1.80000000e+00
2094     6.11026214e-07    1.80000000e+00    0.00000000e+00    0.00000000e+00    0.00000000e+00    0.00000000e+00    0.00000000e+00    1.80000000e+00
2095     6.11052428e-07    1.80000000e+00    0.00000000e+00    0.00000000e+00    0.00000000e+00    0.00000000e+00    0.00000000e+00    1.80000000e+00
2096     6.11104857e-07    1.80000000e+00    0.00000000e+00    0.00000000e+00    0.00000000e+00    0.00000000e+00    0.00000000e+00    1.80000000e+00
2097     6.11209714e-07    1.80000000e+00    0.00000000e+00    0.00000000e+00    0.00000000e+00    0.00000000e+00    0.00000000e+00    1.80000000e+00
2098     6.11419430e-07    1.80000000e+00    0.00000000e+00    0.00000000e+00    0.00000000e+00    0.00000000e+00    0.00000000e+00    1.80000000e+00
2099     6.11838860e-07    1.80000000e+00    0.00000000e+00    0.00000000e+00    0.00000000e+00    0.00000000e+00    0.00000000e+00    1.80000000e+00
2100     6.12677721e-07    1.80000000e+00    0.00000000e+00    0.00000000e+00    0.00000000e+00    0.00000000e+00    0.00000000e+00    1.80000000e+00
2101     6.14355442e-07    1.80000000e+00    0.00000000e+00    0.00000000e+00    0.00000000e+00    0.00000000e+00    0.00000000e+00    1.80000000e+00
2102     6.17710886e-07    1.80000000e+00    0.00000000e+00    0.00000000e+00    0.00000000e+00    0.00000000e+00    0.00000000e+00    1.80000000e+00
2103     6.19999990e-07    1.80000000e+00    0.00000000e+00    0.00000000e+00    0.00000000e+00    0.00000000e+00    0.00000000e+00    1.80000000e+00
2104     6.19999990e-07    1.78875000e+00    0.00000000e+00    0.00000000e+00    0.00000000e+00    0.00000000e+00    0.00000000e+00    1.80000000e+00
2105     6.19999990e-07    1.76624999e+00    0.00000000e+00    0.00000000e+00    0.00000000e+00    0.00000000e+00    0.00000000e+00    1.80000000e+00
2106     6.19999990e-07    1.72124999e+00    0.00000000e+00    0.00000000e+00    0.00000000e+00    0.00000000e+00    0.00000000e+00    1.80000000e+00
2107     6.19999991e-07    1.63124998e+00    0.00000000e+00    0.00000000e+00    0.00000000e+00    0.00000000e+00    0.00000000e+00    1.80000000e+00
2108     6.19999992e-07    1.45124998e+00    0.00000000e+00    0.00000000e+00    0.00000000e+00    0.00000000e+00    0.00000000e+00    1.80000000e+00
2109     6.19999994e-07    1.09124998e+00    0.00000000e+00    0.00000000e+00    0.00000000e+00    0.00000000e+00    0.00000000e+00    1.80000000e+00
2110     6.19999998e-07    3.71249985e-01    0.00000000e+00    0.00000000e+00    0.00000000e+00    0.00000000e+00    0.00000000e+00    1.80000000e+00
2111     6.20000000e-07    0.00000000e+00    0.00000000e+00    0.00000000e+00    0.00000000e+00    0.00000000e+00    0.00000000e+00    1.80000000e+00
2112     6.20000001e-07    0.00000000e+00    0.00000000e+00    0.00000000e+00    0.00000000e+00    0.00000000e+00    0.00000000e+00    1.80000000e+00
2113     6.20000002e-07    0.00000000e+00    0.00000000e+00    0.00000000e+00    0.00000000e+00    0.00000000e+00    0.00000000e+00    1.80000000e+00
2114     6.20000006e-07    0.00000000e+00    0.00000000e+00    0.00000000e+00    0.00000000e+00    0.00000000e+00    0.00000000e+00    1.80000000e+00
2115     6.20000012e-07    0.00000000e+00    0.00000000e+00    0.00000000e+00    0.00000000e+00    0.00000000e+00    0.00000000e+00    1.80000000e+00
2116     6.20000025e-07    0.00000000e+00    0.00000000e+00    0.00000000e+00    0.00000000e+00    0.00000000e+00    0.00000000e+00    1.80000000e+00
2117     6.20000050e-07    0.00000000e+00    0.00000000e+00    0.00000000e+00    0.00000000e+00    0.00000000e+00    0.00000000e+00    1.80000000e+00
2118     6.20000102e-07    0.00000000e+00    0.00000000e+00    0.00000000e+00    0.00000000e+00    0.00000000e+00    0.00000000e+00    1.80000000e+00
2119     6.20000204e-07    0.00000000e+00    0.00000000e+00    0.00000000e+00    0.00000000e+00    0.00000000e+00    0.00000000e+00    1.80000000e+00
2120     6.20000409e-07    0.00000000e+00    0.00000000e+00    0.00000000e+00    0.00000000e+00    0.00000000e+00    0.00000000e+00    1.80000000e+00
2121     6.20000818e-07    0.00000000e+00    0.00000000e+00    0.00000000e+00    0.00000000e+00    0.00000000e+00    0.00000000e+00    1.80000000e+00
2122     6.20001638e-07    0.00000000e+00    0.00000000e+00    0.00000000e+00    0.00000000e+00    0.00000000e+00    0.00000000e+00    1.80000000e+00
2123     6.20003276e-07    0.00000000e+00    0.00000000e+00    0.00000000e+00    0.00000000e+00    0.00000000e+00    0.00000000e+00    1.80000000e+00
2124     6.20006553e-07    0.00000000e+00    0.00000000e+00    0.00000000e+00    0.00000000e+00    0.00000000e+00    0.00000000e+00    1.80000000e+00
2125     6.20013106e-07    0.00000000e+00    0.00000000e+00    0.00000000e+00    0.00000000e+00    0.00000000e+00    0.00000000e+00    1.80000000e+00
2126     6.20026214e-07    0.00000000e+00    0.00000000e+00    0.00000000e+00    0.00000000e+00    0.00000000e+00    0.00000000e+00    1.80000000e+00
2127     6.20052428e-07    0.00000000e+00    0.00000000e+00    0.00000000e+00    0.00000000e+00    0.00000000e+00    0.00000000e+00    1.80000000e+00
2128     6.20104857e-07    0.00000000e+00    0.00000000e+00    0.00000000e+00    0.00000000e+00    0.00000000e+00    0.00000000e+00    1.80000000e+00
2129     6.20209714e-07    0.00000000e+00    0.00000000e+00    0.00000000e+00    0.00000000e+00    0.00000000e+00    0.00000000e+00    1.80000000e+00
2130     6.20419430e-07    0.00000000e+00    0.00000000e+00    0.00000000e+00    0.00000000e+00    0.00000000e+00    0.00000000e+00    1.80000000e+00
2131     6.20838860e-07    0.00000000e+00    0.00000000e+00    0.00000000e+00    0.00000000e+00    0.00000000e+00    0.00000000e+00    1.80000000e+00
2132     6.20999990e-07    0.00000000e+00    0.00000000e+00    0.00000000e+00    0.00000000e+00    0.00000000e+00    0.00000000e+00    1.80000000e+00
2133     6.20999990e-07    0.00000000e+00    0.00000000e+00    0.00000000e+00    0.00000000e+00    0.00000000e+00    0.00000000e+00    1.78875000e+00
2134     6.20999990e-07    0.00000000e+00    0.00000000e+00    0.00000000e+00    0.00000000e+00    0.00000000e+00    0.00000000e+00    1.76624999e+00
2135     6.20999990e-07    0.00000000e+00    0.00000000e+00    0.00000000e+00    0.00000000e+00    0.00000000e+00    0.00000000e+00    1.72124999e+00
2136     6.20999991e-07    0.00000000e+00    0.00000000e+00    0.00000000e+00    0.00000000e+00    0.00000000e+00    0.00000000e+00    1.63125000e+00
2137     6.20999992e-07    0.00000000e+00    0.00000000e+00    0.00000000e+00    0.00000000e+00    0.00000000e+00    0.00000000e+00    1.45125000e+00
2138     6.20999994e-07    0.00000000e+00    0.00000000e+00    0.00000000e+00    0.00000000e+00    0.00000000e+00    0.00000000e+00    1.09125000e+00
2139     6.20999998e-07    0.00000000e+00    0.00000000e+00    0.00000000e+00    0.00000000e+00    0.00000000e+00    0.00000000e+00    3.71250004e-01
2140     6.21000000e-07    0.00000000e+00    0.00000000e+00    0.00000000e+00    0.00000000e+00    0.00000000e+00    0.00000000e+00    0.00000000e+00
2141     6.21000001e-07    0.00000000e+00    0.00000000e+00    0.00000000e+00    0.00000000e+00    0.00000000e+00    0.00000000e+00    0.00000000e+00
2142     6.21000002e-07    0.00000000e+00    0.00000000e+00    0.00000000e+00    0.00000000e+00    0.00000000e+00    0.00000000e+00    0.00000000e+00
2143     6.21000006e-07    0.00000000e+00    0.00000000e+00    0.00000000e+00    0.00000000e+00    0.00000000e+00    0.00000000e+00    0.00000000e+00
2144     6.21000012e-07    0.00000000e+00    0.00000000e+00    0.00000000e+00    0.00000000e+00    0.00000000e+00    0.00000000e+00    0.00000000e+00
2145     6.21000025e-07    0.00000000e+00    0.00000000e+00    0.00000000e+00    0.00000000e+00    0.00000000e+00    0.00000000e+00    0.00000000e+00
2146     6.21000050e-07    0.00000000e+00    0.00000000e+00    0.00000000e+00    0.00000000e+00    0.00000000e+00    0.00000000e+00    0.00000000e+00
2147     6.21000102e-07    0.00000000e+00    0.00000000e+00    0.00000000e+00    0.00000000e+00    0.00000000e+00    0.00000000e+00    0.00000000e+00
2148     6.21000204e-07    0.00000000e+00    0.00000000e+00    0.00000000e+00    0.00000000e+00    0.00000000e+00    0.00000000e+00    0.00000000e+00
2149     6.21000409e-07    0.00000000e+00    0.00000000e+00    0.00000000e+00    0.00000000e+00    0.00000000e+00    0.00000000e+00    0.00000000e+00
2150     6.21000818e-07    0.00000000e+00    0.00000000e+00    0.00000000e+00    0.00000000e+00    0.00000000e+00    0.00000000e+00    0.00000000e+00
2151     6.21001638e-07    0.00000000e+00    0.00000000e+00    0.00000000e+00    0.00000000e+00    0.00000000e+00    0.00000000e+00    0.00000000e+00
2152     6.21003276e-07    0.00000000e+00    0.00000000e+00    0.00000000e+00    0.00000000e+00    0.00000000e+00    0.00000000e+00    0.00000000e+00
2153     6.21006553e-07    0.00000000e+00    0.00000000e+00    0.00000000e+00    0.00000000e+00    0.00000000e+00    0.00000000e+00    0.00000000e+00
2154     6.21013106e-07    0.00000000e+00    0.00000000e+00    0.00000000e+00    0.00000000e+00    0.00000000e+00    0.00000000e+00    0.00000000e+00
2155     6.21026214e-07    0.00000000e+00    0.00000000e+00    0.00000000e+00    0.00000000e+00    0.00000000e+00    0.00000000e+00    0.00000000e+00
2156     6.21052428e-07    0.00000000e+00    0.00000000e+00    0.00000000e+00    0.00000000e+00    0.00000000e+00    0.00000000e+00    0.00000000e+00
2157     6.21104857e-07    0.00000000e+00    0.00000000e+00    0.00000000e+00    0.00000000e+00    0.00000000e+00    0.00000000e+00    0.00000000e+00
2158     6.21209714e-07    0.00000000e+00    0.00000000e+00    0.00000000e+00    0.00000000e+00    0.00000000e+00    0.00000000e+00    0.00000000e+00
2159     6.21419430e-07    0.00000000e+00    0.00000000e+00    0.00000000e+00    0.00000000e+00    0.00000000e+00    0.00000000e+00    0.00000000e+00
2160     6.21838860e-07    0.00000000e+00    0.00000000e+00    0.00000000e+00    0.00000000e+00    0.00000000e+00    0.00000000e+00    0.00000000e+00
2161     6.22677721e-07    0.00000000e+00    0.00000000e+00    0.00000000e+00    0.00000000e+00    0.00000000e+00    0.00000000e+00    0.00000000e+00
2162     6.24355442e-07    0.00000000e+00    0.00000000e+00    0.00000000e+00    0.00000000e+00    0.00000000e+00    0.00000000e+00    0.00000000e+00
2163     6.27710886e-07    0.00000000e+00    0.00000000e+00    0.00000000e+00    0.00000000e+00    0.00000000e+00    0.00000000e+00    0.00000000e+00
2164     6.29999990e-07    0.00000000e+00    0.00000000e+00    0.00000000e+00    0.00000000e+00    0.00000000e+00    0.00000000e+00    0.00000000e+00
2165     6.29999990e-07    7.03115694e-04    0.00000000e+00    0.00000000e+00    0.00000000e+00    0.00000000e+00    0.00000000e+00    0.00000000e+00
2166     6.29999990e-07    1.28450640e-03    0.00000000e+00    0.00000000e+00    0.00000000e+00    0.00000000e+00    0.00000000e+00    0.00000000e+00
2167     6.29999990e-07    2.44730687e-03    0.00000000e+00    0.00000000e+00    0.00000000e+00    0.00000000e+00    0.00000000e+00    0.00000000e+00
2168     6.29999990e-07    4.77288876e-03    0.00000000e+00    0.00000000e+00    0.00000000e+00    0.00000000e+00    0.00000000e+00    0.00000000e+00
2169     6.29999990e-07    9.42407160e-03    0.00000000e+00    0.00000000e+00    0.00000000e+00    0.00000000e+00    0.00000000e+00    0.00000000e+00
2170     6.29999990e-07    1.87264373e-02    0.00000000e+00    0.00000000e+00    0.00000000e+00    0.00000000e+00    0.00000000e+00    0.00000000e+00
2171     6.29999990e-07    3.73311495e-02    0.00000000e+00    0.00000000e+00    0.00000000e+00    0.00000000e+00    0.00000000e+00    0.00000000e+00
2172     6.29999990e-07    7.45405741e-02    0.00000000e+00    0.00000000e+00    0.00000000e+00    0.00000000e+00    0.00000000e+00    0.00000000e+00
2173     6.29999991e-07    1.48959423e-01    0.00000000e+00    0.00000000e+00    0.00000000e+00    0.00000000e+00    0.00000000e+00    0.00000000e+00
2174     6.29999992e-07    2.97797140e-01    0.00000000e+00    0.00000000e+00    0.00000000e+00    0.00000000e+00    0.00000000e+00    0.00000000e+00
2175     6.29999993e-07    5.95472556e-01    0.00000000e+00    0.00000000e+00    0.00000000e+00    0.00000000e+00    0.00000000e+00    0.00000000e+00
2176     6.29999997e-07    1.19082341e+00    0.00000000e+00    0.00000000e+00    0.00000000e+00    0.00000000e+00    0.00000000e+00    0.00000000e+00
2177     6.30000000e-07    1.80000000e+00    0.00000000e+00    0.00000000e+00    0.00000000e+00    0.00000000e+00    0.00000000e+00    0.00000000e+00
2178     6.30000001e-07    1.80000000e+00    0.00000000e+00    0.00000000e+00    0.00000000e+00    0.00000000e+00    0.00000000e+00    0.00000000e+00
2179     6.30000002e-07    1.80000000e+00    0.00000000e+00    0.00000000e+00    0.00000000e+00    0.00000000e+00    0.00000000e+00    0.00000000e+00
2180     6.30000005e-07    1.80000000e+00    0.00000000e+00    0.00000000e+00    0.00000000e+00    0.00000000e+00    0.00000000e+00    0.00000000e+00
2181     6.30000010e-07    1.80000000e+00    0.00000000e+00    0.00000000e+00    0.00000000e+00    0.00000000e+00    0.00000000e+00    0.00000000e+00
2182     6.30000021e-07    1.80000000e+00    0.00000000e+00    0.00000000e+00    0.00000000e+00    0.00000000e+00    0.00000000e+00    0.00000000e+00
2183     6.30000042e-07    1.80000000e+00    0.00000000e+00    0.00000000e+00    0.00000000e+00    0.00000000e+00    0.00000000e+00    0.00000000e+00
2184     6.30000084e-07    1.80000000e+00    0.00000000e+00    0.00000000e+00    0.00000000e+00    0.00000000e+00    0.00000000e+00    0.00000000e+00
2185     6.30000169e-07    1.80000000e+00    0.00000000e+00    0.00000000e+00    0.00000000e+00    0.00000000e+00    0.00000000e+00    0.00000000e+00
2186     6.30000338e-07    1.80000000e+00    0.00000000e+00    0.00000000e+00    0.00000000e+00    0.00000000e+00    0.00000000e+00    0.00000000e+00
2187     6.30000677e-07    1.80000000e+00    0.00000000e+00    0.00000000e+00    0.00000000e+00    0.00000000e+00    0.00000000e+00    0.00000000e+00
2188     6.30001354e-07    1.80000000e+00    0.00000000e+00    0.00000000e+00    0.00000000e+00    0.00000000e+00    0.00000000e+00    0.00000000e+00
2189     6.30002709e-07    1.80000000e+00    0.00000000e+00    0.00000000e+00    0.00000000e+00    0.00000000e+00    0.00000000e+00    0.00000000e+00
2190     6.30005418e-07    1.80000000e+00    0.00000000e+00    0.00000000e+00    0.00000000e+00    0.00000000e+00    0.00000000e+00    0.00000000e+00
2191     6.30010837e-07    1.80000000e+00    0.00000000e+00    0.00000000e+00    0.00000000e+00    0.00000000e+00    0.00000000e+00    0.00000000e+00
2192     6.30021675e-07    1.80000000e+00    0.00000000e+00    0.00000000e+00    0.00000000e+00    0.00000000e+00    0.00000000e+00    0.00000000e+00
2193     6.30043351e-07    1.80000000e+00    0.00000000e+00    0.00000000e+00    0.00000000e+00    0.00000000e+00    0.00000000e+00    0.00000000e+00
2194     6.30086704e-07    1.80000000e+00    0.00000000e+00    0.00000000e+00    0.00000000e+00    0.00000000e+00    0.00000000e+00    0.00000000e+00
2195     6.30173408e-07    1.80000000e+00    0.00000000e+00    0.00000000e+00    0.00000000e+00    0.00000000e+00    0.00000000e+00    0.00000000e+00
2196     6.30346816e-07    1.80000000e+00    0.00000000e+00    0.00000000e+00    0.00000000e+00    0.00000000e+00    0.00000000e+00    0.00000000e+00
2197     6.30693633e-07    1.80000000e+00    0.00000000e+00    0.00000000e+00    0.00000000e+00    0.00000000e+00    0.00000000e+00    0.00000000e+00
2198     6.31387267e-07    1.80000000e+00    0.00000000e+00    0.00000000e+00    0.00000000e+00    0.00000000e+00    0.00000000e+00    0.00000000e+00
2199     6.32774535e-07    1.80000000e+00    0.00000000e+00    0.00000000e+00    0.00000000e+00    0.00000000e+00    0.00000000e+00    0.00000000e+00
2200     6.35549071e-07    1.80000000e+00    0.00000000e+00    0.00000000e+00    0.00000000e+00    0.00000000e+00    0.00000000e+00    0.00000000e+00
2201     6.39999990e-07    1.80000000e+00    0.00000000e+00    0.00000000e+00    0.00000000e+00    0.00000000e+00    0.00000000e+00    0.00000000e+00
2202     6.39999990e-07    1.78875000e+00    0.00000000e+00    0.00000000e+00    0.00000000e+00    0.00000000e+00    0.00000000e+00    0.00000000e+00
2203     6.39999990e-07    1.76624999e+00    0.00000000e+00    0.00000000e+00    0.00000000e+00    0.00000000e+00    0.00000000e+00    0.00000000e+00
2204     6.39999990e-07    1.72124999e+00    0.00000000e+00    0.00000000e+00    0.00000000e+00    0.00000000e+00    0.00000000e+00    0.00000000e+00
2205     6.39999991e-07    1.63124998e+00    0.00000000e+00    0.00000000e+00    0.00000000e+00    0.00000000e+00    0.00000000e+00    0.00000000e+00
2206     6.39999992e-07    1.45124998e+00    0.00000000e+00    0.00000000e+00    0.00000000e+00    0.00000000e+00    0.00000000e+00    0.00000000e+00
2207     6.39999994e-07    1.09124998e+00    0.00000000e+00    0.00000000e+00    0.00000000e+00    0.00000000e+00    0.00000000e+00    0.00000000e+00
2208     6.39999998e-07    3.71249985e-01    0.00000000e+00    0.00000000e+00    0.00000000e+00    0.00000000e+00    0.00000000e+00    0.00000000e+00
2209     6.40000000e-07    0.00000000e+00    0.00000000e+00    0.00000000e+00    0.00000000e+00    0.00000000e+00    0.00000000e+00    0.00000000e+00
2210     6.40000001e-07    0.00000000e+00    0.00000000e+00    0.00000000e+00    0.00000000e+00    0.00000000e+00    0.00000000e+00    0.00000000e+00
2211     6.40000002e-07    0.00000000e+00    0.00000000e+00    0.00000000e+00    0.00000000e+00    0.00000000e+00    0.00000000e+00    0.00000000e+00
2212     6.40000006e-07    0.00000000e+00    0.00000000e+00    0.00000000e+00    0.00000000e+00    0.00000000e+00    0.00000000e+00    0.00000000e+00
2213     6.40000012e-07    0.00000000e+00    0.00000000e+00    0.00000000e+00    0.00000000e+00    0.00000000e+00    0.00000000e+00    0.00000000e+00
2214     6.40000025e-07    0.00000000e+00    0.00000000e+00    0.00000000e+00    0.00000000e+00    0.00000000e+00    0.00000000e+00    0.00000000e+00
2215     6.40000050e-07    0.00000000e+00    0.00000000e+00    0.00000000e+00    0.00000000e+00    0.00000000e+00    0.00000000e+00    0.00000000e+00
2216     6.40000102e-07    0.00000000e+00    0.00000000e+00    0.00000000e+00    0.00000000e+00    0.00000000e+00    0.00000000e+00    0.00000000e+00
2217     6.40000204e-07    0.00000000e+00    0.00000000e+00    0.00000000e+00    0.00000000e+00    0.00000000e+00    0.00000000e+00    0.00000000e+00
2218     6.40000409e-07    0.00000000e+00    0.00000000e+00    0.00000000e+00    0.00000000e+00    0.00000000e+00    0.00000000e+00    0.00000000e+00
2219     6.40000818e-07    0.00000000e+00    0.00000000e+00    0.00000000e+00    0.00000000e+00    0.00000000e+00    0.00000000e+00    0.00000000e+00
2220     6.40001638e-07    0.00000000e+00    0.00000000e+00    0.00000000e+00    0.00000000e+00    0.00000000e+00    0.00000000e+00    0.00000000e+00
2221     6.40003276e-07    0.00000000e+00    0.00000000e+00    0.00000000e+00    0.00000000e+00    0.00000000e+00    0.00000000e+00    0.00000000e+00
2222     6.40006553e-07    0.00000000e+00    0.00000000e+00    0.00000000e+00    0.00000000e+00    0.00000000e+00    0.00000000e+00    0.00000000e+00
2223     6.40013106e-07    0.00000000e+00    0.00000000e+00    0.00000000e+00    0.00000000e+00    0.00000000e+00    0.00000000e+00    0.00000000e+00
2224     6.40026214e-07    0.00000000e+00    0.00000000e+00    0.00000000e+00    0.00000000e+00    0.00000000e+00    0.00000000e+00    0.00000000e+00
2225     6.40052428e-07    0.00000000e+00    0.00000000e+00    0.00000000e+00    0.00000000e+00    0.00000000e+00    0.00000000e+00    0.00000000e+00
2226     6.40104857e-07    0.00000000e+00    0.00000000e+00    0.00000000e+00    0.00000000e+00    0.00000000e+00    0.00000000e+00    0.00000000e+00
2227     6.40209714e-07    0.00000000e+00    0.00000000e+00    0.00000000e+00    0.00000000e+00    0.00000000e+00    0.00000000e+00    0.00000000e+00
2228     6.40419430e-07    0.00000000e+00    0.00000000e+00    0.00000000e+00    0.00000000e+00    0.00000000e+00    0.00000000e+00    0.00000000e+00
2229     6.40838860e-07    0.00000000e+00    0.00000000e+00    0.00000000e+00    0.00000000e+00    0.00000000e+00    0.00000000e+00    0.00000000e+00
2230     6.41677721e-07    0.00000000e+00    0.00000000e+00    0.00000000e+00    0.00000000e+00    0.00000000e+00    0.00000000e+00    0.00000000e+00
2231     6.43355442e-07    0.00000000e+00    0.00000000e+00    0.00000000e+00    0.00000000e+00    0.00000000e+00    0.00000000e+00    0.00000000e+00
2232     6.46710886e-07    0.00000000e+00    0.00000000e+00    0.00000000e+00    0.00000000e+00    0.00000000e+00    0.00000000e+00    0.00000000e+00
2233     6.49999990e-07    0.00000000e+00    0.00000000e+00    0.00000000e+00    0.00000000e+00    0.00000000e+00    0.00000000e+00    0.00000000e+00
2234     6.49999990e-07    7.03115694e-04    0.00000000e+00    0.00000000e+00    0.00000000e+00    0.00000000e+00    0.00000000e+00    0.00000000e+00
2235     6.49999990e-07    1.28450640e-03    0.00000000e+00    0.00000000e+00    0.00000000e+00    0.00000000e+00    0.00000000e+00    0.00000000e+00
2236     6.49999990e-07    2.44730687e-03    0.00000000e+00    0.00000000e+00    0.00000000e+00    0.00000000e+00    0.00000000e+00    0.00000000e+00
2237     6.49999990e-07    4.77288876e-03    0.00000000e+00    0.00000000e+00    0.00000000e+00    0.00000000e+00    0.00000000e+00    0.00000000e+00
2238     6.49999990e-07    9.42407160e-03    0.00000000e+00    0.00000000e+00    0.00000000e+00    0.00000000e+00    0.00000000e+00    0.00000000e+00
2239     6.49999990e-07    1.87264373e-02    0.00000000e+00    0.00000000e+00    0.00000000e+00    0.00000000e+00    0.00000000e+00    0.00000000e+00
2240     6.49999990e-07    3.73311495e-02    0.00000000e+00    0.00000000e+00    0.00000000e+00    0.00000000e+00    0.00000000e+00    0.00000000e+00
2241     6.49999990e-07    7.45405741e-02    0.00000000e+00    0.00000000e+00    0.00000000e+00    0.00000000e+00    0.00000000e+00    0.00000000e+00
2242     6.49999991e-07    1.48959423e-01    0.00000000e+00    0.00000000e+00    0.00000000e+00    0.00000000e+00    0.00000000e+00    0.00000000e+00
2243     6.49999992e-07    2.97797140e-01    0.00000000e+00    0.00000000e+00    0.00000000e+00    0.00000000e+00    0.00000000e+00    0.00000000e+00
2244     6.49999993e-07    5.95472556e-01    0.00000000e+00    0.00000000e+00    0.00000000e+00    0.00000000e+00    0.00000000e+00    0.00000000e+00
2245     6.49999997e-07    1.19082341e+00    0.00000000e+00    0.00000000e+00    0.00000000e+00    0.00000000e+00    0.00000000e+00    0.00000000e+00
2246     6.50000000e-07    1.80000000e+00    0.00000000e+00    0.00000000e+00    0.00000000e+00    0.00000000e+00    0.00000000e+00    0.00000000e+00
2247     6.50000001e-07    1.80000000e+00    0.00000000e+00    0.00000000e+00    0.00000000e+00    0.00000000e+00    0.00000000e+00    0.00000000e+00
2248     6.50000002e-07    1.80000000e+00    0.00000000e+00    0.00000000e+00    0.00000000e+00    0.00000000e+00    0.00000000e+00    0.00000000e+00
2249     6.50000005e-07    1.80000000e+00    0.00000000e+00    0.00000000e+00    0.00000000e+00    0.00000000e+00    0.00000000e+00    0.00000000e+00
2250     6.50000010e-07    1.80000000e+00    0.00000000e+00    0.00000000e+00    0.00000000e+00    0.00000000e+00    0.00000000e+00    0.00000000e+00
2251     6.50000021e-07    1.80000000e+00    0.00000000e+00    0.00000000e+00    0.00000000e+00    0.00000000e+00    0.00000000e+00    0.00000000e+00
2252     6.50000042e-07    1.80000000e+00    0.00000000e+00    0.00000000e+00    0.00000000e+00    0.00000000e+00    0.00000000e+00    0.00000000e+00
2253     6.50000084e-07    1.80000000e+00    0.00000000e+00    0.00000000e+00    0.00000000e+00    0.00000000e+00    0.00000000e+00    0.00000000e+00
2254     6.50000169e-07    1.80000000e+00    0.00000000e+00    0.00000000e+00    0.00000000e+00    0.00000000e+00    0.00000000e+00    0.00000000e+00
2255     6.50000338e-07    1.80000000e+00    0.00000000e+00    0.00000000e+00    0.00000000e+00    0.00000000e+00    0.00000000e+00    0.00000000e+00
2256     6.50000677e-07    1.80000000e+00    0.00000000e+00    0.00000000e+00    0.00000000e+00    0.00000000e+00    0.00000000e+00    0.00000000e+00
2257     6.50001354e-07    1.80000000e+00    0.00000000e+00    0.00000000e+00    0.00000000e+00    0.00000000e+00    0.00000000e+00    0.00000000e+00
2258     6.50002709e-07    1.80000000e+00    0.00000000e+00    0.00000000e+00    0.00000000e+00    0.00000000e+00    0.00000000e+00    0.00000000e+00
2259     6.50005418e-07    1.80000000e+00    0.00000000e+00    0.00000000e+00    0.00000000e+00    0.00000000e+00    0.00000000e+00    0.00000000e+00
2260     6.50010837e-07    1.80000000e+00    0.00000000e+00    0.00000000e+00    0.00000000e+00    0.00000000e+00    0.00000000e+00    0.00000000e+00
2261     6.50021675e-07    1.80000000e+00    0.00000000e+00    0.00000000e+00    0.00000000e+00    0.00000000e+00    0.00000000e+00    0.00000000e+00
2262     6.50043351e-07    1.80000000e+00    0.00000000e+00    0.00000000e+00    0.00000000e+00    0.00000000e+00    0.00000000e+00    0.00000000e+00
2263     6.50086704e-07    1.80000000e+00    0.00000000e+00    0.00000000e+00    0.00000000e+00    0.00000000e+00    0.00000000e+00    0.00000000e+00
2264     6.50173408e-07    1.80000000e+00    0.00000000e+00    0.00000000e+00    0.00000000e+00    0.00000000e+00    0.00000000e+00    0.00000000e+00
2265     6.50346816e-07    1.80000000e+00    0.00000000e+00    0.00000000e+00    0.00000000e+00    0.00000000e+00    0.00000000e+00    0.00000000e+00
2266     6.50693633e-07    1.80000000e+00    0.00000000e+00    0.00000000e+00    0.00000000e+00    0.00000000e+00    0.00000000e+00    0.00000000e+00
2267     6.51387267e-07    1.80000000e+00    0.00000000e+00    0.00000000e+00    0.00000000e+00    0.00000000e+00    0.00000000e+00    0.00000000e+00
2268     6.52774535e-07    1.80000000e+00    0.00000000e+00    0.00000000e+00    0.00000000e+00    0.00000000e+00    0.00000000e+00    0.00000000e+00
2269     6.55549071e-07    1.80000000e+00    0.00000000e+00    0.00000000e+00    0.00000000e+00    0.00000000e+00    0.00000000e+00    0.00000000e+00
2270     6.59999990e-07    1.80000000e+00    0.00000000e+00    0.00000000e+00    0.00000000e+00    0.00000000e+00    0.00000000e+00    0.00000000e+00
2271     6.59999990e-07    1.78875000e+00    0.00000000e+00    0.00000000e+00    0.00000000e+00    0.00000000e+00    0.00000000e+00    0.00000000e+00
2272     6.59999990e-07    1.76624999e+00    0.00000000e+00    0.00000000e+00    0.00000000e+00    0.00000000e+00    0.00000000e+00    0.00000000e+00
2273     6.59999990e-07    1.72124999e+00    0.00000000e+00    0.00000000e+00    0.00000000e+00    0.00000000e+00    0.00000000e+00    0.00000000e+00
2274     6.59999991e-07    1.63124998e+00    0.00000000e+00    0.00000000e+00    0.00000000e+00    0.00000000e+00    0.00000000e+00    0.00000000e+00
2275     6.59999992e-07    1.45124998e+00    0.00000000e+00    0.00000000e+00    0.00000000e+00    0.00000000e+00    0.00000000e+00    0.00000000e+00
2276     6.59999994e-07    1.09124998e+00    0.00000000e+00    0.00000000e+00    0.00000000e+00    0.00000000e+00    0.00000000e+00    0.00000000e+00
2277     6.59999998e-07    3.71249985e-01    0.00000000e+00    0.00000000e+00    0.00000000e+00    0.00000000e+00    0.00000000e+00    0.00000000e+00
2278     6.60000000e-07    0.00000000e+00    0.00000000e+00    0.00000000e+00    0.00000000e+00    0.00000000e+00    0.00000000e+00    0.00000000e+00
2279     6.60000001e-07    0.00000000e+00    0.00000000e+00    0.00000000e+00    0.00000000e+00    0.00000000e+00    0.00000000e+00    0.00000000e+00
2280     6.60000002e-07    0.00000000e+00    0.00000000e+00    0.00000000e+00    0.00000000e+00    0.00000000e+00    0.00000000e+00    0.00000000e+00
2281     6.60000006e-07    0.00000000e+00    0.00000000e+00    0.00000000e+00    0.00000000e+00    0.00000000e+00    0.00000000e+00    0.00000000e+00
2282     6.60000012e-07    0.00000000e+00    0.00000000e+00    0.00000000e+00    0.00000000e+00    0.00000000e+00    0.00000000e+00    0.00000000e+00
2283     6.60000025e-07    0.00000000e+00    0.00000000e+00    0.00000000e+00    0.00000000e+00    0.00000000e+00    0.00000000e+00    0.00000000e+00
2284     6.60000050e-07    0.00000000e+00    0.00000000e+00    0.00000000e+00    0.00000000e+00    0.00000000e+00    0.00000000e+00    0.00000000e+00
2285     6.60000102e-07    0.00000000e+00    0.00000000e+00    0.00000000e+00    0.00000000e+00    0.00000000e+00    0.00000000e+00    0.00000000e+00
2286     6.60000204e-07    0.00000000e+00    0.00000000e+00    0.00000000e+00    0.00000000e+00    0.00000000e+00    0.00000000e+00    0.00000000e+00
2287     6.60000409e-07    0.00000000e+00    0.00000000e+00    0.00000000e+00    0.00000000e+00    0.00000000e+00    0.00000000e+00    0.00000000e+00
2288     6.60000818e-07    0.00000000e+00    0.00000000e+00    0.00000000e+00    0.00000000e+00    0.00000000e+00    0.00000000e+00    0.00000000e+00
2289     6.60001638e-07    0.00000000e+00    0.00000000e+00    0.00000000e+00    0.00000000e+00    0.00000000e+00    0.00000000e+00    0.00000000e+00
2290     6.60003276e-07    0.00000000e+00    0.00000000e+00    0.00000000e+00    0.00000000e+00    0.00000000e+00    0.00000000e+00    0.00000000e+00
2291     6.60006553e-07    0.00000000e+00    0.00000000e+00    0.00000000e+00    0.00000000e+00    0.00000000e+00    0.00000000e+00    0.00000000e+00
2292     6.60013106e-07    0.00000000e+00    0.00000000e+00    0.00000000e+00    0.00000000e+00    0.00000000e+00    0.00000000e+00    0.00000000e+00
2293     6.60026214e-07    0.00000000e+00    0.00000000e+00    0.00000000e+00    0.00000000e+00    0.00000000e+00    0.00000000e+00    0.00000000e+00
2294     6.60052428e-07    0.00000000e+00    0.00000000e+00    0.00000000e+00    0.00000000e+00    0.00000000e+00    0.00000000e+00    0.00000000e+00
2295     6.60104857e-07    0.00000000e+00    0.00000000e+00    0.00000000e+00    0.00000000e+00    0.00000000e+00    0.00000000e+00    0.00000000e+00
2296     6.60209714e-07    0.00000000e+00    0.00000000e+00    0.00000000e+00    0.00000000e+00    0.00000000e+00    0.00000000e+00    0.00000000e+00
2297     6.60419430e-07    0.00000000e+00    0.00000000e+00    0.00000000e+00    0.00000000e+00    0.00000000e+00    0.00000000e+00    0.00000000e+00
2298     6.60838860e-07    0.00000000e+00    0.00000000e+00    0.00000000e+00    0.00000000e+00    0.00000000e+00    0.00000000e+00    0.00000000e+00
2299     6.61677721e-07    0.00000000e+00    0.00000000e+00    0.00000000e+00    0.00000000e+00    0.00000000e+00    0.00000000e+00    0.00000000e+00
2300     6.63355442e-07    0.00000000e+00    0.00000000e+00    0.00000000e+00    0.00000000e+00    0.00000000e+00    0.00000000e+00    0.00000000e+00
2301     6.66710886e-07    0.00000000e+00    0.00000000e+00    0.00000000e+00    0.00000000e+00    0.00000000e+00    0.00000000e+00    0.00000000e+00
2302     6.69999990e-07    0.00000000e+00    0.00000000e+00    0.00000000e+00    0.00000000e+00    0.00000000e+00    0.00000000e+00    0.00000000e+00
2303     6.69999990e-07    7.03115694e-04    0.00000000e+00    0.00000000e+00    0.00000000e+00    0.00000000e+00    0.00000000e+00    0.00000000e+00
2304     6.69999990e-07    1.28450640e-03    0.00000000e+00    0.00000000e+00    0.00000000e+00    0.00000000e+00    0.00000000e+00    0.00000000e+00
2305     6.69999990e-07    2.44730687e-03    0.00000000e+00    0.00000000e+00    0.00000000e+00    0.00000000e+00    0.00000000e+00    0.00000000e+00
2306     6.69999990e-07    4.77288876e-03    0.00000000e+00    0.00000000e+00    0.00000000e+00    0.00000000e+00    0.00000000e+00    0.00000000e+00
2307     6.69999990e-07    9.42407160e-03    0.00000000e+00    0.00000000e+00    0.00000000e+00    0.00000000e+00    0.00000000e+00    0.00000000e+00
2308     6.69999990e-07    1.87264373e-02    0.00000000e+00    0.00000000e+00    0.00000000e+00    0.00000000e+00    0.00000000e+00    0.00000000e+00
2309     6.69999990e-07    3.73311495e-02    0.00000000e+00    0.00000000e+00    0.00000000e+00    0.00000000e+00    0.00000000e+00    0.00000000e+00
2310     6.69999990e-07    7.45405741e-02    0.00000000e+00    0.00000000e+00    0.00000000e+00    0.00000000e+00    0.00000000e+00    0.00000000e+00
2311     6.69999991e-07    1.48959423e-01    0.00000000e+00    0.00000000e+00    0.00000000e+00    0.00000000e+00    0.00000000e+00    0.00000000e+00
2312     6.69999992e-07    2.97797140e-01    0.00000000e+00    0.00000000e+00    0.00000000e+00    0.00000000e+00    0.00000000e+00    0.00000000e+00
2313     6.69999993e-07    5.95472556e-01    0.00000000e+00    0.00000000e+00    0.00000000e+00    0.00000000e+00    0.00000000e+00    0.00000000e+00
2314     6.69999997e-07    1.19082341e+00    0.00000000e+00    0.00000000e+00    0.00000000e+00    0.00000000e+00    0.00000000e+00    0.00000000e+00
2315     6.70000000e-07    1.80000000e+00    0.00000000e+00    0.00000000e+00    0.00000000e+00    0.00000000e+00    0.00000000e+00    0.00000000e+00
2316     6.70000001e-07    1.80000000e+00    0.00000000e+00    0.00000000e+00    0.00000000e+00    0.00000000e+00    0.00000000e+00    0.00000000e+00
2317     6.70000002e-07    1.80000000e+00    0.00000000e+00    0.00000000e+00    0.00000000e+00    0.00000000e+00    0.00000000e+00    0.00000000e+00
2318     6.70000005e-07    1.80000000e+00    0.00000000e+00    0.00000000e+00    0.00000000e+00    0.00000000e+00    0.00000000e+00    0.00000000e+00
2319     6.70000010e-07    1.80000000e+00    0.00000000e+00    0.00000000e+00    0.00000000e+00    0.00000000e+00    0.00000000e+00    0.00000000e+00
2320     6.70000021e-07    1.80000000e+00    0.00000000e+00    0.00000000e+00    0.00000000e+00    0.00000000e+00    0.00000000e+00    0.00000000e+00
2321     6.70000042e-07    1.80000000e+00    0.00000000e+00    0.00000000e+00    0.00000000e+00    0.00000000e+00    0.00000000e+00    0.00000000e+00
2322     6.70000084e-07    1.80000000e+00    0.00000000e+00    0.00000000e+00    0.00000000e+00    0.00000000e+00    0.00000000e+00    0.00000000e+00
2323     6.70000169e-07    1.80000000e+00    0.00000000e+00    0.00000000e+00    0.00000000e+00    0.00000000e+00    0.00000000e+00    0.00000000e+00
2324     6.70000338e-07    1.80000000e+00    0.00000000e+00    0.00000000e+00    0.00000000e+00    0.00000000e+00    0.00000000e+00    0.00000000e+00
2325     6.70000677e-07    1.80000000e+00    0.00000000e+00    0.00000000e+00    0.00000000e+00    0.00000000e+00    0.00000000e+00    0.00000000e+00
2326     6.70001354e-07    1.80000000e+00    0.00000000e+00    0.00000000e+00    0.00000000e+00    0.00000000e+00    0.00000000e+00    0.00000000e+00
2327     6.70002709e-07    1.80000000e+00    0.00000000e+00    0.00000000e+00    0.00000000e+00    0.00000000e+00    0.00000000e+00    0.00000000e+00
2328     6.70005418e-07    1.80000000e+00    0.00000000e+00    0.00000000e+00    0.00000000e+00    0.00000000e+00    0.00000000e+00    0.00000000e+00
2329     6.70010837e-07    1.80000000e+00    0.00000000e+00    0.00000000e+00    0.00000000e+00    0.00000000e+00    0.00000000e+00    0.00000000e+00
2330     6.70021675e-07    1.80000000e+00    0.00000000e+00    0.00000000e+00    0.00000000e+00    0.00000000e+00    0.00000000e+00    0.00000000e+00
2331     6.70043351e-07    1.80000000e+00    0.00000000e+00    0.00000000e+00    0.00000000e+00    0.00000000e+00    0.00000000e+00    0.00000000e+00
2332     6.70086704e-07    1.80000000e+00    0.00000000e+00    0.00000000e+00    0.00000000e+00    0.00000000e+00    0.00000000e+00    0.00000000e+00
2333     6.70173408e-07    1.80000000e+00    0.00000000e+00    0.00000000e+00    0.00000000e+00    0.00000000e+00    0.00000000e+00    0.00000000e+00
2334     6.70346816e-07    1.80000000e+00    0.00000000e+00    0.00000000e+00    0.00000000e+00    0.00000000e+00    0.00000000e+00    0.00000000e+00
2335     6.70693633e-07    1.80000000e+00    0.00000000e+00    0.00000000e+00    0.00000000e+00    0.00000000e+00    0.00000000e+00    0.00000000e+00
2336     6.71387267e-07    1.80000000e+00    0.00000000e+00    0.00000000e+00    0.00000000e+00    0.00000000e+00    0.00000000e+00    0.00000000e+00
2337     6.72774535e-07    1.80000000e+00    0.00000000e+00    0.00000000e+00    0.00000000e+00    0.00000000e+00    0.00000000e+00    0.00000000e+00
2338     6.75549071e-07    1.80000000e+00    0.00000000e+00    0.00000000e+00    0.00000000e+00    0.00000000e+00    0.00000000e+00    0.00000000e+00
2339     6.79999990e-07    1.80000000e+00    0.00000000e+00    0.00000000e+00    0.00000000e+00    0.00000000e+00    0.00000000e+00    0.00000000e+00
2340     6.79999990e-07    1.78875000e+00    0.00000000e+00    0.00000000e+00    0.00000000e+00    0.00000000e+00    0.00000000e+00    0.00000000e+00
2341     6.79999990e-07    1.76624999e+00    0.00000000e+00    0.00000000e+00    0.00000000e+00    0.00000000e+00    0.00000000e+00    0.00000000e+00
2342     6.79999990e-07    1.72124999e+00    0.00000000e+00    0.00000000e+00    0.00000000e+00    0.00000000e+00    0.00000000e+00    0.00000000e+00
2343     6.79999991e-07    1.63125000e+00    0.00000000e+00    0.00000000e+00    0.00000000e+00    0.00000000e+00    0.00000000e+00    0.00000000e+00
2344     6.79999992e-07    1.45125000e+00    0.00000000e+00    0.00000000e+00    0.00000000e+00    0.00000000e+00    0.00000000e+00    0.00000000e+00
2345     6.79999994e-07    1.09125000e+00    0.00000000e+00    0.00000000e+00    0.00000000e+00    0.00000000e+00    0.00000000e+00    0.00000000e+00
2346     6.79999998e-07    3.71250004e-01    0.00000000e+00    0.00000000e+00    0.00000000e+00    0.00000000e+00    0.00000000e+00    0.00000000e+00
2347     6.80000000e-07    0.00000000e+00    0.00000000e+00    0.00000000e+00    0.00000000e+00    0.00000000e+00    0.00000000e+00    0.00000000e+00
2348     6.80000001e-07    0.00000000e+00    0.00000000e+00    0.00000000e+00    0.00000000e+00    0.00000000e+00    0.00000000e+00    0.00000000e+00
2349     6.80000002e-07    0.00000000e+00    0.00000000e+00    0.00000000e+00    0.00000000e+00    0.00000000e+00    0.00000000e+00    0.00000000e+00
2350     6.80000006e-07    0.00000000e+00    0.00000000e+00    0.00000000e+00    0.00000000e+00    0.00000000e+00    0.00000000e+00    0.00000000e+00
2351     6.80000012e-07    0.00000000e+00    0.00000000e+00    0.00000000e+00    0.00000000e+00    0.00000000e+00    0.00000000e+00    0.00000000e+00
2352     6.80000025e-07    0.00000000e+00    0.00000000e+00    0.00000000e+00    0.00000000e+00    0.00000000e+00    0.00000000e+00    0.00000000e+00
2353     6.80000050e-07    0.00000000e+00    0.00000000e+00    0.00000000e+00    0.00000000e+00    0.00000000e+00    0.00000000e+00    0.00000000e+00
2354     6.80000102e-07    0.00000000e+00    0.00000000e+00    0.00000000e+00    0.00000000e+00    0.00000000e+00    0.00000000e+00    0.00000000e+00
2355     6.80000204e-07    0.00000000e+00    0.00000000e+00    0.00000000e+00    0.00000000e+00    0.00000000e+00    0.00000000e+00    0.00000000e+00
2356     6.80000409e-07    0.00000000e+00    0.00000000e+00    0.00000000e+00    0.00000000e+00    0.00000000e+00    0.00000000e+00    0.00000000e+00
2357     6.80000818e-07    0.00000000e+00    0.00000000e+00    0.00000000e+00    0.00000000e+00    0.00000000e+00    0.00000000e+00    0.00000000e+00
2358     6.80001638e-07    0.00000000e+00    0.00000000e+00    0.00000000e+00    0.00000000e+00    0.00000000e+00    0.00000000e+00    0.00000000e+00
2359     6.80003276e-07    0.00000000e+00    0.00000000e+00    0.00000000e+00    0.00000000e+00    0.00000000e+00    0.00000000e+00    0.00000000e+00
2360     6.80006553e-07    0.00000000e+00    0.00000000e+00    0.00000000e+00    0.00000000e+00    0.00000000e+00    0.00000000e+00    0.00000000e+00
2361     6.80013106e-07    0.00000000e+00    0.00000000e+00    0.00000000e+00    0.00000000e+00    0.00000000e+00    0.00000000e+00    0.00000000e+00
2362     6.80026214e-07    0.00000000e+00    0.00000000e+00    0.00000000e+00    0.00000000e+00    0.00000000e+00    0.00000000e+00    0.00000000e+00
2363     6.80052428e-07    0.00000000e+00    0.00000000e+00    0.00000000e+00    0.00000000e+00    0.00000000e+00    0.00000000e+00    0.00000000e+00
2364     6.80104857e-07    0.00000000e+00    0.00000000e+00    0.00000000e+00    0.00000000e+00    0.00000000e+00    0.00000000e+00    0.00000000e+00
2365     6.80209714e-07    0.00000000e+00    0.00000000e+00    0.00000000e+00    0.00000000e+00    0.00000000e+00    0.00000000e+00    0.00000000e+00
2366     6.80419430e-07    0.00000000e+00    0.00000000e+00    0.00000000e+00    0.00000000e+00    0.00000000e+00    0.00000000e+00    0.00000000e+00
2367     6.80838860e-07    0.00000000e+00    0.00000000e+00    0.00000000e+00    0.00000000e+00    0.00000000e+00    0.00000000e+00    0.00000000e+00
2368     6.81677721e-07    0.00000000e+00    0.00000000e+00    0.00000000e+00    0.00000000e+00    0.00000000e+00    0.00000000e+00    0.00000000e+00
2369     6.83355442e-07    0.00000000e+00    0.00000000e+00    0.00000000e+00    0.00000000e+00    0.00000000e+00    0.00000000e+00    0.00000000e+00
2370     6.86710886e-07    0.00000000e+00    0.00000000e+00    0.00000000e+00    0.00000000e+00    0.00000000e+00    0.00000000e+00    0.00000000e+00
2371     6.89999990e-07    0.00000000e+00    0.00000000e+00    0.00000000e+00    0.00000000e+00    0.00000000e+00    0.00000000e+00    0.00000000e+00
2372     6.89999990e-07    7.03115694e-04    0.00000000e+00    0.00000000e+00    0.00000000e+00    0.00000000e+00    0.00000000e+00    0.00000000e+00
2373     6.89999990e-07    1.28450640e-03    0.00000000e+00    0.00000000e+00    0.00000000e+00    0.00000000e+00    0.00000000e+00    0.00000000e+00
2374     6.89999990e-07    2.44730687e-03    0.00000000e+00    0.00000000e+00    0.00000000e+00    0.00000000e+00    0.00000000e+00    0.00000000e+00
2375     6.89999990e-07    4.77288876e-03    0.00000000e+00    0.00000000e+00    0.00000000e+00    0.00000000e+00    0.00000000e+00    0.00000000e+00
2376     6.89999990e-07    9.42407160e-03    0.00000000e+00    0.00000000e+00    0.00000000e+00    0.00000000e+00    0.00000000e+00    0.00000000e+00
2377     6.89999990e-07    1.87264373e-02    0.00000000e+00    0.00000000e+00    0.00000000e+00    0.00000000e+00    0.00000000e+00    0.00000000e+00
2378     6.89999990e-07    3.73311495e-02    0.00000000e+00    0.00000000e+00    0.00000000e+00    0.00000000e+00    0.00000000e+00    0.00000000e+00
2379     6.89999990e-07    7.45405741e-02    0.00000000e+00    0.00000000e+00    0.00000000e+00    0.00000000e+00    0.00000000e+00    0.00000000e+00
2380     6.89999991e-07    1.48959423e-01    0.00000000e+00    0.00000000e+00    0.00000000e+00    0.00000000e+00    0.00000000e+00    0.00000000e+00
2381     6.89999992e-07    2.97797140e-01    0.00000000e+00    0.00000000e+00    0.00000000e+00    0.00000000e+00    0.00000000e+00    0.00000000e+00
2382     6.89999993e-07    5.95472556e-01    0.00000000e+00    0.00000000e+00    0.00000000e+00    0.00000000e+00    0.00000000e+00    0.00000000e+00
2383     6.89999997e-07    1.19082341e+00    0.00000000e+00    0.00000000e+00    0.00000000e+00    0.00000000e+00    0.00000000e+00    0.00000000e+00
2384     6.90000000e-07    1.80000000e+00    0.00000000e+00    0.00000000e+00    0.00000000e+00    0.00000000e+00    0.00000000e+00    0.00000000e+00
2385     6.90000001e-07    1.80000000e+00    0.00000000e+00    0.00000000e+00    0.00000000e+00    0.00000000e+00    0.00000000e+00    0.00000000e+00
2386     6.90000002e-07    1.80000000e+00    0.00000000e+00    0.00000000e+00    0.00000000e+00    0.00000000e+00    0.00000000e+00    0.00000000e+00
2387     6.90000005e-07    1.80000000e+00    0.00000000e+00    0.00000000e+00    0.00000000e+00    0.00000000e+00    0.00000000e+00    0.00000000e+00
2388     6.90000010e-07    1.80000000e+00    0.00000000e+00    0.00000000e+00    0.00000000e+00    0.00000000e+00    0.00000000e+00    0.00000000e+00
2389     6.90000021e-07    1.80000000e+00    0.00000000e+00    0.00000000e+00    0.00000000e+00    0.00000000e+00    0.00000000e+00    0.00000000e+00
2390     6.90000042e-07    1.80000000e+00    0.00000000e+00    0.00000000e+00    0.00000000e+00    0.00000000e+00    0.00000000e+00    0.00000000e+00
2391     6.90000084e-07    1.80000000e+00    0.00000000e+00    0.00000000e+00    0.00000000e+00    0.00000000e+00    0.00000000e+00    0.00000000e+00
2392     6.90000169e-07    1.80000000e+00    0.00000000e+00    0.00000000e+00    0.00000000e+00    0.00000000e+00    0.00000000e+00    0.00000000e+00
2393     6.90000338e-07    1.80000000e+00    0.00000000e+00    0.00000000e+00    0.00000000e+00    0.00000000e+00    0.00000000e+00    0.00000000e+00
2394     6.90000677e-07    1.80000000e+00    0.00000000e+00    0.00000000e+00    0.00000000e+00    0.00000000e+00    0.00000000e+00    0.00000000e+00
2395     6.90001354e-07    1.80000000e+00    0.00000000e+00    0.00000000e+00    0.00000000e+00    0.00000000e+00    0.00000000e+00    0.00000000e+00
2396     6.90002709e-07    1.80000000e+00    0.00000000e+00    0.00000000e+00    0.00000000e+00    0.00000000e+00    0.00000000e+00    0.00000000e+00
2397     6.90005418e-07    1.80000000e+00    0.00000000e+00    0.00000000e+00    0.00000000e+00    0.00000000e+00    0.00000000e+00    0.00000000e+00
2398     6.90010837e-07    1.80000000e+00    0.00000000e+00    0.00000000e+00    0.00000000e+00    0.00000000e+00    0.00000000e+00    0.00000000e+00
2399     6.90021675e-07    1.80000000e+00    0.00000000e+00    0.00000000e+00    0.00000000e+00    0.00000000e+00    0.00000000e+00    0.00000000e+00
2400     6.90043351e-07    1.80000000e+00    0.00000000e+00    0.00000000e+00    0.00000000e+00    0.00000000e+00    0.00000000e+00    0.00000000e+00
2401     6.90086704e-07    1.80000000e+00    0.00000000e+00    0.00000000e+00    0.00000000e+00    0.00000000e+00    0.00000000e+00    0.00000000e+00
2402     6.90173408e-07    1.80000000e+00    0.00000000e+00    0.00000000e+00    0.00000000e+00    0.00000000e+00    0.00000000e+00    0.00000000e+00
2403     6.90346816e-07    1.80000000e+00    0.00000000e+00    0.00000000e+00    0.00000000e+00    0.00000000e+00    0.00000000e+00    0.00000000e+00
2404     6.90693633e-07    1.80000000e+00    0.00000000e+00    0.00000000e+00    0.00000000e+00    0.00000000e+00    0.00000000e+00    0.00000000e+00
2405     6.91387267e-07    1.80000000e+00    0.00000000e+00    0.00000000e+00    0.00000000e+00    0.00000000e+00    0.00000000e+00    0.00000000e+00
2406     6.92774535e-07    1.80000000e+00    0.00000000e+00    0.00000000e+00    0.00000000e+00    0.00000000e+00    0.00000000e+00    0.00000000e+00
2407     6.95549071e-07    1.80000000e+00    0.00000000e+00    0.00000000e+00    0.00000000e+00    0.00000000e+00    0.00000000e+00    0.00000000e+00
2408     6.99999990e-07    1.80000000e+00    0.00000000e+00    0.00000000e+00    0.00000000e+00    0.00000000e+00    0.00000000e+00    0.00000000e+00
2409     6.99999990e-07    1.78875000e+00    0.00000000e+00    0.00000000e+00    0.00000000e+00    0.00000000e+00    0.00000000e+00    0.00000000e+00
2410     6.99999990e-07    1.76624999e+00    0.00000000e+00    0.00000000e+00    0.00000000e+00    0.00000000e+00    0.00000000e+00    0.00000000e+00
2411     6.99999990e-07    1.72124999e+00    0.00000000e+00    0.00000000e+00    0.00000000e+00    0.00000000e+00    0.00000000e+00    0.00000000e+00
2412     6.99999991e-07    1.63125000e+00    0.00000000e+00    0.00000000e+00    0.00000000e+00    0.00000000e+00    0.00000000e+00    0.00000000e+00
2413     6.99999992e-07    1.45125000e+00    0.00000000e+00    0.00000000e+00    0.00000000e+00    0.00000000e+00    0.00000000e+00    0.00000000e+00
2414     6.99999994e-07    1.09125000e+00    0.00000000e+00    0.00000000e+00    0.00000000e+00    0.00000000e+00    0.00000000e+00    0.00000000e+00
2415     6.99999998e-07    3.71250004e-01    0.00000000e+00    0.00000000e+00    0.00000000e+00    0.00000000e+00    0.00000000e+00    0.00000000e+00
2416     7.00000000e-07    0.00000000e+00    0.00000000e+00    0.00000000e+00    0.00000000e+00    0.00000000e+00    0.00000000e+00    0.00000000e+00
2417     7.00000001e-07    0.00000000e+00    0.00000000e+00    0.00000000e+00    0.00000000e+00    0.00000000e+00    0.00000000e+00    0.00000000e+00
2418     7.00000002e-07    0.00000000e+00    0.00000000e+00    0.00000000e+00    0.00000000e+00    0.00000000e+00    0.00000000e+00    0.00000000e+00
2419     7.00000006e-07    0.00000000e+00    0.00000000e+00    0.00000000e+00    0.00000000e+00    0.00000000e+00    0.00000000e+00    0.00000000e+00
2420     7.00000012e-07    0.00000000e+00    0.00000000e+00    0.00000000e+00    0.00000000e+00    0.00000000e+00    0.00000000e+00    0.00000000e+00
2421     7.00000025e-07    0.00000000e+00    0.00000000e+00    0.00000000e+00    0.00000000e+00    0.00000000e+00    0.00000000e+00    0.00000000e+00
2422     7.00000050e-07    0.00000000e+00    0.00000000e+00    0.00000000e+00    0.00000000e+00    0.00000000e+00    0.00000000e+00    0.00000000e+00
2423     7.00000102e-07    0.00000000e+00    0.00000000e+00    0.00000000e+00    0.00000000e+00    0.00000000e+00    0.00000000e+00    0.00000000e+00
2424     7.00000204e-07    0.00000000e+00    0.00000000e+00    0.00000000e+00    0.00000000e+00    0.00000000e+00    0.00000000e+00    0.00000000e+00
2425     7.00000409e-07    0.00000000e+00    0.00000000e+00    0.00000000e+00    0.00000000e+00    0.00000000e+00    0.00000000e+00    0.00000000e+00
2426     7.00000818e-07    0.00000000e+00    0.00000000e+00    0.00000000e+00    0.00000000e+00    0.00000000e+00    0.00000000e+00    0.00000000e+00
2427     7.00001638e-07    0.00000000e+00    0.00000000e+00    0.00000000e+00    0.00000000e+00    0.00000000e+00    0.00000000e+00    0.00000000e+00
2428     7.00003276e-07    0.00000000e+00    0.00000000e+00    0.00000000e+00    0.00000000e+00    0.00000000e+00    0.00000000e+00    0.00000000e+00
2429     7.00006553e-07    0.00000000e+00    0.00000000e+00    0.00000000e+00    0.00000000e+00    0.00000000e+00    0.00000000e+00    0.00000000e+00
2430     7.00013106e-07    0.00000000e+00    0.00000000e+00    0.00000000e+00    0.00000000e+00    0.00000000e+00    0.00000000e+00    0.00000000e+00
2431     7.00026214e-07    0.00000000e+00    0.00000000e+00    0.00000000e+00    0.00000000e+00    0.00000000e+00    0.00000000e+00    0.00000000e+00
2432     7.00052428e-07    0.00000000e+00    0.00000000e+00    0.00000000e+00    0.00000000e+00    0.00000000e+00    0.00000000e+00    0.00000000e+00
2433     7.00104857e-07    0.00000000e+00    0.00000000e+00    0.00000000e+00    0.00000000e+00    0.00000000e+00    0.00000000e+00    0.00000000e+00
2434     7.00209714e-07    0.00000000e+00    0.00000000e+00    0.00000000e+00    0.00000000e+00    0.00000000e+00    0.00000000e+00    0.00000000e+00
2435     7.00419430e-07    0.00000000e+00    0.00000000e+00    0.00000000e+00    0.00000000e+00    0.00000000e+00    0.00000000e+00    0.00000000e+00
2436     7.00838860e-07    0.00000000e+00    0.00000000e+00    0.00000000e+00    0.00000000e+00    0.00000000e+00    0.00000000e+00    0.00000000e+00
2437     7.01677721e-07    0.00000000e+00    0.00000000e+00    0.00000000e+00    0.00000000e+00    0.00000000e+00    0.00000000e+00    0.00000000e+00
2438     7.03355442e-07    0.00000000e+00    0.00000000e+00    0.00000000e+00    0.00000000e+00    0.00000000e+00    0.00000000e+00    0.00000000e+00
2439     7.06710886e-07    0.00000000e+00    0.00000000e+00    0.00000000e+00    0.00000000e+00    0.00000000e+00    0.00000000e+00    0.00000000e+00
2440     7.09999990e-07    0.00000000e+00    0.00000000e+00    0.00000000e+00    0.00000000e+00    0.00000000e+00    0.00000000e+00    0.00000000e+00
2441     7.09999990e-07    7.03115694e-04    0.00000000e+00    0.00000000e+00    0.00000000e+00    0.00000000e+00    0.00000000e+00    0.00000000e+00
2442     7.09999990e-07    1.28450640e-03    0.00000000e+00    0.00000000e+00    0.00000000e+00    0.00000000e+00    0.00000000e+00    0.00000000e+00
2443     7.09999990e-07    2.44730687e-03    0.00000000e+00    0.00000000e+00    0.00000000e+00    0.00000000e+00    0.00000000e+00    0.00000000e+00
2444     7.09999990e-07    4.77288876e-03    0.00000000e+00    0.00000000e+00    0.00000000e+00    0.00000000e+00    0.00000000e+00    0.00000000e+00
2445     7.09999990e-07    9.42407160e-03    0.00000000e+00    0.00000000e+00    0.00000000e+00    0.00000000e+00    0.00000000e+00    0.00000000e+00
2446     7.09999990e-07    1.87264373e-02    0.00000000e+00    0.00000000e+00    0.00000000e+00    0.00000000e+00    0.00000000e+00    0.00000000e+00
2447     7.09999990e-07    3.73311495e-02    0.00000000e+00    0.00000000e+00    0.00000000e+00    0.00000000e+00    0.00000000e+00    0.00000000e+00
2448     7.09999990e-07    7.45405741e-02    0.00000000e+00    0.00000000e+00    0.00000000e+00    0.00000000e+00    0.00000000e+00    0.00000000e+00
2449     7.09999991e-07    1.48959423e-01    0.00000000e+00    0.00000000e+00    0.00000000e+00    0.00000000e+00    0.00000000e+00    0.00000000e+00
2450     7.09999992e-07    2.97797140e-01    0.00000000e+00    0.00000000e+00    0.00000000e+00    0.00000000e+00    0.00000000e+00    0.00000000e+00
2451     7.09999993e-07    5.95472556e-01    0.00000000e+00    0.00000000e+00    0.00000000e+00    0.00000000e+00    0.00000000e+00    0.00000000e+00
2452     7.09999997e-07    1.19082341e+00    0.00000000e+00    0.00000000e+00    0.00000000e+00    0.00000000e+00    0.00000000e+00    0.00000000e+00
2453     7.10000000e-07    1.80000000e+00    0.00000000e+00    0.00000000e+00    0.00000000e+00    0.00000000e+00    0.00000000e+00    0.00000000e+00
2454     7.10000001e-07    1.80000000e+00    0.00000000e+00    0.00000000e+00    0.00000000e+00    0.00000000e+00    0.00000000e+00    0.00000000e+00
2455     7.10000002e-07    1.80000000e+00    0.00000000e+00    0.00000000e+00    0.00000000e+00    0.00000000e+00    0.00000000e+00    0.00000000e+00
2456     7.10000005e-07    1.80000000e+00    0.00000000e+00    0.00000000e+00    0.00000000e+00    0.00000000e+00    0.00000000e+00    0.00000000e+00
2457     7.10000010e-07    1.80000000e+00    0.00000000e+00    0.00000000e+00    0.00000000e+00    0.00000000e+00    0.00000000e+00    0.00000000e+00
2458     7.10000021e-07    1.80000000e+00    0.00000000e+00    0.00000000e+00    0.00000000e+00    0.00000000e+00    0.00000000e+00    0.00000000e+00
2459     7.10000042e-07    1.80000000e+00    0.00000000e+00    0.00000000e+00    0.00000000e+00    0.00000000e+00    0.00000000e+00    0.00000000e+00
2460     7.10000084e-07    1.80000000e+00    0.00000000e+00    0.00000000e+00    0.00000000e+00    0.00000000e+00    0.00000000e+00    0.00000000e+00
2461     7.10000169e-07    1.80000000e+00    0.00000000e+00    0.00000000e+00    0.00000000e+00    0.00000000e+00    0.00000000e+00    0.00000000e+00
2462     7.10000338e-07    1.80000000e+00    0.00000000e+00    0.00000000e+00    0.00000000e+00    0.00000000e+00    0.00000000e+00    0.00000000e+00
2463     7.10000677e-07    1.80000000e+00    0.00000000e+00    0.00000000e+00    0.00000000e+00    0.00000000e+00    0.00000000e+00    0.00000000e+00
2464     7.10001354e-07    1.80000000e+00    0.00000000e+00    0.00000000e+00    0.00000000e+00    0.00000000e+00    0.00000000e+00    0.00000000e+00
2465     7.10002709e-07    1.80000000e+00    0.00000000e+00    0.00000000e+00    0.00000000e+00    0.00000000e+00    0.00000000e+00    0.00000000e+00
2466     7.10005418e-07    1.80000000e+00    0.00000000e+00    0.00000000e+00    0.00000000e+00    0.00000000e+00    0.00000000e+00    0.00000000e+00
2467     7.10010837e-07    1.80000000e+00    0.00000000e+00    0.00000000e+00    0.00000000e+00    0.00000000e+00    0.00000000e+00    0.00000000e+00
2468     7.10021675e-07    1.80000000e+00    0.00000000e+00    0.00000000e+00    0.00000000e+00    0.00000000e+00    0.00000000e+00    0.00000000e+00
2469     7.10043351e-07    1.80000000e+00    0.00000000e+00    0.00000000e+00    0.00000000e+00    0.00000000e+00    0.00000000e+00    0.00000000e+00
2470     7.10086704e-07    1.80000000e+00    0.00000000e+00    0.00000000e+00    0.00000000e+00    0.00000000e+00    0.00000000e+00    0.00000000e+00
2471     7.10173408e-07    1.80000000e+00    0.00000000e+00    0.00000000e+00    0.00000000e+00    0.00000000e+00    0.00000000e+00    0.00000000e+00
2472     7.10346816e-07    1.80000000e+00    0.00000000e+00    0.00000000e+00    0.00000000e+00    0.00000000e+00    0.00000000e+00    0.00000000e+00
2473     7.10693633e-07    1.80000000e+00    0.00000000e+00    0.00000000e+00    0.00000000e+00    0.00000000e+00    0.00000000e+00    0.00000000e+00
2474     7.11387267e-07    1.80000000e+00    0.00000000e+00    0.00000000e+00    0.00000000e+00    0.00000000e+00    0.00000000e+00    0.00000000e+00
2475     7.12774535e-07    1.80000000e+00    0.00000000e+00    0.00000000e+00    0.00000000e+00    0.00000000e+00    0.00000000e+00    0.00000000e+00
2476     7.15549071e-07    1.80000000e+00    0.00000000e+00    0.00000000e+00    0.00000000e+00    0.00000000e+00    0.00000000e+00    0.00000000e+00
2477     7.19999990e-07    1.80000000e+00    0.00000000e+00    0.00000000e+00    0.00000000e+00    0.00000000e+00    0.00000000e+00    0.00000000e+00
2478     7.19999990e-07    1.78875000e+00    0.00000000e+00    0.00000000e+00    0.00000000e+00    0.00000000e+00    0.00000000e+00    0.00000000e+00
2479     7.19999990e-07    1.76624999e+00    0.00000000e+00    0.00000000e+00    0.00000000e+00    0.00000000e+00    0.00000000e+00    0.00000000e+00
2480     7.19999990e-07    1.72124999e+00    0.00000000e+00    0.00000000e+00    0.00000000e+00    0.00000000e+00    0.00000000e+00    0.00000000e+00
2481     7.19999991e-07    1.63125000e+00    0.00000000e+00    0.00000000e+00    0.00000000e+00    0.00000000e+00    0.00000000e+00    0.00000000e+00
2482     7.19999992e-07    1.45125000e+00    0.00000000e+00    0.00000000e+00    0.00000000e+00    0.00000000e+00    0.00000000e+00    0.00000000e+00
2483     7.19999994e-07    1.09125000e+00    0.00000000e+00    0.00000000e+00    0.00000000e+00    0.00000000e+00    0.00000000e+00    0.00000000e+00
2484     7.19999998e-07    3.71250004e-01    0.00000000e+00    0.00000000e+00    0.00000000e+00    0.00000000e+00    0.00000000e+00    0.00000000e+00
2485     7.20000000e-07    0.00000000e+00    0.00000000e+00    0.00000000e+00    0.00000000e+00    0.00000000e+00    0.00000000e+00    0.00000000e+00
2486     7.20000001e-07    0.00000000e+00    0.00000000e+00    0.00000000e+00    0.00000000e+00    0.00000000e+00    0.00000000e+00    0.00000000e+00
2487     7.20000002e-07    0.00000000e+00    0.00000000e+00    0.00000000e+00    0.00000000e+00    0.00000000e+00    0.00000000e+00    0.00000000e+00
2488     7.20000006e-07    0.00000000e+00    0.00000000e+00    0.00000000e+00    0.00000000e+00    0.00000000e+00    0.00000000e+00    0.00000000e+00
2489     7.20000012e-07    0.00000000e+00    0.00000000e+00    0.00000000e+00    0.00000000e+00    0.00000000e+00    0.00000000e+00    0.00000000e+00
2490     7.20000025e-07    0.00000000e+00    0.00000000e+00    0.00000000e+00    0.00000000e+00    0.00000000e+00    0.00000000e+00    0.00000000e+00
2491     7.20000050e-07    0.00000000e+00    0.00000000e+00    0.00000000e+00    0.00000000e+00    0.00000000e+00    0.00000000e+00    0.00000000e+00
2492     7.20000102e-07    0.00000000e+00    0.00000000e+00    0.00000000e+00    0.00000000e+00    0.00000000e+00    0.00000000e+00    0.00000000e+00
2493     7.20000204e-07    0.00000000e+00    0.00000000e+00    0.00000000e+00    0.00000000e+00    0.00000000e+00    0.00000000e+00    0.00000000e+00
2494     7.20000409e-07    0.00000000e+00    0.00000000e+00    0.00000000e+00    0.00000000e+00    0.00000000e+00    0.00000000e+00    0.00000000e+00
2495     7.20000818e-07    0.00000000e+00    0.00000000e+00    0.00000000e+00    0.00000000e+00    0.00000000e+00    0.00000000e+00    0.00000000e+00
2496     7.20001638e-07    0.00000000e+00    0.00000000e+00    0.00000000e+00    0.00000000e+00    0.00000000e+00    0.00000000e+00    0.00000000e+00
2497     7.20003276e-07    0.00000000e+00    0.00000000e+00    0.00000000e+00    0.00000000e+00    0.00000000e+00    0.00000000e+00    0.00000000e+00
2498     7.20006553e-07    0.00000000e+00    0.00000000e+00    0.00000000e+00    0.00000000e+00    0.00000000e+00    0.00000000e+00    0.00000000e+00
2499     7.20013106e-07    0.00000000e+00    0.00000000e+00    0.00000000e+00    0.00000000e+00    0.00000000e+00    0.00000000e+00    0.00000000e+00
2500     7.20026214e-07    0.00000000e+00    0.00000000e+00    0.00000000e+00    0.00000000e+00    0.00000000e+00    0.00000000e+00    0.00000000e+00
2501     7.20052428e-07    0.00000000e+00    0.00000000e+00    0.00000000e+00    0.00000000e+00    0.00000000e+00    0.00000000e+00    0.00000000e+00
2502     7.20104857e-07    0.00000000e+00    0.00000000e+00    0.00000000e+00    0.00000000e+00    0.00000000e+00    0.00000000e+00    0.00000000e+00
2503     7.20209714e-07    0.00000000e+00    0.00000000e+00    0.00000000e+00    0.00000000e+00    0.00000000e+00    0.00000000e+00    0.00000000e+00
2504     7.20419430e-07    0.00000000e+00    0.00000000e+00    0.00000000e+00    0.00000000e+00    0.00000000e+00    0.00000000e+00    0.00000000e+00
2505     7.20838860e-07    0.00000000e+00    0.00000000e+00    0.00000000e+00    0.00000000e+00    0.00000000e+00    0.00000000e+00    0.00000000e+00
2506     7.21677721e-07    0.00000000e+00    0.00000000e+00    0.00000000e+00    0.00000000e+00    0.00000000e+00    0.00000000e+00    0.00000000e+00
2507     7.23355442e-07    0.00000000e+00    0.00000000e+00    0.00000000e+00    0.00000000e+00    0.00000000e+00    0.00000000e+00    0.00000000e+00
2508     7.26710886e-07    0.00000000e+00    0.00000000e+00    0.00000000e+00    0.00000000e+00    0.00000000e+00    0.00000000e+00    0.00000000e+00
2509     7.29999990e-07    0.00000000e+00    0.00000000e+00    0.00000000e+00    0.00000000e+00    0.00000000e+00    0.00000000e+00    0.00000000e+00
2510     7.29999990e-07    7.03115694e-04    0.00000000e+00    0.00000000e+00    0.00000000e+00    0.00000000e+00    0.00000000e+00    0.00000000e+00
2511     7.29999990e-07    1.28450640e-03    0.00000000e+00    0.00000000e+00    0.00000000e+00    0.00000000e+00    0.00000000e+00    0.00000000e+00
2512     7.29999990e-07    2.44730687e-03    0.00000000e+00    0.00000000e+00    0.00000000e+00    0.00000000e+00    0.00000000e+00    0.00000000e+00
2513     7.29999990e-07    4.77288876e-03    0.00000000e+00    0.00000000e+00    0.00000000e+00    0.00000000e+00    0.00000000e+00    0.00000000e+00
2514     7.29999990e-07    9.42407160e-03    0.00000000e+00    0.00000000e+00    0.00000000e+00    0.00000000e+00    0.00000000e+00    0.00000000e+00
2515     7.29999990e-07    1.87264373e-02    0.00000000e+00    0.00000000e+00    0.00000000e+00    0.00000000e+00    0.00000000e+00    0.00000000e+00
2516     7.29999990e-07    3.73311495e-02    0.00000000e+00    0.00000000e+00    0.00000000e+00    0.00000000e+00    0.00000000e+00    0.00000000e+00
2517     7.29999990e-07    7.45405741e-02    0.00000000e+00    0.00000000e+00    0.00000000e+00    0.00000000e+00    0.00000000e+00    0.00000000e+00
2518     7.29999991e-07    1.48959423e-01    0.00000000e+00    0.00000000e+00    0.00000000e+00    0.00000000e+00    0.00000000e+00    0.00000000e+00
2519     7.29999992e-07    2.97797140e-01    0.00000000e+00    0.00000000e+00    0.00000000e+00    0.00000000e+00    0.00000000e+00    0.00000000e+00
2520     7.29999993e-07    5.95472556e-01    0.00000000e+00    0.00000000e+00    0.00000000e+00    0.00000000e+00    0.00000000e+00    0.00000000e+00
2521     7.29999997e-07    1.19082341e+00    0.00000000e+00    0.00000000e+00    0.00000000e+00    0.00000000e+00    0.00000000e+00    0.00000000e+00
2522     7.30000000e-07    1.80000000e+00    0.00000000e+00    0.00000000e+00    0.00000000e+00    0.00000000e+00    0.00000000e+00    0.00000000e+00
2523     7.30000001e-07    1.80000000e+00    0.00000000e+00    0.00000000e+00    0.00000000e+00    0.00000000e+00    0.00000000e+00    0.00000000e+00
2524     7.30000002e-07    1.80000000e+00    0.00000000e+00    0.00000000e+00    0.00000000e+00    0.00000000e+00    0.00000000e+00    0.00000000e+00
2525     7.30000005e-07    1.80000000e+00    0.00000000e+00    0.00000000e+00    0.00000000e+00    0.00000000e+00    0.00000000e+00    0.00000000e+00
2526     7.30000010e-07    1.80000000e+00    0.00000000e+00    0.00000000e+00    0.00000000e+00    0.00000000e+00    0.00000000e+00    0.00000000e+00
2527     7.30000021e-07    1.80000000e+00    0.00000000e+00    0.00000000e+00    0.00000000e+00    0.00000000e+00    0.00000000e+00    0.00000000e+00
2528     7.30000042e-07    1.80000000e+00    0.00000000e+00    0.00000000e+00    0.00000000e+00    0.00000000e+00    0.00000000e+00    0.00000000e+00
2529     7.30000084e-07    1.80000000e+00    0.00000000e+00    0.00000000e+00    0.00000000e+00    0.00000000e+00    0.00000000e+00    0.00000000e+00
2530     7.30000169e-07    1.80000000e+00    0.00000000e+00    0.00000000e+00    0.00000000e+00    0.00000000e+00    0.00000000e+00    0.00000000e+00
2531     7.30000338e-07    1.80000000e+00    0.00000000e+00    0.00000000e+00    0.00000000e+00    0.00000000e+00    0.00000000e+00    0.00000000e+00
2532     7.30000677e-07    1.80000000e+00    0.00000000e+00    0.00000000e+00    0.00000000e+00    0.00000000e+00    0.00000000e+00    0.00000000e+00
2533     7.30001354e-07    1.80000000e+00    0.00000000e+00    0.00000000e+00    0.00000000e+00    0.00000000e+00    0.00000000e+00    0.00000000e+00
2534     7.30002709e-07    1.80000000e+00    0.00000000e+00    0.00000000e+00    0.00000000e+00    0.00000000e+00    0.00000000e+00    0.00000000e+00
2535     7.30005418e-07    1.80000000e+00    0.00000000e+00    0.00000000e+00    0.00000000e+00    0.00000000e+00    0.00000000e+00    0.00000000e+00
2536     7.30010837e-07    1.80000000e+00    0.00000000e+00    0.00000000e+00    0.00000000e+00    0.00000000e+00    0.00000000e+00    0.00000000e+00
2537     7.30021675e-07    1.80000000e+00    0.00000000e+00    0.00000000e+00    0.00000000e+00    0.00000000e+00    0.00000000e+00    0.00000000e+00
2538     7.30043351e-07    1.80000000e+00    0.00000000e+00    0.00000000e+00    0.00000000e+00    0.00000000e+00    0.00000000e+00    0.00000000e+00
2539     7.30086704e-07    1.80000000e+00    0.00000000e+00    0.00000000e+00    0.00000000e+00    0.00000000e+00    0.00000000e+00    0.00000000e+00
2540     7.30173408e-07    1.80000000e+00    0.00000000e+00    0.00000000e+00    0.00000000e+00    0.00000000e+00    0.00000000e+00    0.00000000e+00
2541     7.30346816e-07    1.80000000e+00    0.00000000e+00    0.00000000e+00    0.00000000e+00    0.00000000e+00    0.00000000e+00    0.00000000e+00
2542     7.30693633e-07    1.80000000e+00    0.00000000e+00    0.00000000e+00    0.00000000e+00    0.00000000e+00    0.00000000e+00    0.00000000e+00
2543     7.31387267e-07    1.80000000e+00    0.00000000e+00    0.00000000e+00    0.00000000e+00    0.00000000e+00    0.00000000e+00    0.00000000e+00
2544     7.32774535e-07    1.80000000e+00    0.00000000e+00    0.00000000e+00    0.00000000e+00    0.00000000e+00    0.00000000e+00    0.00000000e+00
2545     7.35549071e-07    1.80000000e+00    0.00000000e+00    0.00000000e+00    0.00000000e+00    0.00000000e+00    0.00000000e+00    0.00000000e+00
2546     7.39999990e-07    1.80000000e+00    0.00000000e+00    0.00000000e+00    0.00000000e+00    0.00000000e+00    0.00000000e+00    0.00000000e+00
2547     7.39999990e-07    1.78875000e+00    0.00000000e+00    0.00000000e+00    0.00000000e+00    0.00000000e+00    0.00000000e+00    0.00000000e+00
2548     7.39999990e-07    1.76624999e+00    0.00000000e+00    0.00000000e+00    0.00000000e+00    0.00000000e+00    0.00000000e+00    0.00000000e+00
2549     7.39999990e-07    1.72124999e+00    0.00000000e+00    0.00000000e+00    0.00000000e+00    0.00000000e+00    0.00000000e+00    0.00000000e+00
2550     7.39999991e-07    1.63125000e+00    0.00000000e+00    0.00000000e+00    0.00000000e+00    0.00000000e+00    0.00000000e+00    0.00000000e+00
2551     7.39999992e-07    1.45125000e+00    0.00000000e+00    0.00000000e+00    0.00000000e+00    0.00000000e+00    0.00000000e+00    0.00000000e+00
2552     7.39999994e-07    1.09125000e+00    0.00000000e+00    0.00000000e+00    0.00000000e+00    0.00000000e+00    0.00000000e+00    0.00000000e+00
2553     7.39999998e-07    3.71250004e-01    0.00000000e+00    0.00000000e+00    0.00000000e+00    0.00000000e+00    0.00000000e+00    0.00000000e+00
2554     7.40000000e-07    0.00000000e+00    0.00000000e+00    0.00000000e+00    0.00000000e+00    0.00000000e+00    0.00000000e+00    0.00000000e+00
2555     7.40000001e-07    0.00000000e+00    0.00000000e+00    0.00000000e+00    0.00000000e+00    0.00000000e+00    0.00000000e+00    0.00000000e+00
2556     7.40000002e-07    0.00000000e+00    0.00000000e+00    0.00000000e+00    0.00000000e+00    0.00000000e+00    0.00000000e+00    0.00000000e+00
2557     7.40000006e-07    0.00000000e+00    0.00000000e+00    0.00000000e+00    0.00000000e+00    0.00000000e+00    0.00000000e+00    0.00000000e+00
2558     7.40000012e-07    0.00000000e+00    0.00000000e+00    0.00000000e+00    0.00000000e+00    0.00000000e+00    0.00000000e+00    0.00000000e+00
2559     7.40000025e-07    0.00000000e+00    0.00000000e+00    0.00000000e+00    0.00000000e+00    0.00000000e+00    0.00000000e+00    0.00000000e+00
2560     7.40000050e-07    0.00000000e+00    0.00000000e+00    0.00000000e+00    0.00000000e+00    0.00000000e+00    0.00000000e+00    0.00000000e+00
2561     7.40000102e-07    0.00000000e+00    0.00000000e+00    0.00000000e+00    0.00000000e+00    0.00000000e+00    0.00000000e+00    0.00000000e+00
2562     7.40000204e-07    0.00000000e+00    0.00000000e+00    0.00000000e+00    0.00000000e+00    0.00000000e+00    0.00000000e+00    0.00000000e+00
2563     7.40000409e-07    0.00000000e+00    0.00000000e+00    0.00000000e+00    0.00000000e+00    0.00000000e+00    0.00000000e+00    0.00000000e+00
2564     7.40000818e-07    0.00000000e+00    0.00000000e+00    0.00000000e+00    0.00000000e+00    0.00000000e+00    0.00000000e+00    0.00000000e+00
2565     7.40001638e-07    0.00000000e+00    0.00000000e+00    0.00000000e+00    0.00000000e+00    0.00000000e+00    0.00000000e+00    0.00000000e+00
2566     7.40003276e-07    0.00000000e+00    0.00000000e+00    0.00000000e+00    0.00000000e+00    0.00000000e+00    0.00000000e+00    0.00000000e+00
2567     7.40006553e-07    0.00000000e+00    0.00000000e+00    0.00000000e+00    0.00000000e+00    0.00000000e+00    0.00000000e+00    0.00000000e+00
2568     7.40013106e-07    0.00000000e+00    0.00000000e+00    0.00000000e+00    0.00000000e+00    0.00000000e+00    0.00000000e+00    0.00000000e+00
2569     7.40026214e-07    0.00000000e+00    0.00000000e+00    0.00000000e+00    0.00000000e+00    0.00000000e+00    0.00000000e+00    0.00000000e+00
2570     7.40052428e-07    0.00000000e+00    0.00000000e+00    0.00000000e+00    0.00000000e+00    0.00000000e+00    0.00000000e+00    0.00000000e+00
2571     7.40104857e-07    0.00000000e+00    0.00000000e+00    0.00000000e+00    0.00000000e+00    0.00000000e+00    0.00000000e+00    0.00000000e+00
2572     7.40209714e-07    0.00000000e+00    0.00000000e+00    0.00000000e+00    0.00000000e+00    0.00000000e+00    0.00000000e+00    0.00000000e+00
2573     7.40419430e-07    0.00000000e+00    0.00000000e+00    0.00000000e+00    0.00000000e+00    0.00000000e+00    0.00000000e+00    0.00000000e+00
2574     7.40838860e-07    0.00000000e+00    0.00000000e+00    0.00000000e+00    0.00000000e+00    0.00000000e+00    0.00000000e+00    0.00000000e+00
2575     7.41677721e-07    0.00000000e+00    0.00000000e+00    0.00000000e+00    0.00000000e+00    0.00000000e+00    0.00000000e+00    0.00000000e+00
2576     7.43355442e-07    0.00000000e+00    0.00000000e+00    0.00000000e+00    0.00000000e+00    0.00000000e+00    0.00000000e+00    0.00000000e+00
2577     7.46710886e-07    0.00000000e+00    0.00000000e+00    0.00000000e+00    0.00000000e+00    0.00000000e+00    0.00000000e+00    0.00000000e+00
2578     7.49999990e-07    0.00000000e+00    0.00000000e+00    0.00000000e+00    0.00000000e+00    0.00000000e+00    0.00000000e+00    0.00000000e+00
2579     7.49999990e-07    7.03115694e-04    0.00000000e+00    0.00000000e+00    0.00000000e+00    0.00000000e+00    0.00000000e+00    0.00000000e+00
2580     7.49999990e-07    1.28450640e-03    0.00000000e+00    0.00000000e+00    0.00000000e+00    0.00000000e+00    0.00000000e+00    0.00000000e+00
2581     7.49999990e-07    2.44730687e-03    0.00000000e+00    0.00000000e+00    0.00000000e+00    0.00000000e+00    0.00000000e+00    0.00000000e+00
2582     7.49999990e-07    4.77288876e-03    0.00000000e+00    0.00000000e+00    0.00000000e+00    0.00000000e+00    0.00000000e+00    0.00000000e+00
2583     7.49999990e-07    9.42407160e-03    0.00000000e+00    0.00000000e+00    0.00000000e+00    0.00000000e+00    0.00000000e+00    0.00000000e+00
2584     7.49999990e-07    1.87264373e-02    0.00000000e+00    0.00000000e+00    0.00000000e+00    0.00000000e+00    0.00000000e+00    0.00000000e+00
2585     7.49999990e-07    3.73311495e-02    0.00000000e+00    0.00000000e+00    0.00000000e+00    0.00000000e+00    0.00000000e+00    0.00000000e+00
2586     7.49999990e-07    7.45405741e-02    0.00000000e+00    0.00000000e+00    0.00000000e+00    0.00000000e+00    0.00000000e+00    0.00000000e+00
2587     7.49999991e-07    1.48959423e-01    0.00000000e+00    0.00000000e+00    0.00000000e+00    0.00000000e+00    0.00000000e+00    0.00000000e+00
2588     7.49999992e-07    2.97797140e-01    0.00000000e+00    0.00000000e+00    0.00000000e+00    0.00000000e+00    0.00000000e+00    0.00000000e+00
2589     7.49999993e-07    5.95472556e-01    0.00000000e+00    0.00000000e+00    0.00000000e+00    0.00000000e+00    0.00000000e+00    0.00000000e+00
2590     7.49999997e-07    1.19082341e+00    0.00000000e+00    0.00000000e+00    0.00000000e+00    0.00000000e+00    0.00000000e+00    0.00000000e+00
2591     7.50000000e-07    1.80000000e+00    0.00000000e+00    0.00000000e+00    0.00000000e+00    0.00000000e+00    0.00000000e+00    0.00000000e+00
2592     7.50000001e-07    1.80000000e+00    0.00000000e+00    0.00000000e+00    0.00000000e+00    0.00000000e+00    0.00000000e+00    0.00000000e+00
2593     7.50000002e-07    1.80000000e+00    0.00000000e+00    0.00000000e+00    0.00000000e+00    0.00000000e+00    0.00000000e+00    0.00000000e+00
2594     7.50000005e-07    1.80000000e+00    0.00000000e+00    0.00000000e+00    0.00000000e+00    0.00000000e+00    0.00000000e+00    0.00000000e+00
2595     7.50000010e-07    1.80000000e+00    0.00000000e+00    0.00000000e+00    0.00000000e+00    0.00000000e+00    0.00000000e+00    0.00000000e+00
2596     7.50000021e-07    1.80000000e+00    0.00000000e+00    0.00000000e+00    0.00000000e+00    0.00000000e+00    0.00000000e+00    0.00000000e+00
2597     7.50000042e-07    1.80000000e+00    0.00000000e+00    0.00000000e+00    0.00000000e+00    0.00000000e+00    0.00000000e+00    0.00000000e+00
2598     7.50000084e-07    1.80000000e+00    0.00000000e+00    0.00000000e+00    0.00000000e+00    0.00000000e+00    0.00000000e+00    0.00000000e+00
2599     7.50000169e-07    1.80000000e+00    0.00000000e+00    0.00000000e+00    0.00000000e+00    0.00000000e+00    0.00000000e+00    0.00000000e+00
2600     7.50000338e-07    1.80000000e+00    0.00000000e+00    0.00000000e+00    0.00000000e+00    0.00000000e+00    0.00000000e+00    0.00000000e+00
2601     7.50000677e-07    1.80000000e+00    0.00000000e+00    0.00000000e+00    0.00000000e+00    0.00000000e+00    0.00000000e+00    0.00000000e+00
2602     7.50001354e-07    1.80000000e+00    0.00000000e+00    0.00000000e+00    0.00000000e+00    0.00000000e+00    0.00000000e+00    0.00000000e+00
2603     7.50002709e-07    1.80000000e+00    0.00000000e+00    0.00000000e+00    0.00000000e+00    0.00000000e+00    0.00000000e+00    0.00000000e+00
2604     7.50005418e-07    1.80000000e+00    0.00000000e+00    0.00000000e+00    0.00000000e+00    0.00000000e+00    0.00000000e+00    0.00000000e+00
2605     7.50010837e-07    1.80000000e+00    0.00000000e+00    0.00000000e+00    0.00000000e+00    0.00000000e+00    0.00000000e+00    0.00000000e+00
2606     7.50021675e-07    1.80000000e+00    0.00000000e+00    0.00000000e+00    0.00000000e+00    0.00000000e+00    0.00000000e+00    0.00000000e+00
2607     7.50043351e-07    1.80000000e+00    0.00000000e+00    0.00000000e+00    0.00000000e+00    0.00000000e+00    0.00000000e+00    0.00000000e+00
2608     7.50086704e-07    1.80000000e+00    0.00000000e+00    0.00000000e+00    0.00000000e+00    0.00000000e+00    0.00000000e+00    0.00000000e+00
2609     7.50173408e-07    1.80000000e+00    0.00000000e+00    0.00000000e+00    0.00000000e+00    0.00000000e+00    0.00000000e+00    0.00000000e+00
2610     7.50346816e-07    1.80000000e+00    0.00000000e+00    0.00000000e+00    0.00000000e+00    0.00000000e+00    0.00000000e+00    0.00000000e+00
2611     7.50693633e-07    1.80000000e+00    0.00000000e+00    0.00000000e+00    0.00000000e+00    0.00000000e+00    0.00000000e+00    0.00000000e+00
2612     7.51387267e-07    1.80000000e+00    0.00000000e+00    0.00000000e+00    0.00000000e+00    0.00000000e+00    0.00000000e+00    0.00000000e+00
2613     7.52774535e-07    1.80000000e+00    0.00000000e+00    0.00000000e+00    0.00000000e+00    0.00000000e+00    0.00000000e+00    0.00000000e+00
2614     7.55549071e-07    1.80000000e+00    0.00000000e+00    0.00000000e+00    0.00000000e+00    0.00000000e+00    0.00000000e+00    0.00000000e+00
2615     7.59999990e-07    1.80000000e+00    0.00000000e+00    0.00000000e+00    0.00000000e+00    0.00000000e+00    0.00000000e+00    0.00000000e+00
2616     7.59999990e-07    1.78875000e+00    0.00000000e+00    0.00000000e+00    0.00000000e+00    0.00000000e+00    0.00000000e+00    0.00000000e+00
2617     7.59999990e-07    1.76624999e+00    0.00000000e+00    0.00000000e+00    0.00000000e+00    0.00000000e+00    0.00000000e+00    0.00000000e+00
2618     7.59999990e-07    1.72124999e+00    0.00000000e+00    0.00000000e+00    0.00000000e+00    0.00000000e+00    0.00000000e+00    0.00000000e+00
2619     7.59999991e-07    1.63125000e+00    0.00000000e+00    0.00000000e+00    0.00000000e+00    0.00000000e+00    0.00000000e+00    0.00000000e+00
2620     7.59999992e-07    1.45125000e+00    0.00000000e+00    0.00000000e+00    0.00000000e+00    0.00000000e+00    0.00000000e+00    0.00000000e+00
2621     7.59999994e-07    1.09125000e+00    0.00000000e+00    0.00000000e+00    0.00000000e+00    0.00000000e+00    0.00000000e+00    0.00000000e+00
2622     7.59999998e-07    3.71250004e-01    0.00000000e+00    0.00000000e+00    0.00000000e+00    0.00000000e+00    0.00000000e+00    0.00000000e+00
2623     7.60000000e-07    0.00000000e+00    0.00000000e+00    0.00000000e+00    0.00000000e+00    0.00000000e+00    0.00000000e+00    0.00000000e+00
2624     7.60000001e-07    0.00000000e+00    0.00000000e+00    0.00000000e+00    0.00000000e+00    0.00000000e+00    0.00000000e+00    0.00000000e+00
2625     7.60000002e-07    0.00000000e+00    0.00000000e+00    0.00000000e+00    0.00000000e+00    0.00000000e+00    0.00000000e+00    0.00000000e+00
2626     7.60000006e-07    0.00000000e+00    0.00000000e+00    0.00000000e+00    0.00000000e+00    0.00000000e+00    0.00000000e+00    0.00000000e+00
2627     7.60000012e-07    0.00000000e+00    0.00000000e+00    0.00000000e+00    0.00000000e+00    0.00000000e+00    0.00000000e+00    0.00000000e+00
2628     7.60000025e-07    0.00000000e+00    0.00000000e+00    0.00000000e+00    0.00000000e+00    0.00000000e+00    0.00000000e+00    0.00000000e+00
2629     7.60000050e-07    0.00000000e+00    0.00000000e+00    0.00000000e+00    0.00000000e+00    0.00000000e+00    0.00000000e+00    0.00000000e+00
2630     7.60000102e-07    0.00000000e+00    0.00000000e+00    0.00000000e+00    0.00000000e+00    0.00000000e+00    0.00000000e+00    0.00000000e+00
2631     7.60000204e-07    0.00000000e+00    0.00000000e+00    0.00000000e+00    0.00000000e+00    0.00000000e+00    0.00000000e+00    0.00000000e+00
2632     7.60000409e-07    0.00000000e+00    0.00000000e+00    0.00000000e+00    0.00000000e+00    0.00000000e+00    0.00000000e+00    0.00000000e+00
2633     7.60000818e-07    0.00000000e+00    0.00000000e+00    0.00000000e+00    0.00000000e+00    0.00000000e+00    0.00000000e+00    0.00000000e+00
2634     7.60001638e-07    0.00000000e+00    0.00000000e+00    0.00000000e+00    0.00000000e+00    0.00000000e+00    0.00000000e+00    0.00000000e+00
2635     7.60003276e-07    0.00000000e+00    0.00000000e+00    0.00000000e+00    0.00000000e+00    0.00000000e+00    0.00000000e+00    0.00000000e+00
2636     7.60006553e-07    0.00000000e+00    0.00000000e+00    0.00000000e+00    0.00000000e+00    0.00000000e+00    0.00000000e+00    0.00000000e+00
2637     7.60013106e-07    0.00000000e+00    0.00000000e+00    0.00000000e+00    0.00000000e+00    0.00000000e+00    0.00000000e+00    0.00000000e+00
2638     7.60026214e-07    0.00000000e+00    0.00000000e+00    0.00000000e+00    0.00000000e+00    0.00000000e+00    0.00000000e+00    0.00000000e+00
2639     7.60052428e-07    0.00000000e+00    0.00000000e+00    0.00000000e+00    0.00000000e+00    0.00000000e+00    0.00000000e+00    0.00000000e+00
2640     7.60104857e-07    0.00000000e+00    0.00000000e+00    0.00000000e+00    0.00000000e+00    0.00000000e+00    0.00000000e+00    0.00000000e+00
2641     7.60209714e-07    0.00000000e+00    0.00000000e+00    0.00000000e+00    0.00000000e+00    0.00000000e+00    0.00000000e+00    0.00000000e+00
2642     7.60419430e-07    0.00000000e+00    0.00000000e+00    0.00000000e+00    0.00000000e+00    0.00000000e+00    0.00000000e+00    0.00000000e+00
2643     7.60838860e-07    0.00000000e+00    0.00000000e+00    0.00000000e+00    0.00000000e+00    0.00000000e+00    0.00000000e+00    0.00000000e+00
2644     7.61677721e-07    0.00000000e+00    0.00000000e+00    0.00000000e+00    0.00000000e+00    0.00000000e+00    0.00000000e+00    0.00000000e+00
2645     7.63355442e-07    0.00000000e+00    0.00000000e+00    0.00000000e+00    0.00000000e+00    0.00000000e+00    0.00000000e+00    0.00000000e+00
2646     7.66710886e-07    0.00000000e+00    0.00000000e+00    0.00000000e+00    0.00000000e+00    0.00000000e+00    0.00000000e+00    0.00000000e+00
2647     7.69999990e-07    0.00000000e+00    0.00000000e+00    0.00000000e+00    0.00000000e+00    0.00000000e+00    0.00000000e+00    0.00000000e+00
2648     7.69999990e-07    7.03115694e-04    0.00000000e+00    0.00000000e+00    0.00000000e+00    0.00000000e+00    0.00000000e+00    0.00000000e+00
2649     7.69999990e-07    1.28450640e-03    0.00000000e+00    0.00000000e+00    0.00000000e+00    0.00000000e+00    0.00000000e+00    0.00000000e+00
2650     7.69999990e-07    2.44730687e-03    0.00000000e+00    0.00000000e+00    0.00000000e+00    0.00000000e+00    0.00000000e+00    0.00000000e+00
2651     7.69999990e-07    4.77288876e-03    0.00000000e+00    0.00000000e+00    0.00000000e+00    0.00000000e+00    0.00000000e+00    0.00000000e+00
2652     7.69999990e-07    9.42407160e-03    0.00000000e+00    0.00000000e+00    0.00000000e+00    0.00000000e+00    0.00000000e+00    0.00000000e+00
2653     7.69999990e-07    1.87264373e-02    0.00000000e+00    0.00000000e+00    0.00000000e+00    0.00000000e+00    0.00000000e+00    0.00000000e+00
2654     7.69999990e-07    3.73311495e-02    0.00000000e+00    0.00000000e+00    0.00000000e+00    0.00000000e+00    0.00000000e+00    0.00000000e+00
2655     7.69999990e-07    7.45405741e-02    0.00000000e+00    0.00000000e+00    0.00000000e+00    0.00000000e+00    0.00000000e+00    0.00000000e+00
2656     7.69999991e-07    1.48959423e-01    0.00000000e+00    0.00000000e+00    0.00000000e+00    0.00000000e+00    0.00000000e+00    0.00000000e+00
2657     7.69999992e-07    2.97797140e-01    0.00000000e+00    0.00000000e+00    0.00000000e+00    0.00000000e+00    0.00000000e+00    0.00000000e+00
2658     7.69999993e-07    5.95472556e-01    0.00000000e+00    0.00000000e+00    0.00000000e+00    0.00000000e+00    0.00000000e+00    0.00000000e+00
2659     7.69999997e-07    1.19082341e+00    0.00000000e+00    0.00000000e+00    0.00000000e+00    0.00000000e+00    0.00000000e+00    0.00000000e+00
2660     7.70000000e-07    1.80000000e+00    0.00000000e+00    0.00000000e+00    0.00000000e+00    0.00000000e+00    0.00000000e+00    0.00000000e+00
2661     7.70000001e-07    1.80000000e+00    0.00000000e+00    0.00000000e+00    0.00000000e+00    0.00000000e+00    0.00000000e+00    0.00000000e+00
2662     7.70000002e-07    1.80000000e+00    0.00000000e+00    0.00000000e+00    0.00000000e+00    0.00000000e+00    0.00000000e+00    0.00000000e+00
2663     7.70000005e-07    1.80000000e+00    0.00000000e+00    0.00000000e+00    0.00000000e+00    0.00000000e+00    0.00000000e+00    0.00000000e+00
2664     7.70000010e-07    1.80000000e+00    0.00000000e+00    0.00000000e+00    0.00000000e+00    0.00000000e+00    0.00000000e+00    0.00000000e+00
2665     7.70000021e-07    1.80000000e+00    0.00000000e+00    0.00000000e+00    0.00000000e+00    0.00000000e+00    0.00000000e+00    0.00000000e+00
2666     7.70000042e-07    1.80000000e+00    0.00000000e+00    0.00000000e+00    0.00000000e+00    0.00000000e+00    0.00000000e+00    0.00000000e+00
2667     7.70000084e-07    1.80000000e+00    0.00000000e+00    0.00000000e+00    0.00000000e+00    0.00000000e+00    0.00000000e+00    0.00000000e+00
2668     7.70000169e-07    1.80000000e+00    0.00000000e+00    0.00000000e+00    0.00000000e+00    0.00000000e+00    0.00000000e+00    0.00000000e+00
2669     7.70000338e-07    1.80000000e+00    0.00000000e+00    0.00000000e+00    0.00000000e+00    0.00000000e+00    0.00000000e+00    0.00000000e+00
2670     7.70000677e-07    1.80000000e+00    0.00000000e+00    0.00000000e+00    0.00000000e+00    0.00000000e+00    0.00000000e+00    0.00000000e+00
2671     7.70001354e-07    1.80000000e+00    0.00000000e+00    0.00000000e+00    0.00000000e+00    0.00000000e+00    0.00000000e+00    0.00000000e+00
2672     7.70002709e-07    1.80000000e+00    0.00000000e+00    0.00000000e+00    0.00000000e+00    0.00000000e+00    0.00000000e+00    0.00000000e+00
2673     7.70005418e-07    1.80000000e+00    0.00000000e+00    0.00000000e+00    0.00000000e+00    0.00000000e+00    0.00000000e+00    0.00000000e+00
2674     7.70010837e-07    1.80000000e+00    0.00000000e+00    0.00000000e+00    0.00000000e+00    0.00000000e+00    0.00000000e+00    0.00000000e+00
2675     7.70021675e-07    1.80000000e+00    0.00000000e+00    0.00000000e+00    0.00000000e+00    0.00000000e+00    0.00000000e+00    0.00000000e+00
2676     7.70043351e-07    1.80000000e+00    0.00000000e+00    0.00000000e+00    0.00000000e+00    0.00000000e+00    0.00000000e+00    0.00000000e+00
2677     7.70086704e-07    1.80000000e+00    0.00000000e+00    0.00000000e+00    0.00000000e+00    0.00000000e+00    0.00000000e+00    0.00000000e+00
2678     7.70173408e-07    1.80000000e+00    0.00000000e+00    0.00000000e+00    0.00000000e+00    0.00000000e+00    0.00000000e+00    0.00000000e+00
2679     7.70346816e-07    1.80000000e+00    0.00000000e+00    0.00000000e+00    0.00000000e+00    0.00000000e+00    0.00000000e+00    0.00000000e+00
2680     7.70693633e-07    1.80000000e+00    0.00000000e+00    0.00000000e+00    0.00000000e+00    0.00000000e+00    0.00000000e+00    0.00000000e+00
2681     7.71387267e-07    1.80000000e+00    0.00000000e+00    0.00000000e+00    0.00000000e+00    0.00000000e+00    0.00000000e+00    0.00000000e+00
2682     7.72774535e-07    1.80000000e+00    0.00000000e+00    0.00000000e+00    0.00000000e+00    0.00000000e+00    0.00000000e+00    0.00000000e+00
2683     7.75549071e-07    1.80000000e+00    0.00000000e+00    0.00000000e+00    0.00000000e+00    0.00000000e+00    0.00000000e+00    0.00000000e+00
2684     7.79999990e-07    1.80000000e+00    0.00000000e+00    0.00000000e+00    0.00000000e+00    0.00000000e+00    0.00000000e+00    0.00000000e+00
2685     7.79999990e-07    1.78875000e+00    0.00000000e+00    0.00000000e+00    0.00000000e+00    0.00000000e+00    0.00000000e+00    0.00000000e+00
2686     7.79999990e-07    1.76624999e+00    0.00000000e+00    0.00000000e+00    0.00000000e+00    0.00000000e+00    0.00000000e+00    0.00000000e+00
2687     7.79999990e-07    1.72124999e+00    0.00000000e+00    0.00000000e+00    0.00000000e+00    0.00000000e+00    0.00000000e+00    0.00000000e+00
2688     7.79999991e-07    1.63124998e+00    0.00000000e+00    0.00000000e+00    0.00000000e+00    0.00000000e+00    0.00000000e+00    0.00000000e+00
2689     7.79999992e-07    1.45124998e+00    0.00000000e+00    0.00000000e+00    0.00000000e+00    0.00000000e+00    0.00000000e+00    0.00000000e+00
2690     7.79999994e-07    1.09124998e+00    0.00000000e+00    0.00000000e+00    0.00000000e+00    0.00000000e+00    0.00000000e+00    0.00000000e+00
2691     7.79999998e-07    3.71249985e-01    0.00000000e+00    0.00000000e+00    0.00000000e+00    0.00000000e+00    0.00000000e+00    0.00000000e+00
2692     7.80000000e-07    0.00000000e+00    0.00000000e+00    0.00000000e+00    0.00000000e+00    0.00000000e+00    0.00000000e+00    0.00000000e+00
2693     7.80000001e-07    0.00000000e+00    0.00000000e+00    0.00000000e+00    0.00000000e+00    0.00000000e+00    0.00000000e+00    0.00000000e+00
2694     7.80000002e-07    0.00000000e+00    0.00000000e+00    0.00000000e+00    0.00000000e+00    0.00000000e+00    0.00000000e+00    0.00000000e+00
2695     7.80000006e-07    0.00000000e+00    0.00000000e+00    0.00000000e+00    0.00000000e+00    0.00000000e+00    0.00000000e+00    0.00000000e+00
2696     7.80000012e-07    0.00000000e+00    0.00000000e+00    0.00000000e+00    0.00000000e+00    0.00000000e+00    0.00000000e+00    0.00000000e+00
2697     7.80000025e-07    0.00000000e+00    0.00000000e+00    0.00000000e+00    0.00000000e+00    0.00000000e+00    0.00000000e+00    0.00000000e+00
2698     7.80000050e-07    0.00000000e+00    0.00000000e+00    0.00000000e+00    0.00000000e+00    0.00000000e+00    0.00000000e+00    0.00000000e+00
2699     7.80000102e-07    0.00000000e+00    0.00000000e+00    0.00000000e+00    0.00000000e+00    0.00000000e+00    0.00000000e+00    0.00000000e+00
2700     7.80000204e-07    0.00000000e+00    0.00000000e+00    0.00000000e+00    0.00000000e+00    0.00000000e+00    0.00000000e+00    0.00000000e+00
2701     7.80000409e-07    0.00000000e+00    0.00000000e+00    0.00000000e+00    0.00000000e+00    0.00000000e+00    0.00000000e+00    0.00000000e+00
2702     7.80000818e-07    0.00000000e+00    0.00000000e+00    0.00000000e+00    0.00000000e+00    0.00000000e+00    0.00000000e+00    0.00000000e+00
2703     7.80001638e-07    0.00000000e+00    0.00000000e+00    0.00000000e+00    0.00000000e+00    0.00000000e+00    0.00000000e+00    0.00000000e+00
2704     7.80003276e-07    0.00000000e+00    0.00000000e+00    0.00000000e+00    0.00000000e+00    0.00000000e+00    0.00000000e+00    0.00000000e+00
2705     7.80006553e-07    0.00000000e+00    0.00000000e+00    0.00000000e+00    0.00000000e+00    0.00000000e+00    0.00000000e+00    0.00000000e+00
2706     7.80013106e-07    0.00000000e+00    0.00000000e+00    0.00000000e+00    0.00000000e+00    0.00000000e+00    0.00000000e+00    0.00000000e+00
2707     7.80026214e-07    0.00000000e+00    0.00000000e+00    0.00000000e+00    0.00000000e+00    0.00000000e+00    0.00000000e+00    0.00000000e+00
2708     7.80052428e-07    0.00000000e+00    0.00000000e+00    0.00000000e+00    0.00000000e+00    0.00000000e+00    0.00000000e+00    0.00000000e+00
2709     7.80104857e-07    0.00000000e+00    0.00000000e+00    0.00000000e+00    0.00000000e+00    0.00000000e+00    0.00000000e+00    0.00000000e+00
2710     7.80209714e-07    0.00000000e+00    0.00000000e+00    0.00000000e+00    0.00000000e+00    0.00000000e+00    0.00000000e+00    0.00000000e+00
2711     7.80419430e-07    0.00000000e+00    0.00000000e+00    0.00000000e+00    0.00000000e+00    0.00000000e+00    0.00000000e+00    0.00000000e+00
2712     7.80838860e-07    0.00000000e+00    0.00000000e+00    0.00000000e+00    0.00000000e+00    0.00000000e+00    0.00000000e+00    0.00000000e+00
2713     7.81677721e-07    0.00000000e+00    0.00000000e+00    0.00000000e+00    0.00000000e+00    0.00000000e+00    0.00000000e+00    0.00000000e+00
2714     7.83355442e-07    0.00000000e+00    0.00000000e+00    0.00000000e+00    0.00000000e+00    0.00000000e+00    0.00000000e+00    0.00000000e+00
2715     7.86710886e-07    0.00000000e+00    0.00000000e+00    0.00000000e+00    0.00000000e+00    0.00000000e+00    0.00000000e+00    0.00000000e+00
2716     7.89999990e-07    0.00000000e+00    0.00000000e+00    0.00000000e+00    0.00000000e+00    0.00000000e+00    0.00000000e+00    0.00000000e+00
2717     7.89999990e-07    7.03115694e-04    0.00000000e+00    0.00000000e+00    0.00000000e+00    0.00000000e+00    0.00000000e+00    0.00000000e+00
2718     7.89999990e-07    1.28450640e-03    0.00000000e+00    0.00000000e+00    0.00000000e+00    0.00000000e+00    0.00000000e+00    0.00000000e+00
2719     7.89999990e-07    2.44730687e-03    0.00000000e+00    0.00000000e+00    0.00000000e+00    0.00000000e+00    0.00000000e+00    0.00000000e+00
2720     7.89999990e-07    4.77288876e-03    0.00000000e+00    0.00000000e+00    0.00000000e+00    0.00000000e+00    0.00000000e+00    0.00000000e+00
2721     7.89999990e-07    9.42407160e-03    0.00000000e+00    0.00000000e+00    0.00000000e+00    0.00000000e+00    0.00000000e+00    0.00000000e+00
2722     7.89999990e-07    1.87264373e-02    0.00000000e+00    0.00000000e+00    0.00000000e+00    0.00000000e+00    0.00000000e+00    0.00000000e+00
2723     7.89999990e-07    3.73311495e-02    0.00000000e+00    0.00000000e+00    0.00000000e+00    0.00000000e+00    0.00000000e+00    0.00000000e+00
2724     7.89999990e-07    7.45405741e-02    0.00000000e+00    0.00000000e+00    0.00000000e+00    0.00000000e+00    0.00000000e+00    0.00000000e+00
2725     7.89999991e-07    1.48959423e-01    0.00000000e+00    0.00000000e+00    0.00000000e+00    0.00000000e+00    0.00000000e+00    0.00000000e+00
2726     7.89999992e-07    2.97797140e-01    0.00000000e+00    0.00000000e+00    0.00000000e+00    0.00000000e+00    0.00000000e+00    0.00000000e+00
2727     7.89999993e-07    5.95472556e-01    0.00000000e+00    0.00000000e+00    0.00000000e+00    0.00000000e+00    0.00000000e+00    0.00000000e+00
2728     7.89999997e-07    1.19082341e+00    0.00000000e+00    0.00000000e+00    0.00000000e+00    0.00000000e+00    0.00000000e+00    0.00000000e+00
2729     7.90000000e-07    1.80000000e+00    0.00000000e+00    0.00000000e+00    0.00000000e+00    0.00000000e+00    0.00000000e+00    0.00000000e+00
2730     7.90000001e-07    1.80000000e+00    0.00000000e+00    0.00000000e+00    0.00000000e+00    0.00000000e+00    0.00000000e+00    0.00000000e+00
2731     7.90000002e-07    1.80000000e+00    0.00000000e+00    0.00000000e+00    0.00000000e+00    0.00000000e+00    0.00000000e+00    0.00000000e+00
2732     7.90000005e-07    1.80000000e+00    0.00000000e+00    0.00000000e+00    0.00000000e+00    0.00000000e+00    0.00000000e+00    0.00000000e+00
2733     7.90000010e-07    1.80000000e+00    0.00000000e+00    0.00000000e+00    0.00000000e+00    0.00000000e+00    0.00000000e+00    0.00000000e+00
2734     7.90000021e-07    1.80000000e+00    0.00000000e+00    0.00000000e+00    0.00000000e+00    0.00000000e+00    0.00000000e+00    0.00000000e+00
2735     7.90000042e-07    1.80000000e+00    0.00000000e+00    0.00000000e+00    0.00000000e+00    0.00000000e+00    0.00000000e+00    0.00000000e+00
2736     7.90000084e-07    1.80000000e+00    0.00000000e+00    0.00000000e+00    0.00000000e+00    0.00000000e+00    0.00000000e+00    0.00000000e+00
2737     7.90000169e-07    1.80000000e+00    0.00000000e+00    0.00000000e+00    0.00000000e+00    0.00000000e+00    0.00000000e+00    0.00000000e+00
2738     7.90000338e-07    1.80000000e+00    0.00000000e+00    0.00000000e+00    0.00000000e+00    0.00000000e+00    0.00000000e+00    0.00000000e+00
2739     7.90000677e-07    1.80000000e+00    0.00000000e+00    0.00000000e+00    0.00000000e+00    0.00000000e+00    0.00000000e+00    0.00000000e+00
2740     7.90001354e-07    1.80000000e+00    0.00000000e+00    0.00000000e+00    0.00000000e+00    0.00000000e+00    0.00000000e+00    0.00000000e+00
2741     7.90002709e-07    1.80000000e+00    0.00000000e+00    0.00000000e+00    0.00000000e+00    0.00000000e+00    0.00000000e+00    0.00000000e+00
2742     7.90005418e-07    1.80000000e+00    0.00000000e+00    0.00000000e+00    0.00000000e+00    0.00000000e+00    0.00000000e+00    0.00000000e+00
2743     7.90010837e-07    1.80000000e+00    0.00000000e+00    0.00000000e+00    0.00000000e+00    0.00000000e+00    0.00000000e+00    0.00000000e+00
2744     7.90021675e-07    1.80000000e+00    0.00000000e+00    0.00000000e+00    0.00000000e+00    0.00000000e+00    0.00000000e+00    0.00000000e+00
2745     7.90043351e-07    1.80000000e+00    0.00000000e+00    0.00000000e+00    0.00000000e+00    0.00000000e+00    0.00000000e+00    0.00000000e+00
2746     7.90086704e-07    1.80000000e+00    0.00000000e+00    0.00000000e+00    0.00000000e+00    0.00000000e+00    0.00000000e+00    0.00000000e+00
2747     7.90173408e-07    1.80000000e+00    0.00000000e+00    0.00000000e+00    0.00000000e+00    0.00000000e+00    0.00000000e+00    0.00000000e+00
2748     7.90346816e-07    1.80000000e+00    0.00000000e+00    0.00000000e+00    0.00000000e+00    0.00000000e+00    0.00000000e+00    0.00000000e+00
2749     7.90693633e-07    1.80000000e+00    0.00000000e+00    0.00000000e+00    0.00000000e+00    0.00000000e+00    0.00000000e+00    0.00000000e+00
2750     7.91387267e-07    1.80000000e+00    0.00000000e+00    0.00000000e+00    0.00000000e+00    0.00000000e+00    0.00000000e+00    0.00000000e+00
2751     7.92774535e-07    1.80000000e+00    0.00000000e+00    0.00000000e+00    0.00000000e+00    0.00000000e+00    0.00000000e+00    0.00000000e+00
2752     7.95549071e-07    1.80000000e+00    0.00000000e+00    0.00000000e+00    0.00000000e+00    0.00000000e+00    0.00000000e+00    0.00000000e+00
2753     7.99999990e-07    1.80000000e+00    0.00000000e+00    0.00000000e+00    0.00000000e+00    0.00000000e+00    0.00000000e+00    0.00000000e+00
2754     7.99999990e-07    1.78875000e+00    0.00000000e+00    0.00000000e+00    0.00000000e+00    0.00000000e+00    0.00000000e+00    0.00000000e+00
2755     7.99999990e-07    1.76624999e+00    0.00000000e+00    0.00000000e+00    0.00000000e+00    0.00000000e+00    0.00000000e+00    0.00000000e+00
2756     7.99999990e-07    1.72124999e+00    0.00000000e+00    0.00000000e+00    0.00000000e+00    0.00000000e+00    0.00000000e+00    0.00000000e+00
2757     7.99999991e-07    1.63124998e+00    0.00000000e+00    0.00000000e+00    0.00000000e+00    0.00000000e+00    0.00000000e+00    0.00000000e+00
2758     7.99999992e-07    1.45124998e+00    0.00000000e+00    0.00000000e+00    0.00000000e+00    0.00000000e+00    0.00000000e+00    0.00000000e+00
2759     7.99999994e-07    1.09124998e+00    0.00000000e+00    0.00000000e+00    0.00000000e+00    0.00000000e+00    0.00000000e+00    0.00000000e+00
2760     7.99999998e-07    3.71249985e-01    0.00000000e+00    0.00000000e+00    0.00000000e+00    0.00000000e+00    0.00000000e+00    0.00000000e+00
2761     8.00000000e-07    0.00000000e+00    0.00000000e+00    0.00000000e+00    0.00000000e+00    0.00000000e+00    0.00000000e+00    0.00000000e+00
2762     8.00000001e-07    0.00000000e+00    0.00000000e+00    0.00000000e+00    0.00000000e+00    0.00000000e+00    0.00000000e+00    0.00000000e+00
2763     8.00000002e-07    0.00000000e+00    0.00000000e+00    0.00000000e+00    0.00000000e+00    0.00000000e+00    0.00000000e+00    0.00000000e+00
2764     8.00000006e-07    0.00000000e+00    0.00000000e+00    0.00000000e+00    0.00000000e+00    0.00000000e+00    0.00000000e+00    0.00000000e+00
2765     8.00000012e-07    0.00000000e+00    0.00000000e+00    0.00000000e+00    0.00000000e+00    0.00000000e+00    0.00000000e+00    0.00000000e+00
2766     8.00000025e-07    0.00000000e+00    0.00000000e+00    0.00000000e+00    0.00000000e+00    0.00000000e+00    0.00000000e+00    0.00000000e+00
2767     8.00000050e-07    0.00000000e+00    0.00000000e+00    0.00000000e+00    0.00000000e+00    0.00000000e+00    0.00000000e+00    0.00000000e+00
2768     8.00000102e-07    0.00000000e+00    0.00000000e+00    0.00000000e+00    0.00000000e+00    0.00000000e+00    0.00000000e+00    0.00000000e+00
2769     8.00000204e-07    0.00000000e+00    0.00000000e+00    0.00000000e+00    0.00000000e+00    0.00000000e+00    0.00000000e+00    0.00000000e+00
2770     8.00000409e-07    0.00000000e+00    0.00000000e+00    0.00000000e+00    0.00000000e+00    0.00000000e+00    0.00000000e+00    0.00000000e+00
2771     8.00000818e-07    0.00000000e+00    0.00000000e+00    0.00000000e+00    0.00000000e+00    0.00000000e+00    0.00000000e+00    0.00000000e+00
2772     8.00001638e-07    0.00000000e+00    0.00000000e+00    0.00000000e+00    0.00000000e+00    0.00000000e+00    0.00000000e+00    0.00000000e+00
2773     8.00003276e-07    0.00000000e+00    0.00000000e+00    0.00000000e+00    0.00000000e+00    0.00000000e+00    0.00000000e+00    0.00000000e+00
2774     8.00006553e-07    0.00000000e+00    0.00000000e+00    0.00000000e+00    0.00000000e+00    0.00000000e+00    0.00000000e+00    0.00000000e+00
2775     8.00013106e-07    0.00000000e+00    0.00000000e+00    0.00000000e+00    0.00000000e+00    0.00000000e+00    0.00000000e+00    0.00000000e+00
2776     8.00026214e-07    0.00000000e+00    0.00000000e+00    0.00000000e+00    0.00000000e+00    0.00000000e+00    0.00000000e+00    0.00000000e+00
2777     8.00052428e-07    0.00000000e+00    0.00000000e+00    0.00000000e+00    0.00000000e+00    0.00000000e+00    0.00000000e+00    0.00000000e+00
2778     8.00104857e-07    0.00000000e+00    0.00000000e+00    0.00000000e+00    0.00000000e+00    0.00000000e+00    0.00000000e+00    0.00000000e+00
2779     8.00209714e-07    0.00000000e+00    0.00000000e+00    0.00000000e+00    0.00000000e+00    0.00000000e+00    0.00000000e+00    0.00000000e+00
2780     8.00419430e-07    0.00000000e+00    0.00000000e+00    0.00000000e+00    0.00000000e+00    0.00000000e+00    0.00000000e+00    0.00000000e+00
2781     8.00838860e-07    0.00000000e+00    0.00000000e+00    0.00000000e+00    0.00000000e+00    0.00000000e+00    0.00000000e+00    0.00000000e+00
2782     8.01677721e-07    0.00000000e+00    0.00000000e+00    0.00000000e+00    0.00000000e+00    0.00000000e+00    0.00000000e+00    0.00000000e+00
2783     8.03355442e-07    0.00000000e+00    0.00000000e+00    0.00000000e+00    0.00000000e+00    0.00000000e+00    0.00000000e+00    0.00000000e+00
2784     8.06710886e-07    0.00000000e+00    0.00000000e+00    0.00000000e+00    0.00000000e+00    0.00000000e+00    0.00000000e+00    0.00000000e+00
2785     8.09999990e-07    0.00000000e+00    0.00000000e+00    0.00000000e+00    0.00000000e+00    0.00000000e+00    0.00000000e+00    0.00000000e+00
2786     8.09999990e-07    7.03115694e-04    0.00000000e+00    0.00000000e+00    0.00000000e+00    0.00000000e+00    0.00000000e+00    0.00000000e+00
2787     8.09999990e-07    1.28450640e-03    0.00000000e+00    0.00000000e+00    0.00000000e+00    0.00000000e+00    0.00000000e+00    0.00000000e+00
2788     8.09999990e-07    2.44730687e-03    0.00000000e+00    0.00000000e+00    0.00000000e+00    0.00000000e+00    0.00000000e+00    0.00000000e+00
2789     8.09999990e-07    4.77288876e-03    0.00000000e+00    0.00000000e+00    0.00000000e+00    0.00000000e+00    0.00000000e+00    0.00000000e+00
2790     8.09999990e-07    9.42407160e-03    0.00000000e+00    0.00000000e+00    0.00000000e+00    0.00000000e+00    0.00000000e+00    0.00000000e+00
2791     8.09999990e-07    1.87264373e-02    0.00000000e+00    0.00000000e+00    0.00000000e+00    0.00000000e+00    0.00000000e+00    0.00000000e+00
2792     8.09999990e-07    3.73311495e-02    0.00000000e+00    0.00000000e+00    0.00000000e+00    0.00000000e+00    0.00000000e+00    0.00000000e+00
2793     8.09999990e-07    7.45405741e-02    0.00000000e+00    0.00000000e+00    0.00000000e+00    0.00000000e+00    0.00000000e+00    0.00000000e+00
2794     8.09999991e-07    1.48959423e-01    0.00000000e+00    0.00000000e+00    0.00000000e+00    0.00000000e+00    0.00000000e+00    0.00000000e+00
2795     8.09999992e-07    2.97797140e-01    0.00000000e+00    0.00000000e+00    0.00000000e+00    0.00000000e+00    0.00000000e+00    0.00000000e+00
2796     8.09999993e-07    5.95472556e-01    0.00000000e+00    0.00000000e+00    0.00000000e+00    0.00000000e+00    0.00000000e+00    0.00000000e+00
2797     8.09999997e-07    1.19082341e+00    0.00000000e+00    0.00000000e+00    0.00000000e+00    0.00000000e+00    0.00000000e+00    0.00000000e+00
2798     8.10000000e-07    1.80000000e+00    0.00000000e+00    0.00000000e+00    0.00000000e+00    0.00000000e+00    0.00000000e+00    0.00000000e+00
2799     8.10000001e-07    1.80000000e+00    0.00000000e+00    0.00000000e+00    0.00000000e+00    0.00000000e+00    0.00000000e+00    0.00000000e+00
2800     8.10000002e-07    1.80000000e+00    0.00000000e+00    0.00000000e+00    0.00000000e+00    0.00000000e+00    0.00000000e+00    0.00000000e+00
2801     8.10000005e-07    1.80000000e+00    0.00000000e+00    0.00000000e+00    0.00000000e+00    0.00000000e+00    0.00000000e+00    0.00000000e+00
2802     8.10000010e-07    1.80000000e+00    0.00000000e+00    0.00000000e+00    0.00000000e+00    0.00000000e+00    0.00000000e+00    0.00000000e+00
2803     8.10000021e-07    1.80000000e+00    0.00000000e+00    0.00000000e+00    0.00000000e+00    0.00000000e+00    0.00000000e+00    0.00000000e+00
2804     8.10000042e-07    1.80000000e+00    0.00000000e+00    0.00000000e+00    0.00000000e+00    0.00000000e+00    0.00000000e+00    0.00000000e+00
2805     8.10000084e-07    1.80000000e+00    0.00000000e+00    0.00000000e+00    0.00000000e+00    0.00000000e+00    0.00000000e+00    0.00000000e+00
2806     8.10000169e-07    1.80000000e+00    0.00000000e+00    0.00000000e+00    0.00000000e+00    0.00000000e+00    0.00000000e+00    0.00000000e+00
2807     8.10000338e-07    1.80000000e+00    0.00000000e+00    0.00000000e+00    0.00000000e+00    0.00000000e+00    0.00000000e+00    0.00000000e+00
2808     8.10000677e-07    1.80000000e+00    0.00000000e+00    0.00000000e+00    0.00000000e+00    0.00000000e+00    0.00000000e+00    0.00000000e+00
2809     8.10001354e-07    1.80000000e+00    0.00000000e+00    0.00000000e+00    0.00000000e+00    0.00000000e+00    0.00000000e+00    0.00000000e+00
2810     8.10002709e-07    1.80000000e+00    0.00000000e+00    0.00000000e+00    0.00000000e+00    0.00000000e+00    0.00000000e+00    0.00000000e+00
2811     8.10005418e-07    1.80000000e+00    0.00000000e+00    0.00000000e+00    0.00000000e+00    0.00000000e+00    0.00000000e+00    0.00000000e+00
2812     8.10010837e-07    1.80000000e+00    0.00000000e+00    0.00000000e+00    0.00000000e+00    0.00000000e+00    0.00000000e+00    0.00000000e+00
2813     8.10021675e-07    1.80000000e+00    0.00000000e+00    0.00000000e+00    0.00000000e+00    0.00000000e+00    0.00000000e+00    0.00000000e+00
2814     8.10043351e-07    1.80000000e+00    0.00000000e+00    0.00000000e+00    0.00000000e+00    0.00000000e+00    0.00000000e+00    0.00000000e+00
2815     8.10086704e-07    1.80000000e+00    0.00000000e+00    0.00000000e+00    0.00000000e+00    0.00000000e+00    0.00000000e+00    0.00000000e+00
2816     8.10173408e-07    1.80000000e+00    0.00000000e+00    0.00000000e+00    0.00000000e+00    0.00000000e+00    0.00000000e+00    0.00000000e+00
2817     8.10346816e-07    1.80000000e+00    0.00000000e+00    0.00000000e+00    0.00000000e+00    0.00000000e+00    0.00000000e+00    0.00000000e+00
2818     8.10693633e-07    1.80000000e+00    0.00000000e+00    0.00000000e+00    0.00000000e+00    0.00000000e+00    0.00000000e+00    0.00000000e+00
2819     8.11387267e-07    1.80000000e+00    0.00000000e+00    0.00000000e+00    0.00000000e+00    0.00000000e+00    0.00000000e+00    0.00000000e+00
2820     8.12774535e-07    1.80000000e+00    0.00000000e+00    0.00000000e+00    0.00000000e+00    0.00000000e+00    0.00000000e+00    0.00000000e+00
2821     8.15549071e-07    1.80000000e+00    0.00000000e+00    0.00000000e+00    0.00000000e+00    0.00000000e+00    0.00000000e+00    0.00000000e+00
2822     8.19999990e-07    1.80000000e+00    0.00000000e+00    0.00000000e+00    0.00000000e+00    0.00000000e+00    0.00000000e+00    0.00000000e+00
2823     8.19999990e-07    1.78875000e+00    0.00000000e+00    0.00000000e+00    0.00000000e+00    0.00000000e+00    0.00000000e+00    0.00000000e+00
2824     8.19999990e-07    1.76624999e+00    0.00000000e+00    0.00000000e+00    0.00000000e+00    0.00000000e+00    0.00000000e+00    0.00000000e+00
2825     8.19999990e-07    1.72124999e+00    0.00000000e+00    0.00000000e+00    0.00000000e+00    0.00000000e+00    0.00000000e+00    0.00000000e+00
2826     8.19999991e-07    1.63124998e+00    0.00000000e+00    0.00000000e+00    0.00000000e+00    0.00000000e+00    0.00000000e+00    0.00000000e+00
2827     8.19999992e-07    1.45124998e+00    0.00000000e+00    0.00000000e+00    0.00000000e+00    0.00000000e+00    0.00000000e+00    0.00000000e+00
2828     8.19999994e-07    1.09124998e+00    0.00000000e+00    0.00000000e+00    0.00000000e+00    0.00000000e+00    0.00000000e+00    0.00000000e+00
2829     8.19999998e-07    3.71249985e-01    0.00000000e+00    0.00000000e+00    0.00000000e+00    0.00000000e+00    0.00000000e+00    0.00000000e+00
2830     8.20000000e-07    0.00000000e+00    0.00000000e+00    0.00000000e+00    0.00000000e+00    0.00000000e+00    0.00000000e+00    0.00000000e+00
2831     8.20000001e-07    0.00000000e+00    0.00000000e+00    0.00000000e+00    0.00000000e+00    0.00000000e+00    0.00000000e+00    0.00000000e+00
2832     8.20000002e-07    0.00000000e+00    0.00000000e+00    0.00000000e+00    0.00000000e+00    0.00000000e+00    0.00000000e+00    0.00000000e+00
2833     8.20000006e-07    0.00000000e+00    0.00000000e+00    0.00000000e+00    0.00000000e+00    0.00000000e+00    0.00000000e+00    0.00000000e+00
2834     8.20000012e-07    0.00000000e+00    0.00000000e+00    0.00000000e+00    0.00000000e+00    0.00000000e+00    0.00000000e+00    0.00000000e+00
2835     8.20000025e-07    0.00000000e+00    0.00000000e+00    0.00000000e+00    0.00000000e+00    0.00000000e+00    0.00000000e+00    0.00000000e+00
2836     8.20000050e-07    0.00000000e+00    0.00000000e+00    0.00000000e+00    0.00000000e+00    0.00000000e+00    0.00000000e+00    0.00000000e+00
2837     8.20000102e-07    0.00000000e+00    0.00000000e+00    0.00000000e+00    0.00000000e+00    0.00000000e+00    0.00000000e+00    0.00000000e+00
2838     8.20000204e-07    0.00000000e+00    0.00000000e+00    0.00000000e+00    0.00000000e+00    0.00000000e+00    0.00000000e+00    0.00000000e+00
2839     8.20000409e-07    0.00000000e+00    0.00000000e+00    0.00000000e+00    0.00000000e+00    0.00000000e+00    0.00000000e+00    0.00000000e+00
2840     8.20000818e-07    0.00000000e+00    0.00000000e+00    0.00000000e+00    0.00000000e+00    0.00000000e+00    0.00000000e+00    0.00000000e+00
2841     8.20001638e-07    0.00000000e+00    0.00000000e+00    0.00000000e+00    0.00000000e+00    0.00000000e+00    0.00000000e+00    0.00000000e+00
2842     8.20003276e-07    0.00000000e+00    0.00000000e+00    0.00000000e+00    0.00000000e+00    0.00000000e+00    0.00000000e+00    0.00000000e+00
2843     8.20006553e-07    0.00000000e+00    0.00000000e+00    0.00000000e+00    0.00000000e+00    0.00000000e+00    0.00000000e+00    0.00000000e+00
2844     8.20013106e-07    0.00000000e+00    0.00000000e+00    0.00000000e+00    0.00000000e+00    0.00000000e+00    0.00000000e+00    0.00000000e+00
2845     8.20026214e-07    0.00000000e+00    0.00000000e+00    0.00000000e+00    0.00000000e+00    0.00000000e+00    0.00000000e+00    0.00000000e+00
2846     8.20052428e-07    0.00000000e+00    0.00000000e+00    0.00000000e+00    0.00000000e+00    0.00000000e+00    0.00000000e+00    0.00000000e+00
2847     8.20104857e-07    0.00000000e+00    0.00000000e+00    0.00000000e+00    0.00000000e+00    0.00000000e+00    0.00000000e+00    0.00000000e+00
2848     8.20209714e-07    0.00000000e+00    0.00000000e+00    0.00000000e+00    0.00000000e+00    0.00000000e+00    0.00000000e+00    0.00000000e+00
2849     8.20419430e-07    0.00000000e+00    0.00000000e+00    0.00000000e+00    0.00000000e+00    0.00000000e+00    0.00000000e+00    0.00000000e+00
2850     8.20838860e-07    0.00000000e+00    0.00000000e+00    0.00000000e+00    0.00000000e+00    0.00000000e+00    0.00000000e+00    0.00000000e+00
2851     8.21677721e-07    0.00000000e+00    0.00000000e+00    0.00000000e+00    0.00000000e+00    0.00000000e+00    0.00000000e+00    0.00000000e+00
2852     8.23355442e-07    0.00000000e+00    0.00000000e+00    0.00000000e+00    0.00000000e+00    0.00000000e+00    0.00000000e+00    0.00000000e+00
2853     8.26710886e-07    0.00000000e+00    0.00000000e+00    0.00000000e+00    0.00000000e+00    0.00000000e+00    0.00000000e+00    0.00000000e+00
2854     8.29999990e-07    0.00000000e+00    0.00000000e+00    0.00000000e+00    0.00000000e+00    0.00000000e+00    0.00000000e+00    0.00000000e+00
2855     8.29999990e-07    7.03115694e-04    0.00000000e+00    0.00000000e+00    0.00000000e+00    0.00000000e+00    0.00000000e+00    0.00000000e+00
2856     8.29999990e-07    1.28450640e-03    0.00000000e+00    0.00000000e+00    0.00000000e+00    0.00000000e+00    0.00000000e+00    0.00000000e+00
2857     8.29999990e-07    2.44730687e-03    0.00000000e+00    0.00000000e+00    0.00000000e+00    0.00000000e+00    0.00000000e+00    0.00000000e+00
2858     8.29999990e-07    4.77288876e-03    0.00000000e+00    0.00000000e+00    0.00000000e+00    0.00000000e+00    0.00000000e+00    0.00000000e+00
2859     8.29999990e-07    9.42407160e-03    0.00000000e+00    0.00000000e+00    0.00000000e+00    0.00000000e+00    0.00000000e+00    0.00000000e+00
2860     8.29999990e-07    1.87264373e-02    0.00000000e+00    0.00000000e+00    0.00000000e+00    0.00000000e+00    0.00000000e+00    0.00000000e+00
2861     8.29999990e-07    3.73311495e-02    0.00000000e+00    0.00000000e+00    0.00000000e+00    0.00000000e+00    0.00000000e+00    0.00000000e+00
2862     8.29999990e-07    7.45405741e-02    0.00000000e+00    0.00000000e+00    0.00000000e+00    0.00000000e+00    0.00000000e+00    0.00000000e+00
2863     8.29999991e-07    1.48959423e-01    0.00000000e+00    0.00000000e+00    0.00000000e+00    0.00000000e+00    0.00000000e+00    0.00000000e+00
2864     8.29999992e-07    2.97797140e-01    0.00000000e+00    0.00000000e+00    0.00000000e+00    0.00000000e+00    0.00000000e+00    0.00000000e+00
2865     8.29999993e-07    5.95472556e-01    0.00000000e+00    0.00000000e+00    0.00000000e+00    0.00000000e+00    0.00000000e+00    0.00000000e+00
2866     8.29999997e-07    1.19082341e+00    0.00000000e+00    0.00000000e+00    0.00000000e+00    0.00000000e+00    0.00000000e+00    0.00000000e+00
2867     8.30000000e-07    1.80000000e+00    0.00000000e+00    0.00000000e+00    0.00000000e+00    0.00000000e+00    0.00000000e+00    0.00000000e+00
2868     8.30000001e-07    1.80000000e+00    0.00000000e+00    0.00000000e+00    0.00000000e+00    0.00000000e+00    0.00000000e+00    0.00000000e+00
2869     8.30000002e-07    1.80000000e+00    0.00000000e+00    0.00000000e+00    0.00000000e+00    0.00000000e+00    0.00000000e+00    0.00000000e+00
2870     8.30000005e-07    1.80000000e+00    0.00000000e+00    0.00000000e+00    0.00000000e+00    0.00000000e+00    0.00000000e+00    0.00000000e+00
2871     8.30000010e-07    1.80000000e+00    0.00000000e+00    0.00000000e+00    0.00000000e+00    0.00000000e+00    0.00000000e+00    0.00000000e+00
2872     8.30000021e-07    1.80000000e+00    0.00000000e+00    0.00000000e+00    0.00000000e+00    0.00000000e+00    0.00000000e+00    0.00000000e+00
2873     8.30000042e-07    1.80000000e+00    0.00000000e+00    0.00000000e+00    0.00000000e+00    0.00000000e+00    0.00000000e+00    0.00000000e+00
2874     8.30000084e-07    1.80000000e+00    0.00000000e+00    0.00000000e+00    0.00000000e+00    0.00000000e+00    0.00000000e+00    0.00000000e+00
2875     8.30000169e-07    1.80000000e+00    0.00000000e+00    0.00000000e+00    0.00000000e+00    0.00000000e+00    0.00000000e+00    0.00000000e+00
2876     8.30000338e-07    1.80000000e+00    0.00000000e+00    0.00000000e+00    0.00000000e+00    0.00000000e+00    0.00000000e+00    0.00000000e+00
2877     8.30000677e-07    1.80000000e+00    0.00000000e+00    0.00000000e+00    0.00000000e+00    0.00000000e+00    0.00000000e+00    0.00000000e+00
2878     8.30001354e-07    1.80000000e+00    0.00000000e+00    0.00000000e+00    0.00000000e+00    0.00000000e+00    0.00000000e+00    0.00000000e+00
2879     8.30002709e-07    1.80000000e+00    0.00000000e+00    0.00000000e+00    0.00000000e+00    0.00000000e+00    0.00000000e+00    0.00000000e+00
2880     8.30005418e-07    1.80000000e+00    0.00000000e+00    0.00000000e+00    0.00000000e+00    0.00000000e+00    0.00000000e+00    0.00000000e+00
2881     8.30010837e-07    1.80000000e+00    0.00000000e+00    0.00000000e+00    0.00000000e+00    0.00000000e+00    0.00000000e+00    0.00000000e+00
2882     8.30021675e-07    1.80000000e+00    0.00000000e+00    0.00000000e+00    0.00000000e+00    0.00000000e+00    0.00000000e+00    0.00000000e+00
2883     8.30043351e-07    1.80000000e+00    0.00000000e+00    0.00000000e+00    0.00000000e+00    0.00000000e+00    0.00000000e+00    0.00000000e+00
2884     8.30086704e-07    1.80000000e+00    0.00000000e+00    0.00000000e+00    0.00000000e+00    0.00000000e+00    0.00000000e+00    0.00000000e+00
2885     8.30173408e-07    1.80000000e+00    0.00000000e+00    0.00000000e+00    0.00000000e+00    0.00000000e+00    0.00000000e+00    0.00000000e+00
2886     8.30346816e-07    1.80000000e+00    0.00000000e+00    0.00000000e+00    0.00000000e+00    0.00000000e+00    0.00000000e+00    0.00000000e+00
2887     8.30693633e-07    1.80000000e+00    0.00000000e+00    0.00000000e+00    0.00000000e+00    0.00000000e+00    0.00000000e+00    0.00000000e+00
2888     8.31387267e-07    1.80000000e+00    0.00000000e+00    0.00000000e+00    0.00000000e+00    0.00000000e+00    0.00000000e+00    0.00000000e+00
2889     8.32774535e-07    1.80000000e+00    0.00000000e+00    0.00000000e+00    0.00000000e+00    0.00000000e+00    0.00000000e+00    0.00000000e+00
2890     8.35549071e-07    1.80000000e+00    0.00000000e+00    0.00000000e+00    0.00000000e+00    0.00000000e+00    0.00000000e+00    0.00000000e+00
2891     8.39999990e-07    1.80000000e+00    0.00000000e+00    0.00000000e+00    0.00000000e+00    0.00000000e+00    0.00000000e+00    0.00000000e+00
2892     8.39999990e-07    1.78875000e+00    0.00000000e+00    0.00000000e+00    0.00000000e+00    0.00000000e+00    0.00000000e+00    0.00000000e+00
2893     8.39999990e-07    1.76624999e+00    0.00000000e+00    0.00000000e+00    0.00000000e+00    0.00000000e+00    0.00000000e+00    0.00000000e+00
2894     8.39999990e-07    1.72124999e+00    0.00000000e+00    0.00000000e+00    0.00000000e+00    0.00000000e+00    0.00000000e+00    0.00000000e+00
2895     8.39999991e-07    1.63124998e+00    0.00000000e+00    0.00000000e+00    0.00000000e+00    0.00000000e+00    0.00000000e+00    0.00000000e+00
2896     8.39999992e-07    1.45124998e+00    0.00000000e+00    0.00000000e+00    0.00000000e+00    0.00000000e+00    0.00000000e+00    0.00000000e+00
2897     8.39999994e-07    1.09124998e+00    0.00000000e+00    0.00000000e+00    0.00000000e+00    0.00000000e+00    0.00000000e+00    0.00000000e+00
2898     8.39999998e-07    3.71249985e-01    0.00000000e+00    0.00000000e+00    0.00000000e+00    0.00000000e+00    0.00000000e+00    0.00000000e+00
2899     8.40000000e-07    0.00000000e+00    0.00000000e+00    0.00000000e+00    0.00000000e+00    0.00000000e+00    0.00000000e+00    0.00000000e+00
2900     8.40000001e-07    0.00000000e+00    0.00000000e+00    0.00000000e+00    0.00000000e+00    0.00000000e+00    0.00000000e+00    0.00000000e+00
2901     8.40000002e-07    0.00000000e+00    0.00000000e+00    0.00000000e+00    0.00000000e+00    0.00000000e+00    0.00000000e+00    0.00000000e+00
2902     8.40000006e-07    0.00000000e+00    0.00000000e+00    0.00000000e+00    0.00000000e+00    0.00000000e+00    0.00000000e+00    0.00000000e+00
2903     8.40000012e-07    0.00000000e+00    0.00000000e+00    0.00000000e+00    0.00000000e+00    0.00000000e+00    0.00000000e+00    0.00000000e+00
2904     8.40000025e-07    0.00000000e+00    0.00000000e+00    0.00000000e+00    0.00000000e+00    0.00000000e+00    0.00000000e+00    0.00000000e+00
2905     8.40000050e-07    0.00000000e+00    0.00000000e+00    0.00000000e+00    0.00000000e+00    0.00000000e+00    0.00000000e+00    0.00000000e+00
2906     8.40000102e-07    0.00000000e+00    0.00000000e+00    0.00000000e+00    0.00000000e+00    0.00000000e+00    0.00000000e+00    0.00000000e+00
2907     8.40000204e-07    0.00000000e+00    0.00000000e+00    0.00000000e+00    0.00000000e+00    0.00000000e+00    0.00000000e+00    0.00000000e+00
2908     8.40000409e-07    0.00000000e+00    0.00000000e+00    0.00000000e+00    0.00000000e+00    0.00000000e+00    0.00000000e+00    0.00000000e+00
2909     8.40000818e-07    0.00000000e+00    0.00000000e+00    0.00000000e+00    0.00000000e+00    0.00000000e+00    0.00000000e+00    0.00000000e+00
2910     8.40001638e-07    0.00000000e+00    0.00000000e+00    0.00000000e+00    0.00000000e+00    0.00000000e+00    0.00000000e+00    0.00000000e+00
2911     8.40003276e-07    0.00000000e+00    0.00000000e+00    0.00000000e+00    0.00000000e+00    0.00000000e+00    0.00000000e+00    0.00000000e+00
2912     8.40006553e-07    0.00000000e+00    0.00000000e+00    0.00000000e+00    0.00000000e+00    0.00000000e+00    0.00000000e+00    0.00000000e+00
2913     8.40013106e-07    0.00000000e+00    0.00000000e+00    0.00000000e+00    0.00000000e+00    0.00000000e+00    0.00000000e+00    0.00000000e+00
2914     8.40026214e-07    0.00000000e+00    0.00000000e+00    0.00000000e+00    0.00000000e+00    0.00000000e+00    0.00000000e+00    0.00000000e+00
2915     8.40052428e-07    0.00000000e+00    0.00000000e+00    0.00000000e+00    0.00000000e+00    0.00000000e+00    0.00000000e+00    0.00000000e+00
2916     8.40104857e-07    0.00000000e+00    0.00000000e+00    0.00000000e+00    0.00000000e+00    0.00000000e+00    0.00000000e+00    0.00000000e+00
2917     8.40209714e-07    0.00000000e+00    0.00000000e+00    0.00000000e+00    0.00000000e+00    0.00000000e+00    0.00000000e+00    0.00000000e+00
2918     8.40419430e-07    0.00000000e+00    0.00000000e+00    0.00000000e+00    0.00000000e+00    0.00000000e+00    0.00000000e+00    0.00000000e+00
2919     8.40838860e-07    0.00000000e+00    0.00000000e+00    0.00000000e+00    0.00000000e+00    0.00000000e+00    0.00000000e+00    0.00000000e+00
2920     8.41677721e-07    0.00000000e+00    0.00000000e+00    0.00000000e+00    0.00000000e+00    0.00000000e+00    0.00000000e+00    0.00000000e+00
2921     8.43355442e-07    0.00000000e+00    0.00000000e+00    0.00000000e+00    0.00000000e+00    0.00000000e+00    0.00000000e+00    0.00000000e+00
2922     8.46710886e-07    0.00000000e+00    0.00000000e+00    0.00000000e+00    0.00000000e+00    0.00000000e+00    0.00000000e+00    0.00000000e+00
2923     8.49999990e-07    0.00000000e+00    0.00000000e+00    0.00000000e+00    0.00000000e+00    0.00000000e+00    0.00000000e+00    0.00000000e+00
2924     8.49999990e-07    7.03115694e-04    0.00000000e+00    0.00000000e+00    0.00000000e+00    0.00000000e+00    0.00000000e+00    0.00000000e+00
2925     8.49999990e-07    1.28450640e-03    0.00000000e+00    0.00000000e+00    0.00000000e+00    0.00000000e+00    0.00000000e+00    0.00000000e+00
2926     8.49999990e-07    2.44730687e-03    0.00000000e+00    0.00000000e+00    0.00000000e+00    0.00000000e+00    0.00000000e+00    0.00000000e+00
2927     8.49999990e-07    4.77288876e-03    0.00000000e+00    0.00000000e+00    0.00000000e+00    0.00000000e+00    0.00000000e+00    0.00000000e+00
2928     8.49999990e-07    9.42407160e-03    0.00000000e+00    0.00000000e+00    0.00000000e+00    0.00000000e+00    0.00000000e+00    0.00000000e+00
2929     8.49999990e-07    1.87264373e-02    0.00000000e+00    0.00000000e+00    0.00000000e+00    0.00000000e+00    0.00000000e+00    0.00000000e+00
2930     8.49999990e-07    3.73311495e-02    0.00000000e+00    0.00000000e+00    0.00000000e+00    0.00000000e+00    0.00000000e+00    0.00000000e+00
2931     8.49999990e-07    7.45405741e-02    0.00000000e+00    0.00000000e+00    0.00000000e+00    0.00000000e+00    0.00000000e+00    0.00000000e+00
2932     8.49999991e-07    1.48959423e-01    0.00000000e+00    0.00000000e+00    0.00000000e+00    0.00000000e+00    0.00000000e+00    0.00000000e+00
2933     8.49999992e-07    2.97797140e-01    0.00000000e+00    0.00000000e+00    0.00000000e+00    0.00000000e+00    0.00000000e+00    0.00000000e+00
2934     8.49999993e-07    5.95472556e-01    0.00000000e+00    0.00000000e+00    0.00000000e+00    0.00000000e+00    0.00000000e+00    0.00000000e+00
2935     8.49999997e-07    1.19082341e+00    0.00000000e+00    0.00000000e+00    0.00000000e+00    0.00000000e+00    0.00000000e+00    0.00000000e+00
2936     8.50000000e-07    1.80000000e+00    0.00000000e+00    0.00000000e+00    0.00000000e+00    0.00000000e+00    0.00000000e+00    0.00000000e+00
2937     8.50000001e-07    1.80000000e+00    0.00000000e+00    0.00000000e+00    0.00000000e+00    0.00000000e+00    0.00000000e+00    0.00000000e+00
2938     8.50000002e-07    1.80000000e+00    0.00000000e+00    0.00000000e+00    0.00000000e+00    0.00000000e+00    0.00000000e+00    0.00000000e+00
2939     8.50000005e-07    1.80000000e+00    0.00000000e+00    0.00000000e+00    0.00000000e+00    0.00000000e+00    0.00000000e+00    0.00000000e+00
2940     8.50000010e-07    1.80000000e+00    0.00000000e+00    0.00000000e+00    0.00000000e+00    0.00000000e+00    0.00000000e+00    0.00000000e+00
2941     8.50000021e-07    1.80000000e+00    0.00000000e+00    0.00000000e+00    0.00000000e+00    0.00000000e+00    0.00000000e+00    0.00000000e+00
2942     8.50000042e-07    1.80000000e+00    0.00000000e+00    0.00000000e+00    0.00000000e+00    0.00000000e+00    0.00000000e+00    0.00000000e+00
2943     8.50000084e-07    1.80000000e+00    0.00000000e+00    0.00000000e+00    0.00000000e+00    0.00000000e+00    0.00000000e+00    0.00000000e+00
2944     8.50000169e-07    1.80000000e+00    0.00000000e+00    0.00000000e+00    0.00000000e+00    0.00000000e+00    0.00000000e+00    0.00000000e+00
2945     8.50000338e-07    1.80000000e+00    0.00000000e+00    0.00000000e+00    0.00000000e+00    0.00000000e+00    0.00000000e+00    0.00000000e+00
2946     8.50000677e-07    1.80000000e+00    0.00000000e+00    0.00000000e+00    0.00000000e+00    0.00000000e+00    0.00000000e+00    0.00000000e+00
2947     8.50001354e-07    1.80000000e+00    0.00000000e+00    0.00000000e+00    0.00000000e+00    0.00000000e+00    0.00000000e+00    0.00000000e+00
2948     8.50002709e-07    1.80000000e+00    0.00000000e+00    0.00000000e+00    0.00000000e+00    0.00000000e+00    0.00000000e+00    0.00000000e+00
2949     8.50005418e-07    1.80000000e+00    0.00000000e+00    0.00000000e+00    0.00000000e+00    0.00000000e+00    0.00000000e+00    0.00000000e+00
2950     8.50010837e-07    1.80000000e+00    0.00000000e+00    0.00000000e+00    0.00000000e+00    0.00000000e+00    0.00000000e+00    0.00000000e+00
2951     8.50021675e-07    1.80000000e+00    0.00000000e+00    0.00000000e+00    0.00000000e+00    0.00000000e+00    0.00000000e+00    0.00000000e+00
2952     8.50043351e-07    1.80000000e+00    0.00000000e+00    0.00000000e+00    0.00000000e+00    0.00000000e+00    0.00000000e+00    0.00000000e+00
2953     8.50086704e-07    1.80000000e+00    0.00000000e+00    0.00000000e+00    0.00000000e+00    0.00000000e+00    0.00000000e+00    0.00000000e+00
2954     8.50173408e-07    1.80000000e+00    0.00000000e+00    0.00000000e+00    0.00000000e+00    0.00000000e+00    0.00000000e+00    0.00000000e+00
2955     8.50346816e-07    1.80000000e+00    0.00000000e+00    0.00000000e+00    0.00000000e+00    0.00000000e+00    0.00000000e+00    0.00000000e+00
2956     8.50693633e-07    1.80000000e+00    0.00000000e+00    0.00000000e+00    0.00000000e+00    0.00000000e+00    0.00000000e+00    0.00000000e+00
2957     8.51387267e-07    1.80000000e+00    0.00000000e+00    0.00000000e+00    0.00000000e+00    0.00000000e+00    0.00000000e+00    0.00000000e+00
2958     8.52774535e-07    1.80000000e+00    0.00000000e+00    0.00000000e+00    0.00000000e+00    0.00000000e+00    0.00000000e+00    0.00000000e+00
2959     8.55549071e-07    1.80000000e+00    0.00000000e+00    0.00000000e+00    0.00000000e+00    0.00000000e+00    0.00000000e+00    0.00000000e+00
2960     8.59999990e-07    1.80000000e+00    0.00000000e+00    0.00000000e+00    0.00000000e+00    0.00000000e+00    0.00000000e+00    0.00000000e+00
2961     8.59999990e-07    1.78875000e+00    0.00000000e+00    0.00000000e+00    0.00000000e+00    0.00000000e+00    0.00000000e+00    0.00000000e+00
2962     8.59999990e-07    1.76624999e+00    0.00000000e+00    0.00000000e+00    0.00000000e+00    0.00000000e+00    0.00000000e+00    0.00000000e+00
2963     8.59999990e-07    1.72124999e+00    0.00000000e+00    0.00000000e+00    0.00000000e+00    0.00000000e+00    0.00000000e+00    0.00000000e+00
2964     8.59999991e-07    1.63124998e+00    0.00000000e+00    0.00000000e+00    0.00000000e+00    0.00000000e+00    0.00000000e+00    0.00000000e+00
2965     8.59999992e-07    1.45124998e+00    0.00000000e+00    0.00000000e+00    0.00000000e+00    0.00000000e+00    0.00000000e+00    0.00000000e+00
2966     8.59999994e-07    1.09124998e+00    0.00000000e+00    0.00000000e+00    0.00000000e+00    0.00000000e+00    0.00000000e+00    0.00000000e+00
2967     8.59999998e-07    3.71249985e-01    0.00000000e+00    0.00000000e+00    0.00000000e+00    0.00000000e+00    0.00000000e+00    0.00000000e+00
2968     8.60000000e-07    0.00000000e+00    0.00000000e+00    0.00000000e+00    0.00000000e+00    0.00000000e+00    0.00000000e+00    0.00000000e+00
2969     8.60000001e-07    0.00000000e+00    0.00000000e+00    0.00000000e+00    0.00000000e+00    0.00000000e+00    0.00000000e+00    0.00000000e+00
2970     8.60000002e-07    0.00000000e+00    0.00000000e+00    0.00000000e+00    0.00000000e+00    0.00000000e+00    0.00000000e+00    0.00000000e+00
2971     8.60000006e-07    0.00000000e+00    0.00000000e+00    0.00000000e+00    0.00000000e+00    0.00000000e+00    0.00000000e+00    0.00000000e+00
2972     8.60000012e-07    0.00000000e+00    0.00000000e+00    0.00000000e+00    0.00000000e+00    0.00000000e+00    0.00000000e+00    0.00000000e+00
2973     8.60000025e-07    0.00000000e+00    0.00000000e+00    0.00000000e+00    0.00000000e+00    0.00000000e+00    0.00000000e+00    0.00000000e+00
2974     8.60000050e-07    0.00000000e+00    0.00000000e+00    0.00000000e+00    0.00000000e+00    0.00000000e+00    0.00000000e+00    0.00000000e+00
2975     8.60000102e-07    0.00000000e+00    0.00000000e+00    0.00000000e+00    0.00000000e+00    0.00000000e+00    0.00000000e+00    0.00000000e+00
2976     8.60000204e-07    0.00000000e+00    0.00000000e+00    0.00000000e+00    0.00000000e+00    0.00000000e+00    0.00000000e+00    0.00000000e+00
2977     8.60000409e-07    0.00000000e+00    0.00000000e+00    0.00000000e+00    0.00000000e+00    0.00000000e+00    0.00000000e+00    0.00000000e+00
2978     8.60000818e-07    0.00000000e+00    0.00000000e+00    0.00000000e+00    0.00000000e+00    0.00000000e+00    0.00000000e+00    0.00000000e+00
2979     8.60001638e-07    0.00000000e+00    0.00000000e+00    0.00000000e+00    0.00000000e+00    0.00000000e+00    0.00000000e+00    0.00000000e+00
2980     8.60003276e-07    0.00000000e+00    0.00000000e+00    0.00000000e+00    0.00000000e+00    0.00000000e+00    0.00000000e+00    0.00000000e+00
2981     8.60006553e-07    0.00000000e+00    0.00000000e+00    0.00000000e+00    0.00000000e+00    0.00000000e+00    0.00000000e+00    0.00000000e+00
2982     8.60013106e-07    0.00000000e+00    0.00000000e+00    0.00000000e+00    0.00000000e+00    0.00000000e+00    0.00000000e+00    0.00000000e+00
2983     8.60026214e-07    0.00000000e+00    0.00000000e+00    0.00000000e+00    0.00000000e+00    0.00000000e+00    0.00000000e+00    0.00000000e+00
2984     8.60052428e-07    0.00000000e+00    0.00000000e+00    0.00000000e+00    0.00000000e+00    0.00000000e+00    0.00000000e+00    0.00000000e+00
2985     8.60104857e-07    0.00000000e+00    0.00000000e+00    0.00000000e+00    0.00000000e+00    0.00000000e+00    0.00000000e+00    0.00000000e+00
2986     8.60209714e-07    0.00000000e+00    0.00000000e+00    0.00000000e+00    0.00000000e+00    0.00000000e+00    0.00000000e+00    0.00000000e+00
2987     8.60419430e-07    0.00000000e+00    0.00000000e+00    0.00000000e+00    0.00000000e+00    0.00000000e+00    0.00000000e+00    0.00000000e+00
2988     8.60838860e-07    0.00000000e+00    0.00000000e+00    0.00000000e+00    0.00000000e+00    0.00000000e+00    0.00000000e+00    0.00000000e+00
2989     8.61677721e-07    0.00000000e+00    0.00000000e+00    0.00000000e+00    0.00000000e+00    0.00000000e+00    0.00000000e+00    0.00000000e+00
2990     8.63355442e-07    0.00000000e+00    0.00000000e+00    0.00000000e+00    0.00000000e+00    0.00000000e+00    0.00000000e+00    0.00000000e+00
2991     8.66710886e-07    0.00000000e+00    0.00000000e+00    0.00000000e+00    0.00000000e+00    0.00000000e+00    0.00000000e+00    0.00000000e+00
2992     8.69999990e-07    0.00000000e+00    0.00000000e+00    0.00000000e+00    0.00000000e+00    0.00000000e+00    0.00000000e+00    0.00000000e+00
2993     8.69999990e-07    7.03115694e-04    0.00000000e+00    0.00000000e+00    0.00000000e+00    0.00000000e+00    0.00000000e+00    0.00000000e+00
2994     8.69999990e-07    1.28450640e-03    0.00000000e+00    0.00000000e+00    0.00000000e+00    0.00000000e+00    0.00000000e+00    0.00000000e+00
2995     8.69999990e-07    2.44730687e-03    0.00000000e+00    0.00000000e+00    0.00000000e+00    0.00000000e+00    0.00000000e+00    0.00000000e+00
2996     8.69999990e-07    4.77288876e-03    0.00000000e+00    0.00000000e+00    0.00000000e+00    0.00000000e+00    0.00000000e+00    0.00000000e+00
2997     8.69999990e-07    9.42407160e-03    0.00000000e+00    0.00000000e+00    0.00000000e+00    0.00000000e+00    0.00000000e+00    0.00000000e+00
2998     8.69999990e-07    1.87264373e-02    0.00000000e+00    0.00000000e+00    0.00000000e+00    0.00000000e+00    0.00000000e+00    0.00000000e+00
2999     8.69999990e-07    3.73311495e-02    0.00000000e+00    0.00000000e+00    0.00000000e+00    0.00000000e+00    0.00000000e+00    0.00000000e+00
3000     8.69999990e-07    7.45405741e-02    0.00000000e+00    0.00000000e+00    0.00000000e+00    0.00000000e+00    0.00000000e+00    0.00000000e+00
3001     8.69999991e-07    1.48959423e-01    0.00000000e+00    0.00000000e+00    0.00000000e+00    0.00000000e+00    0.00000000e+00    0.00000000e+00
3002     8.69999992e-07    2.97797140e-01    0.00000000e+00    0.00000000e+00    0.00000000e+00    0.00000000e+00    0.00000000e+00    0.00000000e+00
3003     8.69999993e-07    5.95472556e-01    0.00000000e+00    0.00000000e+00    0.00000000e+00    0.00000000e+00    0.00000000e+00    0.00000000e+00
3004     8.69999997e-07    1.19082341e+00    0.00000000e+00    0.00000000e+00    0.00000000e+00    0.00000000e+00    0.00000000e+00    0.00000000e+00
3005     8.70000000e-07    1.80000000e+00    0.00000000e+00    0.00000000e+00    0.00000000e+00    0.00000000e+00    0.00000000e+00    0.00000000e+00
3006     8.70000001e-07    1.80000000e+00    0.00000000e+00    0.00000000e+00    0.00000000e+00    0.00000000e+00    0.00000000e+00    0.00000000e+00
3007     8.70000002e-07    1.80000000e+00    0.00000000e+00    0.00000000e+00    0.00000000e+00    0.00000000e+00    0.00000000e+00    0.00000000e+00
3008     8.70000005e-07    1.80000000e+00    0.00000000e+00    0.00000000e+00    0.00000000e+00    0.00000000e+00    0.00000000e+00    0.00000000e+00
3009     8.70000010e-07    1.80000000e+00    0.00000000e+00    0.00000000e+00    0.00000000e+00    0.00000000e+00    0.00000000e+00    0.00000000e+00
3010     8.70000021e-07    1.80000000e+00    0.00000000e+00    0.00000000e+00    0.00000000e+00    0.00000000e+00    0.00000000e+00    0.00000000e+00
3011     8.70000042e-07    1.80000000e+00    0.00000000e+00    0.00000000e+00    0.00000000e+00    0.00000000e+00    0.00000000e+00    0.00000000e+00
3012     8.70000084e-07    1.80000000e+00    0.00000000e+00    0.00000000e+00    0.00000000e+00    0.00000000e+00    0.00000000e+00    0.00000000e+00
3013     8.70000169e-07    1.80000000e+00    0.00000000e+00    0.00000000e+00    0.00000000e+00    0.00000000e+00    0.00000000e+00    0.00000000e+00
3014     8.70000338e-07    1.80000000e+00    0.00000000e+00    0.00000000e+00    0.00000000e+00    0.00000000e+00    0.00000000e+00    0.00000000e+00
3015     8.70000677e-07    1.80000000e+00    0.00000000e+00    0.00000000e+00    0.00000000e+00    0.00000000e+00    0.00000000e+00    0.00000000e+00
3016     8.70001354e-07    1.80000000e+00    0.00000000e+00    0.00000000e+00    0.00000000e+00    0.00000000e+00    0.00000000e+00    0.00000000e+00
3017     8.70002709e-07    1.80000000e+00    0.00000000e+00    0.00000000e+00    0.00000000e+00    0.00000000e+00    0.00000000e+00    0.00000000e+00
3018     8.70005418e-07    1.80000000e+00    0.00000000e+00    0.00000000e+00    0.00000000e+00    0.00000000e+00    0.00000000e+00    0.00000000e+00
3019     8.70010837e-07    1.80000000e+00    0.00000000e+00    0.00000000e+00    0.00000000e+00    0.00000000e+00    0.00000000e+00    0.00000000e+00
3020     8.70021675e-07    1.80000000e+00    0.00000000e+00    0.00000000e+00    0.00000000e+00    0.00000000e+00    0.00000000e+00    0.00000000e+00
3021     8.70043351e-07    1.80000000e+00    0.00000000e+00    0.00000000e+00    0.00000000e+00    0.00000000e+00    0.00000000e+00    0.00000000e+00
3022     8.70086704e-07    1.80000000e+00    0.00000000e+00    0.00000000e+00    0.00000000e+00    0.00000000e+00    0.00000000e+00    0.00000000e+00
3023     8.70173408e-07    1.80000000e+00    0.00000000e+00    0.00000000e+00    0.00000000e+00    0.00000000e+00    0.00000000e+00    0.00000000e+00
3024     8.70346816e-07    1.80000000e+00    0.00000000e+00    0.00000000e+00    0.00000000e+00    0.00000000e+00    0.00000000e+00    0.00000000e+00
3025     8.70693633e-07    1.80000000e+00    0.00000000e+00    0.00000000e+00    0.00000000e+00    0.00000000e+00    0.00000000e+00    0.00000000e+00
3026     8.71387267e-07    1.80000000e+00    0.00000000e+00    0.00000000e+00    0.00000000e+00    0.00000000e+00    0.00000000e+00    0.00000000e+00
3027     8.72774535e-07    1.80000000e+00    0.00000000e+00    0.00000000e+00    0.00000000e+00    0.00000000e+00    0.00000000e+00    0.00000000e+00
3028     8.75549071e-07    1.80000000e+00    0.00000000e+00    0.00000000e+00    0.00000000e+00    0.00000000e+00    0.00000000e+00    0.00000000e+00
3029     8.79999990e-07    1.80000000e+00    0.00000000e+00    0.00000000e+00    0.00000000e+00    0.00000000e+00    0.00000000e+00    0.00000000e+00
3030     8.79999990e-07    1.78875000e+00    0.00000000e+00    0.00000000e+00    0.00000000e+00    0.00000000e+00    0.00000000e+00    0.00000000e+00
3031     8.79999990e-07    1.76624999e+00    0.00000000e+00    0.00000000e+00    0.00000000e+00    0.00000000e+00    0.00000000e+00    0.00000000e+00
3032     8.79999990e-07    1.72124999e+00    0.00000000e+00    0.00000000e+00    0.00000000e+00    0.00000000e+00    0.00000000e+00    0.00000000e+00
3033     8.79999991e-07    1.63125000e+00    0.00000000e+00    0.00000000e+00    0.00000000e+00    0.00000000e+00    0.00000000e+00    0.00000000e+00
3034     8.79999992e-07    1.45125000e+00    0.00000000e+00    0.00000000e+00    0.00000000e+00    0.00000000e+00    0.00000000e+00    0.00000000e+00
3035     8.79999994e-07    1.09125000e+00    0.00000000e+00    0.00000000e+00    0.00000000e+00    0.00000000e+00    0.00000000e+00    0.00000000e+00
3036     8.79999998e-07    3.71250004e-01    0.00000000e+00    0.00000000e+00    0.00000000e+00    0.00000000e+00    0.00000000e+00    0.00000000e+00
3037     8.80000000e-07    0.00000000e+00    0.00000000e+00    0.00000000e+00    0.00000000e+00    0.00000000e+00    0.00000000e+00    0.00000000e+00
3038     8.80000001e-07    0.00000000e+00    0.00000000e+00    0.00000000e+00    0.00000000e+00    0.00000000e+00    0.00000000e+00    0.00000000e+00
3039     8.80000002e-07    0.00000000e+00    0.00000000e+00    0.00000000e+00    0.00000000e+00    0.00000000e+00    0.00000000e+00    0.00000000e+00
3040     8.80000006e-07    0.00000000e+00    0.00000000e+00    0.00000000e+00    0.00000000e+00    0.00000000e+00    0.00000000e+00    0.00000000e+00
3041     8.80000012e-07    0.00000000e+00    0.00000000e+00    0.00000000e+00    0.00000000e+00    0.00000000e+00    0.00000000e+00    0.00000000e+00
3042     8.80000025e-07    0.00000000e+00    0.00000000e+00    0.00000000e+00    0.00000000e+00    0.00000000e+00    0.00000000e+00    0.00000000e+00
3043     8.80000050e-07    0.00000000e+00    0.00000000e+00    0.00000000e+00    0.00000000e+00    0.00000000e+00    0.00000000e+00    0.00000000e+00
3044     8.80000102e-07    0.00000000e+00    0.00000000e+00    0.00000000e+00    0.00000000e+00    0.00000000e+00    0.00000000e+00    0.00000000e+00
3045     8.80000204e-07    0.00000000e+00    0.00000000e+00    0.00000000e+00    0.00000000e+00    0.00000000e+00    0.00000000e+00    0.00000000e+00
3046     8.80000409e-07    0.00000000e+00    0.00000000e+00    0.00000000e+00    0.00000000e+00    0.00000000e+00    0.00000000e+00    0.00000000e+00
3047     8.80000818e-07    0.00000000e+00    0.00000000e+00    0.00000000e+00    0.00000000e+00    0.00000000e+00    0.00000000e+00    0.00000000e+00
3048     8.80001638e-07    0.00000000e+00    0.00000000e+00    0.00000000e+00    0.00000000e+00    0.00000000e+00    0.00000000e+00    0.00000000e+00
3049     8.80003276e-07    0.00000000e+00    0.00000000e+00    0.00000000e+00    0.00000000e+00    0.00000000e+00    0.00000000e+00    0.00000000e+00
3050     8.80006553e-07    0.00000000e+00    0.00000000e+00    0.00000000e+00    0.00000000e+00    0.00000000e+00    0.00000000e+00    0.00000000e+00
3051     8.80013106e-07    0.00000000e+00    0.00000000e+00    0.00000000e+00    0.00000000e+00    0.00000000e+00    0.00000000e+00    0.00000000e+00
3052     8.80026214e-07    0.00000000e+00    0.00000000e+00    0.00000000e+00    0.00000000e+00    0.00000000e+00    0.00000000e+00    0.00000000e+00
3053     8.80052428e-07    0.00000000e+00    0.00000000e+00    0.00000000e+00    0.00000000e+00    0.00000000e+00    0.00000000e+00    0.00000000e+00
3054     8.80104857e-07    0.00000000e+00    0.00000000e+00    0.00000000e+00    0.00000000e+00    0.00000000e+00    0.00000000e+00    0.00000000e+00
3055     8.80209714e-07    0.00000000e+00    0.00000000e+00    0.00000000e+00    0.00000000e+00    0.00000000e+00    0.00000000e+00    0.00000000e+00
3056     8.80419430e-07    0.00000000e+00    0.00000000e+00    0.00000000e+00    0.00000000e+00    0.00000000e+00    0.00000000e+00    0.00000000e+00
3057     8.80838860e-07    0.00000000e+00    0.00000000e+00    0.00000000e+00    0.00000000e+00    0.00000000e+00    0.00000000e+00    0.00000000e+00
3058     8.81677721e-07    0.00000000e+00    0.00000000e+00    0.00000000e+00    0.00000000e+00    0.00000000e+00    0.00000000e+00    0.00000000e+00
3059     8.83355442e-07    0.00000000e+00    0.00000000e+00    0.00000000e+00    0.00000000e+00    0.00000000e+00    0.00000000e+00    0.00000000e+00
3060     8.86710886e-07    0.00000000e+00    0.00000000e+00    0.00000000e+00    0.00000000e+00    0.00000000e+00    0.00000000e+00    0.00000000e+00
3061     8.89999990e-07    0.00000000e+00    0.00000000e+00    0.00000000e+00    0.00000000e+00    0.00000000e+00    0.00000000e+00    0.00000000e+00
3062     8.89999990e-07    7.03115694e-04    0.00000000e+00    0.00000000e+00    0.00000000e+00    0.00000000e+00    0.00000000e+00    0.00000000e+00
3063     8.89999990e-07    1.28450640e-03    0.00000000e+00    0.00000000e+00    0.00000000e+00    0.00000000e+00    0.00000000e+00    0.00000000e+00
3064     8.89999990e-07    2.44730687e-03    0.00000000e+00    0.00000000e+00    0.00000000e+00    0.00000000e+00    0.00000000e+00    0.00000000e+00
3065     8.89999990e-07    4.77288876e-03    0.00000000e+00    0.00000000e+00    0.00000000e+00    0.00000000e+00    0.00000000e+00    0.00000000e+00
3066     8.89999990e-07    9.42407160e-03    0.00000000e+00    0.00000000e+00    0.00000000e+00    0.00000000e+00    0.00000000e+00    0.00000000e+00
3067     8.89999990e-07    1.87264373e-02    0.00000000e+00    0.00000000e+00    0.00000000e+00    0.00000000e+00    0.00000000e+00    0.00000000e+00
3068     8.89999990e-07    3.73311495e-02    0.00000000e+00    0.00000000e+00    0.00000000e+00    0.00000000e+00    0.00000000e+00    0.00000000e+00
3069     8.89999990e-07    7.45405741e-02    0.00000000e+00    0.00000000e+00    0.00000000e+00    0.00000000e+00    0.00000000e+00    0.00000000e+00
3070     8.89999991e-07    1.48959423e-01    0.00000000e+00    0.00000000e+00    0.00000000e+00    0.00000000e+00    0.00000000e+00    0.00000000e+00
3071     8.89999992e-07    2.97797140e-01    0.00000000e+00    0.00000000e+00    0.00000000e+00    0.00000000e+00    0.00000000e+00    0.00000000e+00
3072     8.89999993e-07    5.95472556e-01    0.00000000e+00    0.00000000e+00    0.00000000e+00    0.00000000e+00    0.00000000e+00    0.00000000e+00
3073     8.89999997e-07    1.19082341e+00    0.00000000e+00    0.00000000e+00    0.00000000e+00    0.00000000e+00    0.00000000e+00    0.00000000e+00
3074     8.90000000e-07    1.80000000e+00    0.00000000e+00    0.00000000e+00    0.00000000e+00    0.00000000e+00    0.00000000e+00    0.00000000e+00
3075     8.90000001e-07    1.80000000e+00    0.00000000e+00    0.00000000e+00    0.00000000e+00    0.00000000e+00    0.00000000e+00    0.00000000e+00
3076     8.90000002e-07    1.80000000e+00    0.00000000e+00    0.00000000e+00    0.00000000e+00    0.00000000e+00    0.00000000e+00    0.00000000e+00
3077     8.90000005e-07    1.80000000e+00    0.00000000e+00    0.00000000e+00    0.00000000e+00    0.00000000e+00    0.00000000e+00    0.00000000e+00
3078     8.90000010e-07    1.80000000e+00    0.00000000e+00    0.00000000e+00    0.00000000e+00    0.00000000e+00    0.00000000e+00    0.00000000e+00
3079     8.90000021e-07    1.80000000e+00    0.00000000e+00    0.00000000e+00    0.00000000e+00    0.00000000e+00    0.00000000e+00    0.00000000e+00
3080     8.90000042e-07    1.80000000e+00    0.00000000e+00    0.00000000e+00    0.00000000e+00    0.00000000e+00    0.00000000e+00    0.00000000e+00
3081     8.90000084e-07    1.80000000e+00    0.00000000e+00    0.00000000e+00    0.00000000e+00    0.00000000e+00    0.00000000e+00    0.00000000e+00
3082     8.90000169e-07    1.80000000e+00    0.00000000e+00    0.00000000e+00    0.00000000e+00    0.00000000e+00    0.00000000e+00    0.00000000e+00
3083     8.90000338e-07    1.80000000e+00    0.00000000e+00    0.00000000e+00    0.00000000e+00    0.00000000e+00    0.00000000e+00    0.00000000e+00
3084     8.90000677e-07    1.80000000e+00    0.00000000e+00    0.00000000e+00    0.00000000e+00    0.00000000e+00    0.00000000e+00    0.00000000e+00
3085     8.90001354e-07    1.80000000e+00    0.00000000e+00    0.00000000e+00    0.00000000e+00    0.00000000e+00    0.00000000e+00    0.00000000e+00
3086     8.90002709e-07    1.80000000e+00    0.00000000e+00    0.00000000e+00    0.00000000e+00    0.00000000e+00    0.00000000e+00    0.00000000e+00
3087     8.90005418e-07    1.80000000e+00    0.00000000e+00    0.00000000e+00    0.00000000e+00    0.00000000e+00    0.00000000e+00    0.00000000e+00
3088     8.90010837e-07    1.80000000e+00    0.00000000e+00    0.00000000e+00    0.00000000e+00    0.00000000e+00    0.00000000e+00    0.00000000e+00
3089     8.90021675e-07    1.80000000e+00    0.00000000e+00    0.00000000e+00    0.00000000e+00    0.00000000e+00    0.00000000e+00    0.00000000e+00
3090     8.90043351e-07    1.80000000e+00    0.00000000e+00    0.00000000e+00    0.00000000e+00    0.00000000e+00    0.00000000e+00    0.00000000e+00
3091     8.90086704e-07    1.80000000e+00    0.00000000e+00    0.00000000e+00    0.00000000e+00    0.00000000e+00    0.00000000e+00    0.00000000e+00
3092     8.90173408e-07    1.80000000e+00    0.00000000e+00    0.00000000e+00    0.00000000e+00    0.00000000e+00    0.00000000e+00    0.00000000e+00
3093     8.90346816e-07    1.80000000e+00    0.00000000e+00    0.00000000e+00    0.00000000e+00    0.00000000e+00    0.00000000e+00    0.00000000e+00
3094     8.90693633e-07    1.80000000e+00    0.00000000e+00    0.00000000e+00    0.00000000e+00    0.00000000e+00    0.00000000e+00    0.00000000e+00
3095     8.91387267e-07    1.80000000e+00    0.00000000e+00    0.00000000e+00    0.00000000e+00    0.00000000e+00    0.00000000e+00    0.00000000e+00
3096     8.92774535e-07    1.80000000e+00    0.00000000e+00    0.00000000e+00    0.00000000e+00    0.00000000e+00    0.00000000e+00    0.00000000e+00
3097     8.95549071e-07    1.80000000e+00    0.00000000e+00    0.00000000e+00    0.00000000e+00    0.00000000e+00    0.00000000e+00    0.00000000e+00
3098     8.99999990e-07    1.80000000e+00    0.00000000e+00    0.00000000e+00    0.00000000e+00    0.00000000e+00    0.00000000e+00    0.00000000e+00
3099     8.99999990e-07    1.78875000e+00    0.00000000e+00    0.00000000e+00    0.00000000e+00    0.00000000e+00    0.00000000e+00    0.00000000e+00
3100     8.99999990e-07    1.76624999e+00    0.00000000e+00    0.00000000e+00    0.00000000e+00    0.00000000e+00    0.00000000e+00    0.00000000e+00
3101     8.99999990e-07    1.72124999e+00    0.00000000e+00    0.00000000e+00    0.00000000e+00    0.00000000e+00    0.00000000e+00    0.00000000e+00
3102     8.99999991e-07    1.63125000e+00    0.00000000e+00    0.00000000e+00    0.00000000e+00    0.00000000e+00    0.00000000e+00    0.00000000e+00
3103     8.99999992e-07    1.45125000e+00    0.00000000e+00    0.00000000e+00    0.00000000e+00    0.00000000e+00    0.00000000e+00    0.00000000e+00
3104     8.99999994e-07    1.09125000e+00    0.00000000e+00    0.00000000e+00    0.00000000e+00    0.00000000e+00    0.00000000e+00    0.00000000e+00
3105     8.99999998e-07    3.71250004e-01    0.00000000e+00    0.00000000e+00    0.00000000e+00    0.00000000e+00    0.00000000e+00    0.00000000e+00
3106     9.00000000e-07    0.00000000e+00    0.00000000e+00    0.00000000e+00    0.00000000e+00    0.00000000e+00    0.00000000e+00    0.00000000e+00
3107     9.00000001e-07    0.00000000e+00    0.00000000e+00    0.00000000e+00    0.00000000e+00    0.00000000e+00    0.00000000e+00    0.00000000e+00
3108     9.00000002e-07    0.00000000e+00    0.00000000e+00    0.00000000e+00    0.00000000e+00    0.00000000e+00    0.00000000e+00    0.00000000e+00
3109     9.00000006e-07    0.00000000e+00    0.00000000e+00    0.00000000e+00    0.00000000e+00    0.00000000e+00    0.00000000e+00    0.00000000e+00
3110     9.00000012e-07    0.00000000e+00    0.00000000e+00    0.00000000e+00    0.00000000e+00    0.00000000e+00    0.00000000e+00    0.00000000e+00
3111     9.00000025e-07    0.00000000e+00    0.00000000e+00    0.00000000e+00    0.00000000e+00    0.00000000e+00    0.00000000e+00    0.00000000e+00
3112     9.00000050e-07    0.00000000e+00    0.00000000e+00    0.00000000e+00    0.00000000e+00    0.00000000e+00    0.00000000e+00    0.00000000e+00
3113     9.00000102e-07    0.00000000e+00    0.00000000e+00    0.00000000e+00    0.00000000e+00    0.00000000e+00    0.00000000e+00    0.00000000e+00
3114     9.00000204e-07    0.00000000e+00    0.00000000e+00    0.00000000e+00    0.00000000e+00    0.00000000e+00    0.00000000e+00    0.00000000e+00
3115     9.00000409e-07    0.00000000e+00    0.00000000e+00    0.00000000e+00    0.00000000e+00    0.00000000e+00    0.00000000e+00    0.00000000e+00
3116     9.00000818e-07    0.00000000e+00    0.00000000e+00    0.00000000e+00    0.00000000e+00    0.00000000e+00    0.00000000e+00    0.00000000e+00
3117     9.00001638e-07    0.00000000e+00    0.00000000e+00    0.00000000e+00    0.00000000e+00    0.00000000e+00    0.00000000e+00    0.00000000e+00
3118     9.00003276e-07    0.00000000e+00    0.00000000e+00    0.00000000e+00    0.00000000e+00    0.00000000e+00    0.00000000e+00    0.00000000e+00
3119     9.00006553e-07    0.00000000e+00    0.00000000e+00    0.00000000e+00    0.00000000e+00    0.00000000e+00    0.00000000e+00    0.00000000e+00
3120     9.00013106e-07    0.00000000e+00    0.00000000e+00    0.00000000e+00    0.00000000e+00    0.00000000e+00    0.00000000e+00    0.00000000e+00
3121     9.00026214e-07    0.00000000e+00    0.00000000e+00    0.00000000e+00    0.00000000e+00    0.00000000e+00    0.00000000e+00    0.00000000e+00
3122     9.00052428e-07    0.00000000e+00    0.00000000e+00    0.00000000e+00    0.00000000e+00    0.00000000e+00    0.00000000e+00    0.00000000e+00
3123     9.00104857e-07    0.00000000e+00    0.00000000e+00    0.00000000e+00    0.00000000e+00    0.00000000e+00    0.00000000e+00    0.00000000e+00
3124     9.00209714e-07    0.00000000e+00    0.00000000e+00    0.00000000e+00    0.00000000e+00    0.00000000e+00    0.00000000e+00    0.00000000e+00
3125     9.00419430e-07    0.00000000e+00    0.00000000e+00    0.00000000e+00    0.00000000e+00    0.00000000e+00    0.00000000e+00    0.00000000e+00
3126     9.00838860e-07    0.00000000e+00    0.00000000e+00    0.00000000e+00    0.00000000e+00    0.00000000e+00    0.00000000e+00    0.00000000e+00
3127     9.01677721e-07    0.00000000e+00    0.00000000e+00    0.00000000e+00    0.00000000e+00    0.00000000e+00    0.00000000e+00    0.00000000e+00
3128     9.03355442e-07    0.00000000e+00    0.00000000e+00    0.00000000e+00    0.00000000e+00    0.00000000e+00    0.00000000e+00    0.00000000e+00
3129     9.06710886e-07    0.00000000e+00    0.00000000e+00    0.00000000e+00    0.00000000e+00    0.00000000e+00    0.00000000e+00    0.00000000e+00
3130     9.09999990e-07    0.00000000e+00    0.00000000e+00    0.00000000e+00    0.00000000e+00    0.00000000e+00    0.00000000e+00    0.00000000e+00
3131     9.09999990e-07    7.03115694e-04    0.00000000e+00    0.00000000e+00    0.00000000e+00    0.00000000e+00    0.00000000e+00    0.00000000e+00
3132     9.09999990e-07    1.28450640e-03    0.00000000e+00    0.00000000e+00    0.00000000e+00    0.00000000e+00    0.00000000e+00    0.00000000e+00
3133     9.09999990e-07    2.44730687e-03    0.00000000e+00    0.00000000e+00    0.00000000e+00    0.00000000e+00    0.00000000e+00    0.00000000e+00
3134     9.09999990e-07    4.77288876e-03    0.00000000e+00    0.00000000e+00    0.00000000e+00    0.00000000e+00    0.00000000e+00    0.00000000e+00
3135     9.09999990e-07    9.42407160e-03    0.00000000e+00    0.00000000e+00    0.00000000e+00    0.00000000e+00    0.00000000e+00    0.00000000e+00
3136     9.09999990e-07    1.87264373e-02    0.00000000e+00    0.00000000e+00    0.00000000e+00    0.00000000e+00    0.00000000e+00    0.00000000e+00
3137     9.09999990e-07    3.73311495e-02    0.00000000e+00    0.00000000e+00    0.00000000e+00    0.00000000e+00    0.00000000e+00    0.00000000e+00
3138     9.09999990e-07    7.45405741e-02    0.00000000e+00    0.00000000e+00    0.00000000e+00    0.00000000e+00    0.00000000e+00    0.00000000e+00
3139     9.09999991e-07    1.48959423e-01    0.00000000e+00    0.00000000e+00    0.00000000e+00    0.00000000e+00    0.00000000e+00    0.00000000e+00
3140     9.09999992e-07    2.97797140e-01    0.00000000e+00    0.00000000e+00    0.00000000e+00    0.00000000e+00    0.00000000e+00    0.00000000e+00
3141     9.09999993e-07    5.95472556e-01    0.00000000e+00    0.00000000e+00    0.00000000e+00    0.00000000e+00    0.00000000e+00    0.00000000e+00
3142     9.09999997e-07    1.19082341e+00    0.00000000e+00    0.00000000e+00    0.00000000e+00    0.00000000e+00    0.00000000e+00    0.00000000e+00
3143     9.10000000e-07    1.80000000e+00    0.00000000e+00    0.00000000e+00    0.00000000e+00    0.00000000e+00    0.00000000e+00    0.00000000e+00
3144     9.10000001e-07    1.80000000e+00    0.00000000e+00    0.00000000e+00    0.00000000e+00    0.00000000e+00    0.00000000e+00    0.00000000e+00
3145     9.10000002e-07    1.80000000e+00    0.00000000e+00    0.00000000e+00    0.00000000e+00    0.00000000e+00    0.00000000e+00    0.00000000e+00
3146     9.10000005e-07    1.80000000e+00    0.00000000e+00    0.00000000e+00    0.00000000e+00    0.00000000e+00    0.00000000e+00    0.00000000e+00
3147     9.10000010e-07    1.80000000e+00    0.00000000e+00    0.00000000e+00    0.00000000e+00    0.00000000e+00    0.00000000e+00    0.00000000e+00
3148     9.10000021e-07    1.80000000e+00    0.00000000e+00    0.00000000e+00    0.00000000e+00    0.00000000e+00    0.00000000e+00    0.00000000e+00
3149     9.10000042e-07    1.80000000e+00    0.00000000e+00    0.00000000e+00    0.00000000e+00    0.00000000e+00    0.00000000e+00    0.00000000e+00
3150     9.10000084e-07    1.80000000e+00    0.00000000e+00    0.00000000e+00    0.00000000e+00    0.00000000e+00    0.00000000e+00    0.00000000e+00
3151     9.10000169e-07    1.80000000e+00    0.00000000e+00    0.00000000e+00    0.00000000e+00    0.00000000e+00    0.00000000e+00    0.00000000e+00
3152     9.10000338e-07    1.80000000e+00    0.00000000e+00    0.00000000e+00    0.00000000e+00    0.00000000e+00    0.00000000e+00    0.00000000e+00
3153     9.10000677e-07    1.80000000e+00    0.00000000e+00    0.00000000e+00    0.00000000e+00    0.00000000e+00    0.00000000e+00    0.00000000e+00
3154     9.10001354e-07    1.80000000e+00    0.00000000e+00    0.00000000e+00    0.00000000e+00    0.00000000e+00    0.00000000e+00    0.00000000e+00
3155     9.10002709e-07    1.80000000e+00    0.00000000e+00    0.00000000e+00    0.00000000e+00    0.00000000e+00    0.00000000e+00    0.00000000e+00
3156     9.10005418e-07    1.80000000e+00    0.00000000e+00    0.00000000e+00    0.00000000e+00    0.00000000e+00    0.00000000e+00    0.00000000e+00
3157     9.10010837e-07    1.80000000e+00    0.00000000e+00    0.00000000e+00    0.00000000e+00    0.00000000e+00    0.00000000e+00    0.00000000e+00
3158     9.10021675e-07    1.80000000e+00    0.00000000e+00    0.00000000e+00    0.00000000e+00    0.00000000e+00    0.00000000e+00    0.00000000e+00
3159     9.10043351e-07    1.80000000e+00    0.00000000e+00    0.00000000e+00    0.00000000e+00    0.00000000e+00    0.00000000e+00    0.00000000e+00
3160     9.10086704e-07    1.80000000e+00    0.00000000e+00    0.00000000e+00    0.00000000e+00    0.00000000e+00    0.00000000e+00    0.00000000e+00
3161     9.10173408e-07    1.80000000e+00    0.00000000e+00    0.00000000e+00    0.00000000e+00    0.00000000e+00    0.00000000e+00    0.00000000e+00
3162     9.10346816e-07    1.80000000e+00    0.00000000e+00    0.00000000e+00    0.00000000e+00    0.00000000e+00    0.00000000e+00    0.00000000e+00
3163     9.10693633e-07    1.80000000e+00    0.00000000e+00    0.00000000e+00    0.00000000e+00    0.00000000e+00    0.00000000e+00    0.00000000e+00
3164     9.11387267e-07    1.80000000e+00    0.00000000e+00    0.00000000e+00    0.00000000e+00    0.00000000e+00    0.00000000e+00    0.00000000e+00
3165     9.12774535e-07    1.80000000e+00    0.00000000e+00    0.00000000e+00    0.00000000e+00    0.00000000e+00    0.00000000e+00    0.00000000e+00
3166     9.15549071e-07    1.80000000e+00    0.00000000e+00    0.00000000e+00    0.00000000e+00    0.00000000e+00    0.00000000e+00    0.00000000e+00
3167     9.19999990e-07    1.80000000e+00    0.00000000e+00    0.00000000e+00    0.00000000e+00    0.00000000e+00    0.00000000e+00    0.00000000e+00
3168     9.19999990e-07    1.78875000e+00    0.00000000e+00    0.00000000e+00    0.00000000e+00    0.00000000e+00    0.00000000e+00    0.00000000e+00
3169     9.19999990e-07    1.76624999e+00    0.00000000e+00    0.00000000e+00    0.00000000e+00    0.00000000e+00    0.00000000e+00    0.00000000e+00
3170     9.19999990e-07    1.72124999e+00    0.00000000e+00    0.00000000e+00    0.00000000e+00    0.00000000e+00    0.00000000e+00    0.00000000e+00
3171     9.19999991e-07    1.63125000e+00    0.00000000e+00    0.00000000e+00    0.00000000e+00    0.00000000e+00    0.00000000e+00    0.00000000e+00
3172     9.19999992e-07    1.45125000e+00    0.00000000e+00    0.00000000e+00    0.00000000e+00    0.00000000e+00    0.00000000e+00    0.00000000e+00
3173     9.19999994e-07    1.09125000e+00    0.00000000e+00    0.00000000e+00    0.00000000e+00    0.00000000e+00    0.00000000e+00    0.00000000e+00
3174     9.19999998e-07    3.71250004e-01    0.00000000e+00    0.00000000e+00    0.00000000e+00    0.00000000e+00    0.00000000e+00    0.00000000e+00
3175     9.20000000e-07    0.00000000e+00    0.00000000e+00    0.00000000e+00    0.00000000e+00    0.00000000e+00    0.00000000e+00    0.00000000e+00
3176     9.20000001e-07    0.00000000e+00    0.00000000e+00    0.00000000e+00    0.00000000e+00    0.00000000e+00    0.00000000e+00    0.00000000e+00
3177     9.20000002e-07    0.00000000e+00    0.00000000e+00    0.00000000e+00    0.00000000e+00    0.00000000e+00    0.00000000e+00    0.00000000e+00
3178     9.20000006e-07    0.00000000e+00    0.00000000e+00    0.00000000e+00    0.00000000e+00    0.00000000e+00    0.00000000e+00    0.00000000e+00
3179     9.20000012e-07    0.00000000e+00    0.00000000e+00    0.00000000e+00    0.00000000e+00    0.00000000e+00    0.00000000e+00    0.00000000e+00
3180     9.20000025e-07    0.00000000e+00    0.00000000e+00    0.00000000e+00    0.00000000e+00    0.00000000e+00    0.00000000e+00    0.00000000e+00
3181     9.20000050e-07    0.00000000e+00    0.00000000e+00    0.00000000e+00    0.00000000e+00    0.00000000e+00    0.00000000e+00    0.00000000e+00
3182     9.20000102e-07    0.00000000e+00    0.00000000e+00    0.00000000e+00    0.00000000e+00    0.00000000e+00    0.00000000e+00    0.00000000e+00
3183     9.20000204e-07    0.00000000e+00    0.00000000e+00    0.00000000e+00    0.00000000e+00    0.00000000e+00    0.00000000e+00    0.00000000e+00
3184     9.20000409e-07    0.00000000e+00    0.00000000e+00    0.00000000e+00    0.00000000e+00    0.00000000e+00    0.00000000e+00    0.00000000e+00
3185     9.20000818e-07    0.00000000e+00    0.00000000e+00    0.00000000e+00    0.00000000e+00    0.00000000e+00    0.00000000e+00    0.00000000e+00
3186     9.20001638e-07    0.00000000e+00    0.00000000e+00    0.00000000e+00    0.00000000e+00    0.00000000e+00    0.00000000e+00    0.00000000e+00
3187     9.20003276e-07    0.00000000e+00    0.00000000e+00    0.00000000e+00    0.00000000e+00    0.00000000e+00    0.00000000e+00    0.00000000e+00
3188     9.20006553e-07    0.00000000e+00    0.00000000e+00    0.00000000e+00    0.00000000e+00    0.00000000e+00    0.00000000e+00    0.00000000e+00
3189     9.20013106e-07    0.00000000e+00    0.00000000e+00    0.00000000e+00    0.00000000e+00    0.00000000e+00    0.00000000e+00    0.00000000e+00
3190     9.20026214e-07    0.00000000e+00    0.00000000e+00    0.00000000e+00    0.00000000e+00    0.00000000e+00    0.00000000e+00    0.00000000e+00
3191     9.20052428e-07    0.00000000e+00    0.00000000e+00    0.00000000e+00    0.00000000e+00    0.00000000e+00    0.00000000e+00    0.00000000e+00
3192     9.20104857e-07    0.00000000e+00    0.00000000e+00    0.00000000e+00    0.00000000e+00    0.00000000e+00    0.00000000e+00    0.00000000e+00
3193     9.20209714e-07    0.00000000e+00    0.00000000e+00    0.00000000e+00    0.00000000e+00    0.00000000e+00    0.00000000e+00    0.00000000e+00
3194     9.20419430e-07    0.00000000e+00    0.00000000e+00    0.00000000e+00    0.00000000e+00    0.00000000e+00    0.00000000e+00    0.00000000e+00
3195     9.20838860e-07    0.00000000e+00    0.00000000e+00    0.00000000e+00    0.00000000e+00    0.00000000e+00    0.00000000e+00    0.00000000e+00
3196     9.21677721e-07    0.00000000e+00    0.00000000e+00    0.00000000e+00    0.00000000e+00    0.00000000e+00    0.00000000e+00    0.00000000e+00
3197     9.23355442e-07    0.00000000e+00    0.00000000e+00    0.00000000e+00    0.00000000e+00    0.00000000e+00    0.00000000e+00    0.00000000e+00
3198     9.26710886e-07    0.00000000e+00    0.00000000e+00    0.00000000e+00    0.00000000e+00    0.00000000e+00    0.00000000e+00    0.00000000e+00
3199     9.29999990e-07    0.00000000e+00    0.00000000e+00    0.00000000e+00    0.00000000e+00    0.00000000e+00    0.00000000e+00    0.00000000e+00
3200     9.29999990e-07    7.03115694e-04    0.00000000e+00    0.00000000e+00    0.00000000e+00    0.00000000e+00    0.00000000e+00    0.00000000e+00
3201     9.29999990e-07    1.28450640e-03    0.00000000e+00    0.00000000e+00    0.00000000e+00    0.00000000e+00    0.00000000e+00    0.00000000e+00
3202     9.29999990e-07    2.44730687e-03    0.00000000e+00    0.00000000e+00    0.00000000e+00    0.00000000e+00    0.00000000e+00    0.00000000e+00
3203     9.29999990e-07    4.77288876e-03    0.00000000e+00    0.00000000e+00    0.00000000e+00    0.00000000e+00    0.00000000e+00    0.00000000e+00
3204     9.29999990e-07    9.42407160e-03    0.00000000e+00    0.00000000e+00    0.00000000e+00    0.00000000e+00    0.00000000e+00    0.00000000e+00
3205     9.29999990e-07    1.87264373e-02    0.00000000e+00    0.00000000e+00    0.00000000e+00    0.00000000e+00    0.00000000e+00    0.00000000e+00
3206     9.29999990e-07    3.73311495e-02    0.00000000e+00    0.00000000e+00    0.00000000e+00    0.00000000e+00    0.00000000e+00    0.00000000e+00
3207     9.29999990e-07    7.45405741e-02    0.00000000e+00    0.00000000e+00    0.00000000e+00    0.00000000e+00    0.00000000e+00    0.00000000e+00
3208     9.29999991e-07    1.48959423e-01    0.00000000e+00    0.00000000e+00    0.00000000e+00    0.00000000e+00    0.00000000e+00    0.00000000e+00
3209     9.29999992e-07    2.97797140e-01    0.00000000e+00    0.00000000e+00    0.00000000e+00    0.00000000e+00    0.00000000e+00    0.00000000e+00
3210     9.29999993e-07    5.95472556e-01    0.00000000e+00    0.00000000e+00    0.00000000e+00    0.00000000e+00    0.00000000e+00    0.00000000e+00
3211     9.29999997e-07    1.19082341e+00    0.00000000e+00    0.00000000e+00    0.00000000e+00    0.00000000e+00    0.00000000e+00    0.00000000e+00
3212     9.30000000e-07    1.80000000e+00    0.00000000e+00    0.00000000e+00    0.00000000e+00    0.00000000e+00    0.00000000e+00    0.00000000e+00
3213     9.30000001e-07    1.80000000e+00    0.00000000e+00    0.00000000e+00    0.00000000e+00    0.00000000e+00    0.00000000e+00    0.00000000e+00
3214     9.30000002e-07    1.80000000e+00    0.00000000e+00    0.00000000e+00    0.00000000e+00    0.00000000e+00    0.00000000e+00    0.00000000e+00
3215     9.30000005e-07    1.80000000e+00    0.00000000e+00    0.00000000e+00    0.00000000e+00    0.00000000e+00    0.00000000e+00    0.00000000e+00
3216     9.30000010e-07    1.80000000e+00    0.00000000e+00    0.00000000e+00    0.00000000e+00    0.00000000e+00    0.00000000e+00    0.00000000e+00
3217     9.30000021e-07    1.80000000e+00    0.00000000e+00    0.00000000e+00    0.00000000e+00    0.00000000e+00    0.00000000e+00    0.00000000e+00
3218     9.30000042e-07    1.80000000e+00    0.00000000e+00    0.00000000e+00    0.00000000e+00    0.00000000e+00    0.00000000e+00    0.00000000e+00
3219     9.30000084e-07    1.80000000e+00    0.00000000e+00    0.00000000e+00    0.00000000e+00    0.00000000e+00    0.00000000e+00    0.00000000e+00
3220     9.30000169e-07    1.80000000e+00    0.00000000e+00    0.00000000e+00    0.00000000e+00    0.00000000e+00    0.00000000e+00    0.00000000e+00
3221     9.30000338e-07    1.80000000e+00    0.00000000e+00    0.00000000e+00    0.00000000e+00    0.00000000e+00    0.00000000e+00    0.00000000e+00
3222     9.30000677e-07    1.80000000e+00    0.00000000e+00    0.00000000e+00    0.00000000e+00    0.00000000e+00    0.00000000e+00    0.00000000e+00
3223     9.30001354e-07    1.80000000e+00    0.00000000e+00    0.00000000e+00    0.00000000e+00    0.00000000e+00    0.00000000e+00    0.00000000e+00
3224     9.30002709e-07    1.80000000e+00    0.00000000e+00    0.00000000e+00    0.00000000e+00    0.00000000e+00    0.00000000e+00    0.00000000e+00
3225     9.30005418e-07    1.80000000e+00    0.00000000e+00    0.00000000e+00    0.00000000e+00    0.00000000e+00    0.00000000e+00    0.00000000e+00
3226     9.30010837e-07    1.80000000e+00    0.00000000e+00    0.00000000e+00    0.00000000e+00    0.00000000e+00    0.00000000e+00    0.00000000e+00
3227     9.30021675e-07    1.80000000e+00    0.00000000e+00    0.00000000e+00    0.00000000e+00    0.00000000e+00    0.00000000e+00    0.00000000e+00
3228     9.30043351e-07    1.80000000e+00    0.00000000e+00    0.00000000e+00    0.00000000e+00    0.00000000e+00    0.00000000e+00    0.00000000e+00
3229     9.30086704e-07    1.80000000e+00    0.00000000e+00    0.00000000e+00    0.00000000e+00    0.00000000e+00    0.00000000e+00    0.00000000e+00
3230     9.30173408e-07    1.80000000e+00    0.00000000e+00    0.00000000e+00    0.00000000e+00    0.00000000e+00    0.00000000e+00    0.00000000e+00
3231     9.30346816e-07    1.80000000e+00    0.00000000e+00    0.00000000e+00    0.00000000e+00    0.00000000e+00    0.00000000e+00    0.00000000e+00
3232     9.30693633e-07    1.80000000e+00    0.00000000e+00    0.00000000e+00    0.00000000e+00    0.00000000e+00    0.00000000e+00    0.00000000e+00
3233     9.31387267e-07    1.80000000e+00    0.00000000e+00    0.00000000e+00    0.00000000e+00    0.00000000e+00    0.00000000e+00    0.00000000e+00
3234     9.32774535e-07    1.80000000e+00    0.00000000e+00    0.00000000e+00    0.00000000e+00    0.00000000e+00    0.00000000e+00    0.00000000e+00
3235     9.35549071e-07    1.80000000e+00    0.00000000e+00    0.00000000e+00    0.00000000e+00    0.00000000e+00    0.00000000e+00    0.00000000e+00
3236     9.39999990e-07    1.80000000e+00    0.00000000e+00    0.00000000e+00    0.00000000e+00    0.00000000e+00    0.00000000e+00    0.00000000e+00
3237     9.39999990e-07    1.78875000e+00    0.00000000e+00    0.00000000e+00    0.00000000e+00    0.00000000e+00    0.00000000e+00    0.00000000e+00
3238     9.39999990e-07    1.76624999e+00    0.00000000e+00    0.00000000e+00    0.00000000e+00    0.00000000e+00    0.00000000e+00    0.00000000e+00
3239     9.39999990e-07    1.72124999e+00    0.00000000e+00    0.00000000e+00    0.00000000e+00    0.00000000e+00    0.00000000e+00    0.00000000e+00
3240     9.39999991e-07    1.63125000e+00    0.00000000e+00    0.00000000e+00    0.00000000e+00    0.00000000e+00    0.00000000e+00    0.00000000e+00
3241     9.39999992e-07    1.45125000e+00    0.00000000e+00    0.00000000e+00    0.00000000e+00    0.00000000e+00    0.00000000e+00    0.00000000e+00
3242     9.39999994e-07    1.09125000e+00    0.00000000e+00    0.00000000e+00    0.00000000e+00    0.00000000e+00    0.00000000e+00    0.00000000e+00
3243     9.39999998e-07    3.71250004e-01    0.00000000e+00    0.00000000e+00    0.00000000e+00    0.00000000e+00    0.00000000e+00    0.00000000e+00
3244     9.40000000e-07    0.00000000e+00    0.00000000e+00    0.00000000e+00    0.00000000e+00    0.00000000e+00    0.00000000e+00    0.00000000e+00
3245     9.40000001e-07    0.00000000e+00    0.00000000e+00    0.00000000e+00    0.00000000e+00    0.00000000e+00    0.00000000e+00    0.00000000e+00
3246     9.40000002e-07    0.00000000e+00    0.00000000e+00    0.00000000e+00    0.00000000e+00    0.00000000e+00    0.00000000e+00    0.00000000e+00
3247     9.40000006e-07    0.00000000e+00    0.00000000e+00    0.00000000e+00    0.00000000e+00    0.00000000e+00    0.00000000e+00    0.00000000e+00
3248     9.40000012e-07    0.00000000e+00    0.00000000e+00    0.00000000e+00    0.00000000e+00    0.00000000e+00    0.00000000e+00    0.00000000e+00
3249     9.40000025e-07    0.00000000e+00    0.00000000e+00    0.00000000e+00    0.00000000e+00    0.00000000e+00    0.00000000e+00    0.00000000e+00
3250     9.40000050e-07    0.00000000e+00    0.00000000e+00    0.00000000e+00    0.00000000e+00    0.00000000e+00    0.00000000e+00    0.00000000e+00
3251     9.40000102e-07    0.00000000e+00    0.00000000e+00    0.00000000e+00    0.00000000e+00    0.00000000e+00    0.00000000e+00    0.00000000e+00
3252     9.40000204e-07    0.00000000e+00    0.00000000e+00    0.00000000e+00    0.00000000e+00    0.00000000e+00    0.00000000e+00    0.00000000e+00
3253     9.40000409e-07    0.00000000e+00    0.00000000e+00    0.00000000e+00    0.00000000e+00    0.00000000e+00    0.00000000e+00    0.00000000e+00
3254     9.40000818e-07    0.00000000e+00    0.00000000e+00    0.00000000e+00    0.00000000e+00    0.00000000e+00    0.00000000e+00    0.00000000e+00
3255     9.40001638e-07    0.00000000e+00    0.00000000e+00    0.00000000e+00    0.00000000e+00    0.00000000e+00    0.00000000e+00    0.00000000e+00
3256     9.40003276e-07    0.00000000e+00    0.00000000e+00    0.00000000e+00    0.00000000e+00    0.00000000e+00    0.00000000e+00    0.00000000e+00
3257     9.40006553e-07    0.00000000e+00    0.00000000e+00    0.00000000e+00    0.00000000e+00    0.00000000e+00    0.00000000e+00    0.00000000e+00
3258     9.40013106e-07    0.00000000e+00    0.00000000e+00    0.00000000e+00    0.00000000e+00    0.00000000e+00    0.00000000e+00    0.00000000e+00
3259     9.40026214e-07    0.00000000e+00    0.00000000e+00    0.00000000e+00    0.00000000e+00    0.00000000e+00    0.00000000e+00    0.00000000e+00
3260     9.40052428e-07    0.00000000e+00    0.00000000e+00    0.00000000e+00    0.00000000e+00    0.00000000e+00    0.00000000e+00    0.00000000e+00
3261     9.40104857e-07    0.00000000e+00    0.00000000e+00    0.00000000e+00    0.00000000e+00    0.00000000e+00    0.00000000e+00    0.00000000e+00
3262     9.40209714e-07    0.00000000e+00    0.00000000e+00    0.00000000e+00    0.00000000e+00    0.00000000e+00    0.00000000e+00    0.00000000e+00
3263     9.40419430e-07    0.00000000e+00    0.00000000e+00    0.00000000e+00    0.00000000e+00    0.00000000e+00    0.00000000e+00    0.00000000e+00
3264     9.40838860e-07    0.00000000e+00    0.00000000e+00    0.00000000e+00    0.00000000e+00    0.00000000e+00    0.00000000e+00    0.00000000e+00
3265     9.41677721e-07    0.00000000e+00    0.00000000e+00    0.00000000e+00    0.00000000e+00    0.00000000e+00    0.00000000e+00    0.00000000e+00
3266     9.43355442e-07    0.00000000e+00    0.00000000e+00    0.00000000e+00    0.00000000e+00    0.00000000e+00    0.00000000e+00    0.00000000e+00
3267     9.46710886e-07    0.00000000e+00    0.00000000e+00    0.00000000e+00    0.00000000e+00    0.00000000e+00    0.00000000e+00    0.00000000e+00
3268     9.49999990e-07    0.00000000e+00    0.00000000e+00    0.00000000e+00    0.00000000e+00    0.00000000e+00    0.00000000e+00    0.00000000e+00
3269     9.49999990e-07    7.03115694e-04    0.00000000e+00    0.00000000e+00    0.00000000e+00    0.00000000e+00    0.00000000e+00    0.00000000e+00
3270     9.49999990e-07    1.28450640e-03    0.00000000e+00    0.00000000e+00    0.00000000e+00    0.00000000e+00    0.00000000e+00    0.00000000e+00
3271     9.49999990e-07    2.44730687e-03    0.00000000e+00    0.00000000e+00    0.00000000e+00    0.00000000e+00    0.00000000e+00    0.00000000e+00
3272     9.49999990e-07    4.77288876e-03    0.00000000e+00    0.00000000e+00    0.00000000e+00    0.00000000e+00    0.00000000e+00    0.00000000e+00
3273     9.49999990e-07    9.42407160e-03    0.00000000e+00    0.00000000e+00    0.00000000e+00    0.00000000e+00    0.00000000e+00    0.00000000e+00
3274     9.49999990e-07    1.87264373e-02    0.00000000e+00    0.00000000e+00    0.00000000e+00    0.00000000e+00    0.00000000e+00    0.00000000e+00
3275     9.49999990e-07    3.73311495e-02    0.00000000e+00    0.00000000e+00    0.00000000e+00    0.00000000e+00    0.00000000e+00    0.00000000e+00
3276     9.49999990e-07    7.45405741e-02    0.00000000e+00    0.00000000e+00    0.00000000e+00    0.00000000e+00    0.00000000e+00    0.00000000e+00
3277     9.49999991e-07    1.48959423e-01    0.00000000e+00    0.00000000e+00    0.00000000e+00    0.00000000e+00    0.00000000e+00    0.00000000e+00
3278     9.49999992e-07    2.97797140e-01    0.00000000e+00    0.00000000e+00    0.00000000e+00    0.00000000e+00    0.00000000e+00    0.00000000e+00
3279     9.49999993e-07    5.95472556e-01    0.00000000e+00    0.00000000e+00    0.00000000e+00    0.00000000e+00    0.00000000e+00    0.00000000e+00
3280     9.49999997e-07    1.19082341e+00    0.00000000e+00    0.00000000e+00    0.00000000e+00    0.00000000e+00    0.00000000e+00    0.00000000e+00
3281     9.50000000e-07    1.80000000e+00    0.00000000e+00    0.00000000e+00    0.00000000e+00    0.00000000e+00    0.00000000e+00    0.00000000e+00
3282     9.50000001e-07    1.80000000e+00    0.00000000e+00    0.00000000e+00    0.00000000e+00    0.00000000e+00    0.00000000e+00    0.00000000e+00
3283     9.50000002e-07    1.80000000e+00    0.00000000e+00    0.00000000e+00    0.00000000e+00    0.00000000e+00    0.00000000e+00    0.00000000e+00
3284     9.50000005e-07    1.80000000e+00    0.00000000e+00    0.00000000e+00    0.00000000e+00    0.00000000e+00    0.00000000e+00    0.00000000e+00
3285     9.50000010e-07    1.80000000e+00    0.00000000e+00    0.00000000e+00    0.00000000e+00    0.00000000e+00    0.00000000e+00    0.00000000e+00
3286     9.50000021e-07    1.80000000e+00    0.00000000e+00    0.00000000e+00    0.00000000e+00    0.00000000e+00    0.00000000e+00    0.00000000e+00
3287     9.50000042e-07    1.80000000e+00    0.00000000e+00    0.00000000e+00    0.00000000e+00    0.00000000e+00    0.00000000e+00    0.00000000e+00
3288     9.50000084e-07    1.80000000e+00    0.00000000e+00    0.00000000e+00    0.00000000e+00    0.00000000e+00    0.00000000e+00    0.00000000e+00
3289     9.50000169e-07    1.80000000e+00    0.00000000e+00    0.00000000e+00    0.00000000e+00    0.00000000e+00    0.00000000e+00    0.00000000e+00
3290     9.50000338e-07    1.80000000e+00    0.00000000e+00    0.00000000e+00    0.00000000e+00    0.00000000e+00    0.00000000e+00    0.00000000e+00
3291     9.50000677e-07    1.80000000e+00    0.00000000e+00    0.00000000e+00    0.00000000e+00    0.00000000e+00    0.00000000e+00    0.00000000e+00
3292     9.50001354e-07    1.80000000e+00    0.00000000e+00    0.00000000e+00    0.00000000e+00    0.00000000e+00    0.00000000e+00    0.00000000e+00
3293     9.50002709e-07    1.80000000e+00    0.00000000e+00    0.00000000e+00    0.00000000e+00    0.00000000e+00    0.00000000e+00    0.00000000e+00
3294     9.50005418e-07    1.80000000e+00    0.00000000e+00    0.00000000e+00    0.00000000e+00    0.00000000e+00    0.00000000e+00    0.00000000e+00
3295     9.50010837e-07    1.80000000e+00    0.00000000e+00    0.00000000e+00    0.00000000e+00    0.00000000e+00    0.00000000e+00    0.00000000e+00
3296     9.50021675e-07    1.80000000e+00    0.00000000e+00    0.00000000e+00    0.00000000e+00    0.00000000e+00    0.00000000e+00    0.00000000e+00
3297     9.50043351e-07    1.80000000e+00    0.00000000e+00    0.00000000e+00    0.00000000e+00    0.00000000e+00    0.00000000e+00    0.00000000e+00
3298     9.50086704e-07    1.80000000e+00    0.00000000e+00    0.00000000e+00    0.00000000e+00    0.00000000e+00    0.00000000e+00    0.00000000e+00
3299     9.50173408e-07    1.80000000e+00    0.00000000e+00    0.00000000e+00    0.00000000e+00    0.00000000e+00    0.00000000e+00    0.00000000e+00
3300     9.50346816e-07    1.80000000e+00    0.00000000e+00    0.00000000e+00    0.00000000e+00    0.00000000e+00    0.00000000e+00    0.00000000e+00
3301     9.50693633e-07    1.80000000e+00    0.00000000e+00    0.00000000e+00    0.00000000e+00    0.00000000e+00    0.00000000e+00    0.00000000e+00
3302     9.51387267e-07    1.80000000e+00    0.00000000e+00    0.00000000e+00    0.00000000e+00    0.00000000e+00    0.00000000e+00    0.00000000e+00
3303     9.52774535e-07    1.80000000e+00    0.00000000e+00    0.00000000e+00    0.00000000e+00    0.00000000e+00    0.00000000e+00    0.00000000e+00
3304     9.55549071e-07    1.80000000e+00    0.00000000e+00    0.00000000e+00    0.00000000e+00    0.00000000e+00    0.00000000e+00    0.00000000e+00
3305     9.59999990e-07    1.80000000e+00    0.00000000e+00    0.00000000e+00    0.00000000e+00    0.00000000e+00    0.00000000e+00    0.00000000e+00
3306     9.59999990e-07    1.78875000e+00    0.00000000e+00    0.00000000e+00    0.00000000e+00    0.00000000e+00    0.00000000e+00    0.00000000e+00
3307     9.59999990e-07    1.76624999e+00    0.00000000e+00    0.00000000e+00    0.00000000e+00    0.00000000e+00    0.00000000e+00    0.00000000e+00
3308     9.59999990e-07    1.72124997e+00    0.00000000e+00    0.00000000e+00    0.00000000e+00    0.00000000e+00    0.00000000e+00    0.00000000e+00
3309     9.59999991e-07    1.63124998e+00    0.00000000e+00    0.00000000e+00    0.00000000e+00    0.00000000e+00    0.00000000e+00    0.00000000e+00
3310     9.59999992e-07    1.45124997e+00    0.00000000e+00    0.00000000e+00    0.00000000e+00    0.00000000e+00    0.00000000e+00    0.00000000e+00
3311     9.59999994e-07    1.09124997e+00    0.00000000e+00    0.00000000e+00    0.00000000e+00    0.00000000e+00    0.00000000e+00    0.00000000e+00
3312     9.59999998e-07    3.71249965e-01    0.00000000e+00    0.00000000e+00    0.00000000e+00    0.00000000e+00    0.00000000e+00    0.00000000e+00
3313     9.60000000e-07    0.00000000e+00    0.00000000e+00    0.00000000e+00    0.00000000e+00    0.00000000e+00    0.00000000e+00    0.00000000e+00
3314     9.60000001e-07    0.00000000e+00    0.00000000e+00    0.00000000e+00    0.00000000e+00    0.00000000e+00    0.00000000e+00    0.00000000e+00
3315     9.60000002e-07    0.00000000e+00    0.00000000e+00    0.00000000e+00    0.00000000e+00    0.00000000e+00    0.00000000e+00    0.00000000e+00
3316     9.60000006e-07    0.00000000e+00    0.00000000e+00    0.00000000e+00    0.00000000e+00    0.00000000e+00    0.00000000e+00    0.00000000e+00
3317     9.60000012e-07    0.00000000e+00    0.00000000e+00    0.00000000e+00    0.00000000e+00    0.00000000e+00    0.00000000e+00    0.00000000e+00
3318     9.60000025e-07    0.00000000e+00    0.00000000e+00    0.00000000e+00    0.00000000e+00    0.00000000e+00    0.00000000e+00    0.00000000e+00
3319     9.60000050e-07    0.00000000e+00    0.00000000e+00    0.00000000e+00    0.00000000e+00    0.00000000e+00    0.00000000e+00    0.00000000e+00
3320     9.60000102e-07    0.00000000e+00    0.00000000e+00    0.00000000e+00    0.00000000e+00    0.00000000e+00    0.00000000e+00    0.00000000e+00
3321     9.60000204e-07    0.00000000e+00    0.00000000e+00    0.00000000e+00    0.00000000e+00    0.00000000e+00    0.00000000e+00    0.00000000e+00
3322     9.60000409e-07    0.00000000e+00    0.00000000e+00    0.00000000e+00    0.00000000e+00    0.00000000e+00    0.00000000e+00    0.00000000e+00
3323     9.60000818e-07    0.00000000e+00    0.00000000e+00    0.00000000e+00    0.00000000e+00    0.00000000e+00    0.00000000e+00    0.00000000e+00
3324     9.60001638e-07    0.00000000e+00    0.00000000e+00    0.00000000e+00    0.00000000e+00    0.00000000e+00    0.00000000e+00    0.00000000e+00
3325     9.60003276e-07    0.00000000e+00    0.00000000e+00    0.00000000e+00    0.00000000e+00    0.00000000e+00    0.00000000e+00    0.00000000e+00
3326     9.60006553e-07    0.00000000e+00    0.00000000e+00    0.00000000e+00    0.00000000e+00    0.00000000e+00    0.00000000e+00    0.00000000e+00
3327     9.60013106e-07    0.00000000e+00    0.00000000e+00    0.00000000e+00    0.00000000e+00    0.00000000e+00    0.00000000e+00    0.00000000e+00
3328     9.60026214e-07    0.00000000e+00    0.00000000e+00    0.00000000e+00    0.00000000e+00    0.00000000e+00    0.00000000e+00    0.00000000e+00
3329     9.60052428e-07    0.00000000e+00    0.00000000e+00    0.00000000e+00    0.00000000e+00    0.00000000e+00    0.00000000e+00    0.00000000e+00
3330     9.60104857e-07    0.00000000e+00    0.00000000e+00    0.00000000e+00    0.00000000e+00    0.00000000e+00    0.00000000e+00    0.00000000e+00
3331     9.60209714e-07    0.00000000e+00    0.00000000e+00    0.00000000e+00    0.00000000e+00    0.00000000e+00    0.00000000e+00    0.00000000e+00
3332     9.60419430e-07    0.00000000e+00    0.00000000e+00    0.00000000e+00    0.00000000e+00    0.00000000e+00    0.00000000e+00    0.00000000e+00
3333     9.60838860e-07    0.00000000e+00    0.00000000e+00    0.00000000e+00    0.00000000e+00    0.00000000e+00    0.00000000e+00    0.00000000e+00
3334     9.61677721e-07    0.00000000e+00    0.00000000e+00    0.00000000e+00    0.00000000e+00    0.00000000e+00    0.00000000e+00    0.00000000e+00
3335     9.63355442e-07    0.00000000e+00    0.00000000e+00    0.00000000e+00    0.00000000e+00    0.00000000e+00    0.00000000e+00    0.00000000e+00
3336     9.66710886e-07    0.00000000e+00    0.00000000e+00    0.00000000e+00    0.00000000e+00    0.00000000e+00    0.00000000e+00    0.00000000e+00
3337     9.69999990e-07    0.00000000e+00    0.00000000e+00    0.00000000e+00    0.00000000e+00    0.00000000e+00    0.00000000e+00    0.00000000e+00
3338     9.69999990e-07    7.03134752e-04    0.00000000e+00    0.00000000e+00    0.00000000e+00    0.00000000e+00    0.00000000e+00    0.00000000e+00
3339     9.69999990e-07    1.28452546e-03    0.00000000e+00    0.00000000e+00    0.00000000e+00    0.00000000e+00    0.00000000e+00    0.00000000e+00
3340     9.69999990e-07    2.44730687e-03    0.00000000e+00    0.00000000e+00    0.00000000e+00    0.00000000e+00    0.00000000e+00    0.00000000e+00
3341     9.69999990e-07    4.77286970e-03    0.00000000e+00    0.00000000e+00    0.00000000e+00    0.00000000e+00    0.00000000e+00    0.00000000e+00
3342     9.69999990e-07    9.42399536e-03    0.00000000e+00    0.00000000e+00    0.00000000e+00    0.00000000e+00    0.00000000e+00    0.00000000e+00
3343     9.69999990e-07    1.87262086e-02    0.00000000e+00    0.00000000e+00    0.00000000e+00    0.00000000e+00    0.00000000e+00    0.00000000e+00
3344     9.69999990e-07    3.73306731e-02    0.00000000e+00    0.00000000e+00    0.00000000e+00    0.00000000e+00    0.00000000e+00    0.00000000e+00
3345     9.69999990e-07    7.45396021e-02    0.00000000e+00    0.00000000e+00    0.00000000e+00    0.00000000e+00    0.00000000e+00    0.00000000e+00
3346     9.69999991e-07    1.48957460e-01    0.00000000e+00    0.00000000e+00    0.00000000e+00    0.00000000e+00    0.00000000e+00    0.00000000e+00
3347     9.69999992e-07    2.97793138e-01    0.00000000e+00    0.00000000e+00    0.00000000e+00    0.00000000e+00    0.00000000e+00    0.00000000e+00
3348     9.69999993e-07    5.95464532e-01    0.00000000e+00    0.00000000e+00    0.00000000e+00    0.00000000e+00    0.00000000e+00    0.00000000e+00
3349     9.69999997e-07    1.19080732e+00    0.00000000e+00    0.00000000e+00    0.00000000e+00    0.00000000e+00    0.00000000e+00    0.00000000e+00
3350     9.70000000e-07    1.80000000e+00    0.00000000e+00    0.00000000e+00    0.00000000e+00    0.00000000e+00    0.00000000e+00    0.00000000e+00
3351     9.70000001e-07    1.80000000e+00    0.00000000e+00    0.00000000e+00    0.00000000e+00    0.00000000e+00    0.00000000e+00    0.00000000e+00
3352     9.70000002e-07    1.80000000e+00    0.00000000e+00    0.00000000e+00    0.00000000e+00    0.00000000e+00    0.00000000e+00    0.00000000e+00
3353     9.70000005e-07    1.80000000e+00    0.00000000e+00    0.00000000e+00    0.00000000e+00    0.00000000e+00    0.00000000e+00    0.00000000e+00
3354     9.70000010e-07    1.80000000e+00    0.00000000e+00    0.00000000e+00    0.00000000e+00    0.00000000e+00    0.00000000e+00    0.00000000e+00
3355     9.70000021e-07    1.80000000e+00    0.00000000e+00    0.00000000e+00    0.00000000e+00    0.00000000e+00    0.00000000e+00    0.00000000e+00
3356     9.70000042e-07    1.80000000e+00    0.00000000e+00    0.00000000e+00    0.00000000e+00    0.00000000e+00    0.00000000e+00    0.00000000e+00
3357     9.70000084e-07    1.80000000e+00    0.00000000e+00    0.00000000e+00    0.00000000e+00    0.00000000e+00    0.00000000e+00    0.00000000e+00
3358     9.70000169e-07    1.80000000e+00    0.00000000e+00    0.00000000e+00    0.00000000e+00    0.00000000e+00    0.00000000e+00    0.00000000e+00
3359     9.70000338e-07    1.80000000e+00    0.00000000e+00    0.00000000e+00    0.00000000e+00    0.00000000e+00    0.00000000e+00    0.00000000e+00
3360     9.70000677e-07    1.80000000e+00    0.00000000e+00    0.00000000e+00    0.00000000e+00    0.00000000e+00    0.00000000e+00    0.00000000e+00
3361     9.70001354e-07    1.80000000e+00    0.00000000e+00    0.00000000e+00    0.00000000e+00    0.00000000e+00    0.00000000e+00    0.00000000e+00
3362     9.70002709e-07    1.80000000e+00    0.00000000e+00    0.00000000e+00    0.00000000e+00    0.00000000e+00    0.00000000e+00    0.00000000e+00
3363     9.70005418e-07    1.80000000e+00    0.00000000e+00    0.00000000e+00    0.00000000e+00    0.00000000e+00    0.00000000e+00    0.00000000e+00
3364     9.70010837e-07    1.80000000e+00    0.00000000e+00    0.00000000e+00    0.00000000e+00    0.00000000e+00    0.00000000e+00    0.00000000e+00
3365     9.70021675e-07    1.80000000e+00    0.00000000e+00    0.00000000e+00    0.00000000e+00    0.00000000e+00    0.00000000e+00    0.00000000e+00
3366     9.70043351e-07    1.80000000e+00    0.00000000e+00    0.00000000e+00    0.00000000e+00    0.00000000e+00    0.00000000e+00    0.00000000e+00
3367     9.70086702e-07    1.80000000e+00    0.00000000e+00    0.00000000e+00    0.00000000e+00    0.00000000e+00    0.00000000e+00    0.00000000e+00
3368     9.70173405e-07    1.80000000e+00    0.00000000e+00    0.00000000e+00    0.00000000e+00    0.00000000e+00    0.00000000e+00    0.00000000e+00
3369     9.70346812e-07    1.80000000e+00    0.00000000e+00    0.00000000e+00    0.00000000e+00    0.00000000e+00    0.00000000e+00    0.00000000e+00
3370     9.70693624e-07    1.80000000e+00    0.00000000e+00    0.00000000e+00    0.00000000e+00    0.00000000e+00    0.00000000e+00    0.00000000e+00
3371     9.71387249e-07    1.80000000e+00    0.00000000e+00    0.00000000e+00    0.00000000e+00    0.00000000e+00    0.00000000e+00    0.00000000e+00
3372     9.72774498e-07    1.80000000e+00    0.00000000e+00    0.00000000e+00    0.00000000e+00    0.00000000e+00    0.00000000e+00    0.00000000e+00
3373     9.75548996e-07    1.80000000e+00    0.00000000e+00    0.00000000e+00    0.00000000e+00    0.00000000e+00    0.00000000e+00    0.00000000e+00
3374     9.79999990e-07    1.80000000e+00    0.00000000e+00    0.00000000e+00    0.00000000e+00    0.00000000e+00    0.00000000e+00    0.00000000e+00
3375     9.79999990e-07    1.78875000e+00    0.00000000e+00    0.00000000e+00    0.00000000e+00    0.00000000e+00    0.00000000e+00    0.00000000e+00
3376     9.79999990e-07    1.76624999e+00    0.00000000e+00    0.00000000e+00    0.00000000e+00    0.00000000e+00    0.00000000e+00    0.00000000e+00
3377     9.79999990e-07    1.72124997e+00    0.00000000e+00    0.00000000e+00    0.00000000e+00    0.00000000e+00    0.00000000e+00    0.00000000e+00
3378     9.79999991e-07    1.63124998e+00    0.00000000e+00    0.00000000e+00    0.00000000e+00    0.00000000e+00    0.00000000e+00    0.00000000e+00
3379     9.79999992e-07    1.45125000e+00    0.00000000e+00    0.00000000e+00    0.00000000e+00    0.00000000e+00    0.00000000e+00    0.00000000e+00
3380     9.79999994e-07    1.09125000e+00    0.00000000e+00    0.00000000e+00    0.00000000e+00    0.00000000e+00    0.00000000e+00    0.00000000e+00
3381     9.79999998e-07    3.71250004e-01    0.00000000e+00    0.00000000e+00    0.00000000e+00    0.00000000e+00    0.00000000e+00    0.00000000e+00
3382     9.80000000e-07    0.00000000e+00    0.00000000e+00    0.00000000e+00    0.00000000e+00    0.00000000e+00    0.00000000e+00    0.00000000e+00
3383     9.80000001e-07    0.00000000e+00    0.00000000e+00    0.00000000e+00    0.00000000e+00    0.00000000e+00    0.00000000e+00    0.00000000e+00
3384     9.80000002e-07    0.00000000e+00    0.00000000e+00    0.00000000e+00    0.00000000e+00    0.00000000e+00    0.00000000e+00    0.00000000e+00
3385     9.80000006e-07    0.00000000e+00    0.00000000e+00    0.00000000e+00    0.00000000e+00    0.00000000e+00    0.00000000e+00    0.00000000e+00
3386     9.80000012e-07    0.00000000e+00    0.00000000e+00    0.00000000e+00    0.00000000e+00    0.00000000e+00    0.00000000e+00    0.00000000e+00
3387     9.80000025e-07    0.00000000e+00    0.00000000e+00    0.00000000e+00    0.00000000e+00    0.00000000e+00    0.00000000e+00    0.00000000e+00
3388     9.80000050e-07    0.00000000e+00    0.00000000e+00    0.00000000e+00    0.00000000e+00    0.00000000e+00    0.00000000e+00    0.00000000e+00
3389     9.80000102e-07    0.00000000e+00    0.00000000e+00    0.00000000e+00    0.00000000e+00    0.00000000e+00    0.00000000e+00    0.00000000e+00
3390     9.80000204e-07    0.00000000e+00    0.00000000e+00    0.00000000e+00    0.00000000e+00    0.00000000e+00    0.00000000e+00    0.00000000e+00
3391     9.80000409e-07    0.00000000e+00    0.00000000e+00    0.00000000e+00    0.00000000e+00    0.00000000e+00    0.00000000e+00    0.00000000e+00
3392     9.80000818e-07    0.00000000e+00    0.00000000e+00    0.00000000e+00    0.00000000e+00    0.00000000e+00    0.00000000e+00    0.00000000e+00
3393     9.80001638e-07    0.00000000e+00    0.00000000e+00    0.00000000e+00    0.00000000e+00    0.00000000e+00    0.00000000e+00    0.00000000e+00
3394     9.80003276e-07    0.00000000e+00    0.00000000e+00    0.00000000e+00    0.00000000e+00    0.00000000e+00    0.00000000e+00    0.00000000e+00
3395     9.80006553e-07    0.00000000e+00    0.00000000e+00    0.00000000e+00    0.00000000e+00    0.00000000e+00    0.00000000e+00    0.00000000e+00
3396     9.80013106e-07    0.00000000e+00    0.00000000e+00    0.00000000e+00    0.00000000e+00    0.00000000e+00    0.00000000e+00    0.00000000e+00
3397     9.80026214e-07    0.00000000e+00    0.00000000e+00    0.00000000e+00    0.00000000e+00    0.00000000e+00    0.00000000e+00    0.00000000e+00
3398     9.80052428e-07    0.00000000e+00    0.00000000e+00    0.00000000e+00    0.00000000e+00    0.00000000e+00    0.00000000e+00    0.00000000e+00
3399     9.80104857e-07    0.00000000e+00    0.00000000e+00    0.00000000e+00    0.00000000e+00    0.00000000e+00    0.00000000e+00    0.00000000e+00
3400     9.80209714e-07    0.00000000e+00    0.00000000e+00    0.00000000e+00    0.00000000e+00    0.00000000e+00    0.00000000e+00    0.00000000e+00
3401     9.80419430e-07    0.00000000e+00    0.00000000e+00    0.00000000e+00    0.00000000e+00    0.00000000e+00    0.00000000e+00    0.00000000e+00
3402     9.80838860e-07    0.00000000e+00    0.00000000e+00    0.00000000e+00    0.00000000e+00    0.00000000e+00    0.00000000e+00    0.00000000e+00
3403     9.81677721e-07    0.00000000e+00    0.00000000e+00    0.00000000e+00    0.00000000e+00    0.00000000e+00    0.00000000e+00    0.00000000e+00
3404     9.83355442e-07    0.00000000e+00    0.00000000e+00    0.00000000e+00    0.00000000e+00    0.00000000e+00    0.00000000e+00    0.00000000e+00
3405     9.86710886e-07    0.00000000e+00    0.00000000e+00    0.00000000e+00    0.00000000e+00    0.00000000e+00    0.00000000e+00    0.00000000e+00
3406     9.89999990e-07    0.00000000e+00    0.00000000e+00    0.00000000e+00    0.00000000e+00    0.00000000e+00    0.00000000e+00    0.00000000e+00
3407     9.89999990e-07    7.03134752e-04    0.00000000e+00    0.00000000e+00    0.00000000e+00    0.00000000e+00    0.00000000e+00    0.00000000e+00
3408     9.89999990e-07    1.28452546e-03    0.00000000e+00    0.00000000e+00    0.00000000e+00    0.00000000e+00    0.00000000e+00    0.00000000e+00
3409     9.89999990e-07    2.44730687e-03    0.00000000e+00    0.00000000e+00    0.00000000e+00    0.00000000e+00    0.00000000e+00    0.00000000e+00
3410     9.89999990e-07    4.77286970e-03    0.00000000e+00    0.00000000e+00    0.00000000e+00    0.00000000e+00    0.00000000e+00    0.00000000e+00
3411     9.89999990e-07    9.42399536e-03    0.00000000e+00    0.00000000e+00    0.00000000e+00    0.00000000e+00    0.00000000e+00    0.00000000e+00
3412     9.89999990e-07    1.87262086e-02    0.00000000e+00    0.00000000e+00    0.00000000e+00    0.00000000e+00    0.00000000e+00    0.00000000e+00
3413     9.89999990e-07    3.73306731e-02    0.00000000e+00    0.00000000e+00    0.00000000e+00    0.00000000e+00    0.00000000e+00    0.00000000e+00
3414     9.89999990e-07    7.45396021e-02    0.00000000e+00    0.00000000e+00    0.00000000e+00    0.00000000e+00    0.00000000e+00    0.00000000e+00
3415     9.89999991e-07    1.48957460e-01    0.00000000e+00    0.00000000e+00    0.00000000e+00    0.00000000e+00    0.00000000e+00    0.00000000e+00
3416     9.89999992e-07    2.97793138e-01    0.00000000e+00    0.00000000e+00    0.00000000e+00    0.00000000e+00    0.00000000e+00    0.00000000e+00
3417     9.89999993e-07    5.95464532e-01    0.00000000e+00    0.00000000e+00    0.00000000e+00    0.00000000e+00    0.00000000e+00    0.00000000e+00
3418     9.89999997e-07    1.19080732e+00    0.00000000e+00    0.00000000e+00    0.00000000e+00    0.00000000e+00    0.00000000e+00    0.00000000e+00
3419     9.90000000e-07    1.80000000e+00    0.00000000e+00    0.00000000e+00    0.00000000e+00    0.00000000e+00    0.00000000e+00    0.00000000e+00
3420     9.90000001e-07    1.80000000e+00    0.00000000e+00    0.00000000e+00    0.00000000e+00    0.00000000e+00    0.00000000e+00    0.00000000e+00
3421     9.90000002e-07    1.80000000e+00    0.00000000e+00    0.00000000e+00    0.00000000e+00    0.00000000e+00    0.00000000e+00    0.00000000e+00
3422     9.90000005e-07    1.80000000e+00    0.00000000e+00    0.00000000e+00    0.00000000e+00    0.00000000e+00    0.00000000e+00    0.00000000e+00
3423     9.90000010e-07    1.80000000e+00    0.00000000e+00    0.00000000e+00    0.00000000e+00    0.00000000e+00    0.00000000e+00    0.00000000e+00
3424     9.90000021e-07    1.80000000e+00    0.00000000e+00    0.00000000e+00    0.00000000e+00    0.00000000e+00    0.00000000e+00    0.00000000e+00
3425     9.90000042e-07    1.80000000e+00    0.00000000e+00    0.00000000e+00    0.00000000e+00    0.00000000e+00    0.00000000e+00    0.00000000e+00
3426     9.90000084e-07    1.80000000e+00    0.00000000e+00    0.00000000e+00    0.00000000e+00    0.00000000e+00    0.00000000e+00    0.00000000e+00
3427     9.90000169e-07    1.80000000e+00    0.00000000e+00    0.00000000e+00    0.00000000e+00    0.00000000e+00    0.00000000e+00    0.00000000e+00
3428     9.90000338e-07    1.80000000e+00    0.00000000e+00    0.00000000e+00    0.00000000e+00    0.00000000e+00    0.00000000e+00    0.00000000e+00
3429     9.90000677e-07    1.80000000e+00    0.00000000e+00    0.00000000e+00    0.00000000e+00    0.00000000e+00    0.00000000e+00    0.00000000e+00
3430     9.90001354e-07    1.80000000e+00    0.00000000e+00    0.00000000e+00    0.00000000e+00    0.00000000e+00    0.00000000e+00    0.00000000e+00
3431     9.90002709e-07    1.80000000e+00    0.00000000e+00    0.00000000e+00    0.00000000e+00    0.00000000e+00    0.00000000e+00    0.00000000e+00
3432     9.90005418e-07    1.80000000e+00    0.00000000e+00    0.00000000e+00    0.00000000e+00    0.00000000e+00    0.00000000e+00    0.00000000e+00
3433     9.90010837e-07    1.80000000e+00    0.00000000e+00    0.00000000e+00    0.00000000e+00    0.00000000e+00    0.00000000e+00    0.00000000e+00
3434     9.90021675e-07    1.80000000e+00    0.00000000e+00    0.00000000e+00    0.00000000e+00    0.00000000e+00    0.00000000e+00    0.00000000e+00
3435     9.90043351e-07    1.80000000e+00    0.00000000e+00    0.00000000e+00    0.00000000e+00    0.00000000e+00    0.00000000e+00    0.00000000e+00
3436     9.90086702e-07    1.80000000e+00    0.00000000e+00    0.00000000e+00    0.00000000e+00    0.00000000e+00    0.00000000e+00    0.00000000e+00
3437     9.90173405e-07    1.80000000e+00    0.00000000e+00    0.00000000e+00    0.00000000e+00    0.00000000e+00    0.00000000e+00    0.00000000e+00
3438     9.90346812e-07    1.80000000e+00    0.00000000e+00    0.00000000e+00    0.00000000e+00    0.00000000e+00    0.00000000e+00    0.00000000e+00
3439     9.90693624e-07    1.80000000e+00    0.00000000e+00    0.00000000e+00    0.00000000e+00    0.00000000e+00    0.00000000e+00    0.00000000e+00
3440     9.91387249e-07    1.80000000e+00    0.00000000e+00    0.00000000e+00    0.00000000e+00    0.00000000e+00    0.00000000e+00    0.00000000e+00
3441     9.92774498e-07    1.80000000e+00    0.00000000e+00    0.00000000e+00    0.00000000e+00    0.00000000e+00    0.00000000e+00    0.00000000e+00
3442     9.95548996e-07    1.80000000e+00    0.00000000e+00    0.00000000e+00    0.00000000e+00    0.00000000e+00    0.00000000e+00    0.00000000e+00
3443     9.99999990e-07    1.80000000e+00    0.00000000e+00    0.00000000e+00    0.00000000e+00    0.00000000e+00    0.00000000e+00    0.00000000e+00
3444     9.99999990e-07    1.78875000e+00    0.00000000e+00    0.00000000e+00    0.00000000e+00    0.00000000e+00    0.00000000e+00    0.00000000e+00
3445     9.99999990e-07    1.76624999e+00    0.00000000e+00    0.00000000e+00    0.00000000e+00    0.00000000e+00    0.00000000e+00    0.00000000e+00
3446     9.99999990e-07    1.72124997e+00    0.00000000e+00    0.00000000e+00    0.00000000e+00    0.00000000e+00    0.00000000e+00    0.00000000e+00
3447     9.99999991e-07    1.63124998e+00    0.00000000e+00    0.00000000e+00    0.00000000e+00    0.00000000e+00    0.00000000e+00    0.00000000e+00
3448     9.99999992e-07    1.45124997e+00    0.00000000e+00    0.00000000e+00    0.00000000e+00    0.00000000e+00    0.00000000e+00    0.00000000e+00
3449     9.99999994e-07    1.09124997e+00    0.00000000e+00    0.00000000e+00    0.00000000e+00    0.00000000e+00    0.00000000e+00    0.00000000e+00
3450     9.99999998e-07    3.71249965e-01    0.00000000e+00    0.00000000e+00    0.00000000e+00    0.00000000e+00    0.00000000e+00    0.00000000e+00
3451     1.00000000e-06    0.00000000e+00    0.00000000e+00    0.00000000e+00    0.00000000e+00    0.00000000e+00    0.00000000e+00    0.00000000e+00
3452     1.00000000e-06    0.00000000e+00    0.00000000e+00    0.00000000e+00    0.00000000e+00    0.00000000e+00    0.00000000e+00    0.00000000e+00
3453     1.00000000e-06    0.00000000e+00    0.00000000e+00    0.00000000e+00    0.00000000e+00    0.00000000e+00    0.00000000e+00    0.00000000e+00
3454     1.00000001e-06    0.00000000e+00    0.00000000e+00    0.00000000e+00    0.00000000e+00    0.00000000e+00    0.00000000e+00    0.00000000e+00
3455     1.00000001e-06    0.00000000e+00    0.00000000e+00    0.00000000e+00    0.00000000e+00    0.00000000e+00    0.00000000e+00    0.00000000e+00
3456     1.00000002e-06    0.00000000e+00    0.00000000e+00    0.00000000e+00    0.00000000e+00    0.00000000e+00    0.00000000e+00    0.00000000e+00
3457     1.00000005e-06    0.00000000e+00    0.00000000e+00    0.00000000e+00    0.00000000e+00    0.00000000e+00    0.00000000e+00    0.00000000e+00
3458     1.00000010e-06    0.00000000e+00    0.00000000e+00    0.00000000e+00    0.00000000e+00    0.00000000e+00    0.00000000e+00    0.00000000e+00
3459     1.00000020e-06    0.00000000e+00    0.00000000e+00    0.00000000e+00    0.00000000e+00    0.00000000e+00    0.00000000e+00    0.00000000e+00
3460     1.00000041e-06    0.00000000e+00    0.00000000e+00    0.00000000e+00    0.00000000e+00    0.00000000e+00    0.00000000e+00    0.00000000e+00
3461     1.00000082e-06    0.00000000e+00    0.00000000e+00    0.00000000e+00    0.00000000e+00    0.00000000e+00    0.00000000e+00    0.00000000e+00
3462     1.00000164e-06    0.00000000e+00    0.00000000e+00    0.00000000e+00    0.00000000e+00    0.00000000e+00    0.00000000e+00    0.00000000e+00
3463     1.00000328e-06    0.00000000e+00    0.00000000e+00    0.00000000e+00    0.00000000e+00    0.00000000e+00    0.00000000e+00    0.00000000e+00
3464     1.00000655e-06    0.00000000e+00    0.00000000e+00    0.00000000e+00    0.00000000e+00    0.00000000e+00    0.00000000e+00    0.00000000e+00
3465     1.00001311e-06    0.00000000e+00    0.00000000e+00    0.00000000e+00    0.00000000e+00    0.00000000e+00    0.00000000e+00    0.00000000e+00
3466     1.00002621e-06    0.00000000e+00    0.00000000e+00    0.00000000e+00    0.00000000e+00    0.00000000e+00    0.00000000e+00    0.00000000e+00
3467     1.00005243e-06    0.00000000e+00    0.00000000e+00    0.00000000e+00    0.00000000e+00    0.00000000e+00    0.00000000e+00    0.00000000e+00
3468     1.00010486e-06    0.00000000e+00    0.00000000e+00    0.00000000e+00    0.00000000e+00    0.00000000e+00    0.00000000e+00    0.00000000e+00
3469     1.00020971e-06    0.00000000e+00    0.00000000e+00    0.00000000e+00    0.00000000e+00    0.00000000e+00    0.00000000e+00    0.00000000e+00
3470     1.00041943e-06    0.00000000e+00    0.00000000e+00    0.00000000e+00    0.00000000e+00    0.00000000e+00    0.00000000e+00    0.00000000e+00
3471     1.00083886e-06    0.00000000e+00    0.00000000e+00    0.00000000e+00    0.00000000e+00    0.00000000e+00    0.00000000e+00    0.00000000e+00
3472     1.00167772e-06    0.00000000e+00    0.00000000e+00    0.00000000e+00    0.00000000e+00    0.00000000e+00    0.00000000e+00    0.00000000e+00
3473     1.00335544e-06    0.00000000e+00    0.00000000e+00    0.00000000e+00    0.00000000e+00    0.00000000e+00    0.00000000e+00    0.00000000e+00
3474     1.00671089e-06    0.00000000e+00    0.00000000e+00    0.00000000e+00    0.00000000e+00    0.00000000e+00    0.00000000e+00    0.00000000e+00
3475     1.01342177e-06    0.00000000e+00    0.00000000e+00    0.00000000e+00    0.00000000e+00    0.00000000e+00    0.00000000e+00    0.00000000e+00
3476     1.02684354e-06    0.00000000e+00    0.00000000e+00    0.00000000e+00    0.00000000e+00    0.00000000e+00    0.00000000e+00    0.00000000e+00
3477     1.05368709e-06    0.00000000e+00    0.00000000e+00    0.00000000e+00    0.00000000e+00    0.00000000e+00    0.00000000e+00    0.00000000e+00
3478     1.10000000e-06    0.00000000e+00    0.00000000e+00    0.00000000e+00    0.00000000e+00    0.00000000e+00    0.00000000e+00    0.00000000e+00
End of Xyce(TM) Simulation
